[ {
  "id" : "menu",
  "name" : "menu",
  "label" : "Menu",
  "required" : false,
  "locked" : false,
  "type" : "menu",
  "display_width" : null,
  "default" : "default"
}, {
  "id" : "max_levels",
  "name" : "max_levels",
  "label" : "Max levels",
  "help_text" : "Determines the number of menu tree children that can be expanded in the menu",
  "required" : true,
  "locked" : false,
  "display" : "text",
  "min" : 1,
  "max" : 3,
  "step" : 1,
  "type" : "number",
  "display_width" : null,
  "default" : 3
}, {
  "id" : "styles",
  "name" : "styles",
  "label" : "Styles",
  "required" : false,
  "locked" : false,
  "children" : [ {
    "id" : "styles.text",
    "name" : "text",
    "label" : "Text",
    "required" : false,
    "locked" : false,
    "children" : [ {
      "id" : "styles.text.color",
      "name" : "color",
      "label" : "Color",
      "required" : false,
      "locked" : false,
      "visibility" : {
        "controlling_field" : null,
        "controlling_field_path" : null,
        "controlling_value_regex" : null,
        "property" : null,
        "operator" : null,
        "access" : null,
        "hidden_subfields" : {
          "opacity" : true
        }
      },
      "type" : "color",
      "display_width" : null,
      "default" : {
        "color" : null,
        "opacity" : null,
        "rgba" : null,
        "rgb" : null,
        "hex" : null
      }
    } ],
    "tab" : "STYLE",
    "expanded" : false,
    "group_occurrence_meta" : null,
    "type" : "group",
    "display_width" : null
  }, {
    "id" : "styles.drop_downs",
    "name" : "drop_downs",
    "label" : "Drop downs",
    "required" : false,
    "locked" : false,
    "children" : [ {
      "id" : "styles.drop_downs.text",
      "name" : "text",
      "label" : "Text",
      "required" : false,
      "locked" : false,
      "children" : [ {
        "id" : "styles.drop_downs.text.color",
        "name" : "color",
        "label" : "Color",
        "required" : false,
        "locked" : false,
        "visibility" : {
          "controlling_field" : null,
          "controlling_field_path" : null,
          "controlling_value_regex" : null,
          "property" : null,
          "operator" : null,
          "access" : null,
          "hidden_subfields" : {
            "opacity" : true
          }
        },
        "type" : "color",
        "display_width" : null,
        "default" : {
          "color" : null,
          "opacity" : null,
          "rgba" : null,
          "rgb" : null,
          "hex" : null
        }
      } ],
      "tab" : "STYLE",
      "expanded" : false,
      "group_occurrence_meta" : null,
      "type" : "group",
      "display_width" : null
    }, {
      "id" : "styles.drop_downs.background",
      "name" : "background",
      "label" : "Background",
      "required" : false,
      "locked" : false,
      "children" : [ {
        "id" : "styles.drop_downs.background.color",
        "name" : "color",
        "label" : "Color",
        "required" : false,
        "locked" : false,
        "type" : "color",
        "display_width" : null,
        "default" : {
          "color" : null,
          "opacity" : null,
          "rgba" : null,
          "rgb" : null,
          "hex" : null
        }
      } ],
      "tab" : "STYLE",
      "expanded" : false,
      "group_occurrence_meta" : null,
      "type" : "group",
      "display_width" : null
    }, {
      "id" : "styles.drop_downs.border",
      "name" : "border",
      "label" : "Border",
      "required" : false,
      "locked" : false,
      "children" : [ {
        "id" : "styles.drop_downs.border.border",
        "name" : "border",
        "label" : "Border",
        "required" : false,
        "locked" : false,
        "allow_custom_border_sides" : false,
        "type" : "border",
        "display_width" : null,
        "default" : { }
      } ],
      "tab" : "STYLE",
      "expanded" : false,
      "group_occurrence_meta" : null,
      "type" : "group",
      "display_width" : null
    } ],
    "tab" : "STYLE",
    "expanded" : false,
    "group_occurrence_meta" : null,
    "type" : "group",
    "display_width" : null
  } ],
  "tab" : "STYLE",
  "expanded" : false,
  "group_occurrence_meta" : null,
  "type" : "group",
  "display_width" : null
} ]