[ {
  "id" : "card",
  "name" : "card",
  "label" : "Card",
  "required" : false,
  "locked" : false,
  "occurrence" : {
    "min" : 1,
    "max" : null,
    "sorting_label_field" : "card.title",
    "default" : 3
  },
  "children" : [ {
    "id" : "card.image",
    "name" : "image",
    "label" : "Image",
    "required" : false,
    "locked" : false,
    "responsive" : true,
    "resizable" : true,
    "show_loading" : true,
    "type" : "image",
    "display_width" : null,
    "default" : {
      "loading" : "lazy"
    }
  }, {
    "id" : "card.text",
    "name" : "text",
    "label" : "Content",
    "required" : false,
    "locked" : false,
    "enabled_features" : [ "emoji", "lists", "font_size", "standard_emphasis", "block", "font_family", "alignment", "advanced_emphasis" ],
    "type" : "richtext",
    "display_width" : null,
    "default" : "<h3>This is a title</h3><p>Contextual advertising can be profitable. It can either pay for your hosting and maintenance costs for you website or it can pay for a lot more.</p>"
  } ],
  "tab" : "CONTENT",
  "expanded" : false,
  "group_occurrence_meta" : null,
  "type" : "group",
  "display_width" : null,
  "default" : [ {
    "image" : {
      "loading" : "lazy"
    },
    "text" : "<h3>This is a title</h3><p>Contextual advertising can be profitable. It can either pay for your hosting and maintenance costs for you website or it can pay for a lot more.</p>"
  }, {
    "image" : {
      "loading" : "lazy"
    },
    "text" : "<h3>This is a title</h3><p>Contextual advertising can be profitable. It can either pay for your hosting and maintenance costs for you website or it can pay for a lot more.</p>"
  }, {
    "image" : {
      "loading" : "lazy"
    },
    "text" : "<h3>This is a title</h3><p>Contextual advertising can be profitable. It can either pay for your hosting and maintenance costs for you website or it can pay for a lot more.</p>"
  } ]
}, {
  "id" : "styles",
  "name" : "styles",
  "label" : "Styles",
  "required" : false,
  "locked" : false,
  "children" : [ {
    "id" : "styles.image",
    "name" : "image",
    "label" : "Image",
    "required" : false,
    "locked" : false,
    "children" : [ {
      "id" : "styles.image.corner",
      "name" : "corner",
      "label" : "Corner",
      "required" : false,
      "locked" : false,
      "children" : [ {
        "id" : "styles.image.corner.radius",
        "name" : "radius",
        "label" : "Radius",
        "required" : false,
        "locked" : false,
        "display" : "text",
        "max" : 100,
        "step" : 1,
        "suffix" : "px",
        "type" : "number",
        "display_width" : null
      } ],
      "tab" : "STYLE",
      "expanded" : false,
      "group_occurrence_meta" : null,
      "type" : "group",
      "display_width" : null
    } ],
    "tab" : "STYLE",
    "expanded" : false,
    "group_occurrence_meta" : null,
    "type" : "group",
    "display_width" : null
  }, {
    "id" : "styles.card",
    "name" : "card",
    "label" : "Card",
    "required" : false,
    "locked" : false,
    "children" : [ {
      "id" : "styles.card.background",
      "name" : "background",
      "label" : "Background",
      "required" : false,
      "locked" : false,
      "children" : [ {
        "id" : "styles.card.background.background_type",
        "name" : "background_type",
        "label" : "Background type",
        "required" : false,
        "locked" : false,
        "display" : "radio",
        "choices" : [ [ "none", "None" ], [ "color", "Color" ], [ "gradient", "Gradient" ], [ "image", "Image" ] ],
        "multiple" : false,
        "reordering_enabled" : true,
        "preset" : null,
        "type" : "choice",
        "display_width" : null,
        "default" : "none"
      }, {
        "id" : "styles.card.background.color",
        "name" : "color",
        "label" : "Color",
        "required" : false,
        "locked" : false,
        "visibility" : {
          "controlling_field" : "styles.card.background.background_type",
          "controlling_field_path" : null,
          "controlling_value_regex" : "color",
          "property" : null,
          "operator" : "EQUAL",
          "access" : null
        },
        "type" : "color",
        "display_width" : null,
        "default" : {
          "color" : null,
          "opacity" : null,
          "rgba" : null,
          "rgb" : null,
          "hex" : null
        }
      }, {
        "id" : "styles.card.background.gradient",
        "name" : "gradient",
        "label" : "Gradient",
        "required" : false,
        "locked" : false,
        "visibility" : {
          "controlling_field" : "styles.card.background.background_type",
          "controlling_field_path" : null,
          "controlling_value_regex" : "gradient",
          "property" : null,
          "operator" : "EQUAL",
          "access" : null
        },
        "type" : "gradient",
        "display_width" : null,
        "default" : { }
      }, {
        "id" : "styles.card.background.image",
        "name" : "image",
        "label" : "Image",
        "required" : false,
        "locked" : false,
        "visibility" : {
          "controlling_field" : "styles.card.background.background_type",
          "controlling_field_path" : null,
          "controlling_value_regex" : "image",
          "property" : null,
          "operator" : "EQUAL",
          "access" : null
        },
        "type" : "backgroundimage",
        "display_width" : null,
        "default" : {
          "src" : "",
          "background_position" : "MIDDLE_CENTER",
          "background_size" : "cover"
        }
      } ],
      "tab" : "STYLE",
      "expanded" : false,
      "group_occurrence_meta" : null,
      "type" : "group",
      "display_width" : null
    }, {
      "id" : "styles.card.border",
      "name" : "border",
      "label" : "Border",
      "required" : false,
      "locked" : false,
      "children" : [ {
        "id" : "styles.card.border.border",
        "name" : "border",
        "label" : "Border",
        "required" : false,
        "locked" : false,
        "allow_custom_border_sides" : false,
        "type" : "border",
        "display_width" : null,
        "default" : { }
      } ],
      "tab" : "STYLE",
      "expanded" : false,
      "group_occurrence_meta" : null,
      "type" : "group",
      "display_width" : null
    }, {
      "id" : "styles.card.corner",
      "name" : "corner",
      "label" : "Corner",
      "required" : false,
      "locked" : false,
      "children" : [ {
        "id" : "styles.card.corner.radius",
        "name" : "radius",
        "label" : "Radius",
        "required" : false,
        "locked" : false,
        "display" : "text",
        "max" : 100,
        "step" : 1,
        "suffix" : "px",
        "type" : "number",
        "display_width" : null
      } ],
      "tab" : "STYLE",
      "expanded" : false,
      "group_occurrence_meta" : null,
      "type" : "group",
      "display_width" : null
    }, {
      "id" : "styles.card.spacing",
      "name" : "spacing",
      "label" : "Spacing",
      "required" : false,
      "locked" : false,
      "children" : [ {
        "id" : "styles.card.spacing.spacing",
        "name" : "spacing",
        "label" : "Spacing",
        "required" : false,
        "locked" : false,
        "type" : "spacing",
        "display_width" : null,
        "default" : { }
      } ],
      "tab" : "STYLE",
      "expanded" : false,
      "group_occurrence_meta" : null,
      "type" : "group",
      "display_width" : null
    } ],
    "tab" : "STYLE",
    "expanded" : false,
    "group_occurrence_meta" : null,
    "type" : "group",
    "display_width" : null
  } ],
  "tab" : "STYLE",
  "expanded" : false,
  "group_occurrence_meta" : null,
  "type" : "group",
  "display_width" : null
} ]