[ {
  "id" : "50355da0-4c53-2959-1834-57e68ec9e704",
  "name" : "enable_left_menu",
  "label" : "Enable Left Menu",
  "required" : false,
  "locked" : false,
  "display" : "toggle",
  "type" : "boolean",
  "display_width" : null,
  "default" : true
}, {
  "id" : "ctas_left",
  "name" : "ctas_left",
  "label" : "Menu Left",
  "required" : false,
  "locked" : false,
  "occurrence" : {
    "min" : 0,
    "max" : null,
    "sorting_label_field" : null,
    "default" : 1
  },
  "visibility" : {
    "controlling_field" : null,
    "controlling_field_path" : "enable_left_menu",
    "controlling_value_regex" : "true",
    "property" : null,
    "operator" : "EQUAL",
    "access" : null
  },
  "children" : [ {
    "id" : "ctas_left.cta_type",
    "name" : "cta_type",
    "label" : "CTA Type",
    "required" : true,
    "locked" : false,
    "display" : "select",
    "choices" : [ [ "btn", "Button" ], [ "modal", "Modal" ] ],
    "multiple" : false,
    "reordering_enabled" : true,
    "preset" : null,
    "type" : "choice",
    "display_width" : null,
    "default" : "btn"
  }, {
    "id" : "ctas_left.cta_style",
    "name" : "cta_style",
    "label" : "CTA Style",
    "required" : true,
    "locked" : false,
    "visibility" : {
      "controlling_field" : "ctas_left.cta_type",
      "controlling_field_path" : null,
      "controlling_value_regex" : "none",
      "property" : null,
      "operator" : "NOT_EQUAL",
      "access" : null
    },
    "display" : "select",
    "choices" : [ [ "primary", "Primary" ], [ "secondary", "Secondary" ], [ "tertiary", "Tertiary" ], [ "white", "White" ], [ "black", "Black" ], [ "dark", "Dark" ], [ "light", "Light" ], [ "success", "Success" ], [ "info", "Info" ], [ "warning", "Warning" ], [ "danger", "Danger" ], [ "outline-primary", "Outline Primary" ], [ "outline-secondary", "Outline Secondary" ], [ "outline-tertiary", "Outline Tertiary" ], [ "outline-white", "Outline White" ], [ "outline-black", "Outline Black" ], [ "outline-dark", "Outline Dark" ], [ "outline-light", "Outline Light" ], [ "outline-success", "Outline Success" ], [ "outline-info", "Outline Info" ], [ "outline-warning", "Outline Warning" ], [ "outline-danger", "Outline Danger" ], [ "none", "None" ] ],
    "multiple" : false,
    "reordering_enabled" : true,
    "preset" : null,
    "type" : "choice",
    "display_width" : null,
    "default" : "none"
  }, {
    "id" : "ctas_left.button_text",
    "name" : "button_text",
    "label" : "Button Text",
    "required" : false,
    "locked" : false,
    "validation_regex" : "",
    "visibility" : {
      "controlling_field" : "ctas_left.cta_type",
      "controlling_field_path" : null,
      "controlling_value_regex" : "btn|modal",
      "property" : null,
      "operator" : "MATCHES_REGEX",
      "access" : null
    },
    "allow_new_line" : false,
    "show_emoji_picker" : false,
    "type" : "text",
    "display_width" : null,
    "default" : "Blog"
  }, {
    "id" : "ctas_left.modal_target",
    "name" : "modal_target",
    "label" : "Modal Target",
    "required" : false,
    "locked" : false,
    "validation_regex" : "",
    "visibility" : {
      "controlling_field" : "ctas_left.cta_type",
      "controlling_field_path" : null,
      "controlling_value_regex" : "modal",
      "property" : null,
      "operator" : "EQUAL",
      "access" : null
    },
    "allow_new_line" : false,
    "show_emoji_picker" : false,
    "type" : "text",
    "display_width" : null,
    "default" : "demo"
  }, {
    "id" : "ctas_left.link",
    "name" : "link",
    "label" : "Link",
    "required" : false,
    "locked" : false,
    "visibility" : {
      "controlling_field" : "ctas_left.cta_type",
      "controlling_field_path" : null,
      "controlling_value_regex" : "btn",
      "property" : null,
      "operator" : "EQUAL",
      "access" : null
    },
    "supported_types" : [ "EXTERNAL", "CONTENT", "FILE", "EMAIL_ADDRESS", "BLOG", "CALL_TO_ACTION", "PHONE_NUMBER", "PAYMENT" ],
    "show_advanced_rel_options" : true,
    "type" : "link",
    "display_width" : null,
    "default" : {
      "url" : {
        "type" : "EXTERNAL",
        "href" : "#",
        "content_id" : null
      },
      "open_in_new_tab" : false,
      "no_follow" : false
    }
  }, {
    "id" : "ctas_left.cta_size",
    "name" : "cta_size",
    "label" : "CTA Size",
    "required" : true,
    "locked" : false,
    "visibility" : {
      "controlling_field" : "ctas_left.cta_type",
      "controlling_field_path" : null,
      "controlling_value_regex" : "none",
      "property" : null,
      "operator" : "NOT_EQUAL",
      "access" : null
    },
    "display" : "select",
    "choices" : [ [ "sm", "Small" ], [ "md", "Default" ], [ "lg", "Large" ] ],
    "multiple" : false,
    "reordering_enabled" : true,
    "preset" : null,
    "type" : "choice",
    "display_width" : null,
    "default" : "md"
  }, {
    "id" : "ctas_left.add_icon",
    "name" : "add_icon",
    "label" : "Add icon",
    "required" : false,
    "locked" : false,
    "display" : "checkbox",
    "type" : "boolean",
    "display_width" : null,
    "default" : false
  }, {
    "id" : "ctas_left.icon",
    "name" : "icon",
    "label" : "Icon",
    "required" : false,
    "locked" : false,
    "visibility" : {
      "controlling_field" : "ctas_left.add_icon",
      "controlling_field_path" : null,
      "controlling_value_regex" : "true",
      "property" : null,
      "operator" : "EQUAL",
      "access" : null
    },
    "children" : [ {
      "id" : "ctas_left.icon.icon",
      "name" : "icon",
      "label" : "Icon",
      "required" : true,
      "locked" : false,
      "icon_set" : "fontawesome-6.4.2",
      "type" : "icon",
      "display_width" : null,
      "default" : {
        "name" : "arrow-right",
        "unicode" : "f061",
        "type" : "SOLID"
      }
    }, {
      "id" : "ctas_left.icon.position",
      "name" : "position",
      "label" : "Position",
      "required" : true,
      "locked" : false,
      "display" : "select",
      "choices" : [ [ "left", "Left" ], [ "right", "Right" ] ],
      "multiple" : false,
      "reordering_enabled" : true,
      "preset" : null,
      "type" : "choice",
      "display_width" : null,
      "default" : "right"
    } ],
    "tab" : "CONTENT",
    "expanded" : true,
    "group_occurrence_meta" : null,
    "type" : "group",
    "display_width" : null,
    "default" : {
      "icon" : {
        "name" : "arrow-right",
        "unicode" : "f061",
        "type" : "SOLID"
      },
      "position" : "right"
    }
  } ],
  "tab" : "CONTENT",
  "expanded" : false,
  "group_occurrence_meta" : null,
  "type" : "group",
  "display_width" : null,
  "default" : [ {
    "cta_type" : "btn",
    "cta_style" : "none",
    "cta" : "",
    "button_text" : "Blog",
    "modal_target" : "demo",
    "link" : {
      "url" : {
        "type" : "EXTERNAL",
        "href" : "#",
        "content_id" : null
      },
      "open_in_new_tab" : false,
      "no_follow" : false
    },
    "cta_size" : "md",
    "add_icon" : false,
    "icon" : {
      "icon" : {
        "name" : "arrow-right",
        "unicode" : "f061",
        "type" : "SOLID"
      },
      "position" : "right"
    }
  } ]
}, {
  "id" : "c7e15280-c433-bf50-72a7-b63894fd22f2",
  "name" : "enable_right_menu",
  "label" : "Enable Right Menu",
  "required" : false,
  "locked" : false,
  "display" : "toggle",
  "type" : "boolean",
  "display_width" : null,
  "default" : false
}, {
  "id" : "ctas_right",
  "name" : "ctas_right",
  "label" : "Menu Right",
  "required" : false,
  "locked" : false,
  "occurrence" : {
    "min" : 0,
    "max" : null,
    "sorting_label_field" : null,
    "default" : 0
  },
  "visibility" : {
    "controlling_field" : null,
    "controlling_field_path" : "enable_right_menu",
    "controlling_value_regex" : "true",
    "property" : null,
    "operator" : "EQUAL",
    "access" : null
  },
  "children" : [ {
    "id" : "ctas_right.cta_type",
    "name" : "cta_type",
    "label" : "CTA Type",
    "required" : true,
    "locked" : false,
    "display" : "select",
    "choices" : [ [ "btn", "Button" ], [ "modal", "Modal" ] ],
    "multiple" : false,
    "reordering_enabled" : true,
    "preset" : null,
    "type" : "choice",
    "display_width" : null,
    "default" : "btn"
  }, {
    "id" : "ctas_right.cta_style",
    "name" : "cta_style",
    "label" : "CTA Style",
    "required" : true,
    "locked" : false,
    "visibility" : {
      "controlling_field" : "ctas_right.cta_type",
      "controlling_field_path" : null,
      "controlling_value_regex" : "none",
      "property" : null,
      "operator" : "NOT_EQUAL",
      "access" : null
    },
    "display" : "select",
    "choices" : [ [ "primary", "Primary" ], [ "secondary", "Secondary" ], [ "tertiary", "Tertiary" ], [ "white", "White" ], [ "black", "Black" ], [ "dark", "Dark" ], [ "light", "Light" ], [ "success", "Success" ], [ "info", "Info" ], [ "warning", "Warning" ], [ "danger", "Danger" ], [ "outline-primary", "Outline Primary" ], [ "outline-secondary", "Outline Secondary" ], [ "outline-tertiary", "Outline Tertiary" ], [ "outline-white", "Outline White" ], [ "outline-black", "Outline Black" ], [ "outline-dark", "Outline Dark" ], [ "outline-light", "Outline Light" ], [ "outline-success", "Outline Success" ], [ "outline-info", "Outline Info" ], [ "outline-warning", "Outline Warning" ], [ "outline-danger", "Outline Danger" ], [ "none", "None" ] ],
    "multiple" : false,
    "reordering_enabled" : true,
    "preset" : null,
    "type" : "choice",
    "display_width" : null,
    "default" : "none"
  }, {
    "id" : "ctas_right.button_text",
    "name" : "button_text",
    "label" : "Button Text",
    "required" : false,
    "locked" : false,
    "validation_regex" : "",
    "visibility" : {
      "controlling_field" : "ctas_right.cta_type",
      "controlling_field_path" : null,
      "controlling_value_regex" : "btn|modal",
      "property" : null,
      "operator" : "MATCHES_REGEX",
      "access" : null
    },
    "allow_new_line" : false,
    "show_emoji_picker" : false,
    "type" : "text",
    "display_width" : null,
    "default" : "Home"
  }, {
    "id" : "ctas_right.modal_target",
    "name" : "modal_target",
    "label" : "Modal Target",
    "required" : false,
    "locked" : false,
    "validation_regex" : "",
    "visibility" : {
      "controlling_field" : "ctas_right.cta_type",
      "controlling_field_path" : null,
      "controlling_value_regex" : "modal",
      "property" : null,
      "operator" : "EQUAL",
      "access" : null
    },
    "allow_new_line" : false,
    "show_emoji_picker" : false,
    "type" : "text",
    "display_width" : null,
    "default" : "demo"
  }, {
    "id" : "ctas_right.link",
    "name" : "link",
    "label" : "Link",
    "required" : false,
    "locked" : false,
    "visibility" : {
      "controlling_field" : "ctas_right.cta_type",
      "controlling_field_path" : null,
      "controlling_value_regex" : "btn",
      "property" : null,
      "operator" : "EQUAL",
      "access" : null
    },
    "supported_types" : [ "EXTERNAL", "CONTENT", "FILE", "EMAIL_ADDRESS", "BLOG", "CALL_TO_ACTION", "PHONE_NUMBER", "PAYMENT" ],
    "show_advanced_rel_options" : true,
    "type" : "link",
    "display_width" : null,
    "default" : {
      "url" : {
        "type" : "EXTERNAL",
        "href" : "#",
        "content_id" : null
      },
      "open_in_new_tab" : false,
      "no_follow" : false
    }
  }, {
    "id" : "ctas_right.cta_size",
    "name" : "cta_size",
    "label" : "CTA Size",
    "required" : true,
    "locked" : false,
    "visibility" : {
      "controlling_field" : "ctas_right.cta_type",
      "controlling_field_path" : null,
      "controlling_value_regex" : "none",
      "property" : null,
      "operator" : "NOT_EQUAL",
      "access" : null
    },
    "display" : "select",
    "choices" : [ [ "sm", "Small" ], [ "md", "Default" ], [ "lg", "Large" ] ],
    "multiple" : false,
    "reordering_enabled" : true,
    "preset" : null,
    "type" : "choice",
    "display_width" : null,
    "default" : "md"
  }, {
    "id" : "ctas_right.add_icon",
    "name" : "add_icon",
    "label" : "Add icon",
    "required" : false,
    "locked" : false,
    "display" : "checkbox",
    "type" : "boolean",
    "display_width" : null,
    "default" : false
  }, {
    "id" : "ctas_right.icon",
    "name" : "icon",
    "label" : "Icon",
    "required" : false,
    "locked" : false,
    "visibility" : {
      "controlling_field" : "ctas_right.add_icon",
      "controlling_field_path" : null,
      "controlling_value_regex" : "true",
      "property" : null,
      "operator" : "EQUAL",
      "access" : null
    },
    "children" : [ {
      "id" : "ctas_right.icon.icon",
      "name" : "icon",
      "label" : "Icon",
      "required" : true,
      "locked" : false,
      "icon_set" : "fontawesome-6.4.2",
      "type" : "icon",
      "display_width" : null,
      "default" : {
        "name" : "arrow-right",
        "unicode" : "f061",
        "type" : "SOLID"
      }
    }, {
      "id" : "ctas_right.icon.position",
      "name" : "position",
      "label" : "Position",
      "required" : true,
      "locked" : false,
      "display" : "select",
      "choices" : [ [ "left", "Left" ], [ "right", "Right" ] ],
      "multiple" : false,
      "reordering_enabled" : true,
      "preset" : null,
      "type" : "choice",
      "display_width" : null,
      "default" : "right"
    } ],
    "tab" : "CONTENT",
    "expanded" : true,
    "group_occurrence_meta" : null,
    "type" : "group",
    "display_width" : null,
    "default" : {
      "icon" : {
        "name" : "arrow-right",
        "unicode" : "f061",
        "type" : "SOLID"
      },
      "position" : "right"
    }
  } ],
  "tab" : "CONTENT",
  "expanded" : false,
  "group_occurrence_meta" : null,
  "type" : "group",
  "display_width" : null,
  "default" : [ ]
}, {
  "id" : "47c8feb9-2697-3d2e-0ef4-1da509eec865",
  "name" : "categories",
  "label" : "Categories Button",
  "required" : false,
  "locked" : false,
  "children" : [ {
    "id" : "3daa4f57-2306-b566-78f3-82644c03aa4e",
    "name" : "enabled",
    "label" : "Enabled",
    "required" : false,
    "locked" : false,
    "display" : "checkbox",
    "type" : "boolean",
    "display_width" : null,
    "default" : true
  }, {
    "id" : "3e89491a-ef43-e856-7d61-a912ea92cc2e",
    "name" : "cta_style",
    "label" : "CTA Style",
    "required" : true,
    "locked" : false,
    "display" : "select",
    "choices" : [ [ "primary", "Primary" ], [ "secondary", "Secondary" ], [ "tertiary", "Tertiary" ], [ "white", "White" ], [ "black", "Black" ], [ "dark", "Dark" ], [ "light", "Light" ], [ "success", "Success" ], [ "info", "Info" ], [ "warning", "Warning" ], [ "danger", "Danger" ], [ "outline-primary", "Outline Primary" ], [ "outline-secondary", "Outline Secondary" ], [ "outline-tertiary", "Outline Tertiary" ], [ "outline-white", "Outline White" ], [ "outline-black", "Outline Black" ], [ "outline-dark", "Outline Dark" ], [ "outline-light", "Outline Light" ], [ "outline-success", "Outline Success" ], [ "outline-info", "Outline Info" ], [ "outline-warning", "Outline Warning" ], [ "outline-danger", "Outline Danger" ], [ "none", "None" ] ],
    "multiple" : false,
    "reordering_enabled" : true,
    "preset" : null,
    "type" : "choice",
    "display_width" : null,
    "default" : "none"
  }, {
    "id" : "74db3b2f-4ab6-e5f4-28e8-a82a0a351788",
    "name" : "button_text",
    "label" : "Button Text",
    "required" : false,
    "locked" : false,
    "validation_regex" : "",
    "allow_new_line" : false,
    "show_emoji_picker" : false,
    "type" : "text",
    "display_width" : null,
    "default" : "Categories"
  }, {
    "id" : "0ba143df-bfd9-7b19-2cff-74a94956afb7",
    "name" : "cta_size",
    "label" : "CTA Size",
    "required" : true,
    "locked" : false,
    "display" : "select",
    "choices" : [ [ "sm", "Small" ], [ "md", "Default" ], [ "lg", "Large" ] ],
    "multiple" : false,
    "reordering_enabled" : true,
    "preset" : null,
    "type" : "choice",
    "display_width" : null,
    "default" : "md"
  } ],
  "tab" : "CONTENT",
  "expanded" : false,
  "group_occurrence_meta" : null,
  "type" : "group",
  "display_width" : null,
  "default" : {
    "enabled" : true,
    "cta_style" : "none",
    "button_text" : "Categories",
    "cta_size" : "md"
  }
}, {
  "id" : "183a3c33-3dd4-f324-1f8d-4c89b81563a3",
  "name" : "design_settings",
  "label" : "Design Settings",
  "required" : false,
  "locked" : true,
  "children" : [ {
    "id" : "design_settings.layout",
    "name" : "layout",
    "label" : "Layout",
    "help_text" : "",
    "required" : true,
    "locked" : false,
    "display" : "select",
    "choices" : [ [ "container", "Default" ], [ "container container-small", "Small" ], [ "container container-large", "Large" ], [ "container-fluid", "Full Width" ] ],
    "multiple" : false,
    "reordering_enabled" : true,
    "preset" : null,
    "type" : "choice",
    "display_width" : null,
    "default" : "container"
  }, {
    "id" : "design_settings.container_width",
    "name" : "container_width",
    "label" : "Container Width",
    "help_text" : "<strong>Maximum:</strong> 100% of the container<br><br>\n<strong>Wide:</strong> 83% of the container<br><br>\n<strong>Narrow:</strong> 66% of the container<br><br>\n<strong>Minimum:</strong> 50% of the container",
    "required" : true,
    "locked" : false,
    "display" : "select",
    "choices" : [ [ "min", "Minimum" ], [ "narrow", "Narrow" ], [ "wide", "Wide" ], [ "max", "Maximum" ] ],
    "multiple" : false,
    "reordering_enabled" : true,
    "preset" : null,
    "type" : "choice",
    "display_width" : null,
    "default" : "max"
  }, {
    "id" : "95756350-f084-20be-f79b-0253f21a416d",
    "name" : "background_color",
    "label" : "Background Color",
    "required" : false,
    "locked" : false,
    "type" : "color",
    "display_width" : null,
    "default" : {
      "color" : "#232031",
      "opacity" : 100
    }
  }, {
    "id" : "b893fbae-9b64-fe12-b267-9470f08c2b2b",
    "name" : "text_color",
    "label" : "Text Color",
    "required" : false,
    "locked" : false,
    "type" : "color",
    "display_width" : null,
    "default" : {
      "color" : "#ffffff",
      "opacity" : 100
    }
  }, {
    "id" : "5fd7081c-1a27-b9e6-ba69-22a623eb8239",
    "name" : "spacing_field",
    "label" : "Spacing",
    "required" : false,
    "locked" : false,
    "type" : "spacing",
    "display_width" : null,
    "default" : {
      "padding" : {
        "top" : {
          "value" : 1,
          "units" : "rem"
        },
        "bottom" : {
          "value" : 1,
          "units" : "rem"
        },
        "left" : {
          "value" : 0,
          "units" : "rem"
        },
        "right" : {
          "value" : 0,
          "units" : "rem"
        }
      }
    }
  } ],
  "tab" : "STYLE",
  "expanded" : false,
  "group_occurrence_meta" : null,
  "type" : "group",
  "display_width" : null,
  "default" : {
    "background_color" : {
      "color" : "#232031",
      "opacity" : 100
    },
    "text_color" : {
      "color" : "#ffffff",
      "opacity" : 100
    },
    "spacing_field" : {
      "padding" : {
        "top" : {
          "value" : 1,
          "units" : "rem"
        },
        "bottom" : {
          "value" : 1,
          "units" : "rem"
        },
        "left" : {
          "value" : 0,
          "units" : "rem"
        },
        "right" : {
          "value" : 0,
          "units" : "rem"
        }
      }
    }
  }
}, {
  "id" : "23b504e6-fb9b-f05b-dcc8-6ec6222fe4f1",
  "name" : "search",
  "label" : "Search",
  "required" : false,
  "locked" : false,
  "children" : [ {
    "id" : "search.enabled",
    "name" : "enabled",
    "label" : "Enabled",
    "required" : false,
    "locked" : false,
    "display" : "checkbox",
    "type" : "boolean",
    "display_width" : null,
    "default" : true
  }, {
    "id" : "e75bef76-6568-6550-8840-1d97bfc93c0b",
    "name" : "placeholder",
    "label" : "Placeholder text",
    "required" : false,
    "locked" : false,
    "validation_regex" : "",
    "allow_new_line" : false,
    "show_emoji_picker" : false,
    "type" : "text",
    "display_width" : null,
    "default" : "Search"
  }, {
    "id" : "132b5655-eccf-c251-9ed4-d04901e91987",
    "name" : "include_search_button",
    "label" : "Include search button",
    "required" : false,
    "locked" : false,
    "display" : "checkbox",
    "type" : "boolean",
    "display_width" : null,
    "default" : true
  }, {
    "id" : "346180f5-0d36-e8df-aca9-a74bfa2d79a4",
    "name" : "content_types",
    "label" : "Search results include",
    "required" : false,
    "locked" : false,
    "children" : [ {
      "id" : "71d525ff-37c4-6c64-1f96-d99dbb529816",
      "name" : "website_pages",
      "label" : "Website pages",
      "required" : false,
      "locked" : false,
      "visibility" : {
        "controlling_field" : null,
        "controlling_field_path" : null,
        "controlling_value_regex" : null,
        "property" : null,
        "operator" : "NOT_EMPTY",
        "access" : {
          "operator" : "HAS_ALL",
          "scopes" : [ "sitepages-access" ]
        }
      },
      "display" : "checkbox",
      "type" : "boolean",
      "display_width" : null,
      "default" : true
    }, {
      "id" : "d6212113-19b5-c9b9-2f92-12dfc122d00c",
      "name" : "landing_pages",
      "label" : "Landing pages",
      "required" : false,
      "locked" : false,
      "display" : "checkbox",
      "type" : "boolean",
      "display_width" : null,
      "default" : false
    }, {
      "id" : "7535615c-ed26-2e34-87ef-21c5c87ccbcb",
      "name" : "blog_posts",
      "label" : "Blog posts",
      "required" : false,
      "locked" : false,
      "display" : "checkbox",
      "type" : "boolean",
      "display_width" : null,
      "default" : true
    }, {
      "id" : "307d0eed-0cf9-7465-5715-a75c378ec61f",
      "name" : "knowledge_articles",
      "label" : "Knowledge articles",
      "required" : false,
      "locked" : false,
      "visibility" : {
        "controlling_field" : null,
        "controlling_field_path" : null,
        "controlling_value_regex" : null,
        "property" : null,
        "operator" : null,
        "access" : {
          "operator" : "HAS_ALL",
          "scopes" : [ "service-knowledge-access" ]
        }
      },
      "display" : "checkbox",
      "type" : "boolean",
      "display_width" : null,
      "default" : false
    } ],
    "tab" : "CONTENT",
    "expanded" : false,
    "group_occurrence_meta" : null,
    "type" : "group",
    "display_width" : null,
    "default" : {
      "website_pages" : true,
      "landing_pages" : false,
      "blog_posts" : true,
      "knowledge_articles" : false
    }
  } ],
  "tab" : "CONTENT",
  "expanded" : false,
  "group_occurrence_meta" : null,
  "type" : "group",
  "display_width" : null,
  "default" : {
    "enabled" : true,
    "placeholder" : "Search",
    "include_search_button" : true,
    "content_types" : {
      "website_pages" : true,
      "landing_pages" : false,
      "blog_posts" : true,
      "knowledge_articles" : false
    }
  }
} ]