[ {
  "picker" : "video",
  "id" : "background_video",
  "name" : "background_video",
  "label" : "Background Video",
  "help_text" : "Add multiple file formats in order to provide compatibility with a broad range of browsers",
  "required" : false,
  "locked" : false,
  "occurrence" : {
    "min" : 0,
    "max" : null,
    "sorting_label_field" : null,
    "default" : 1
  },
  "visibility" : {
    "controlling_field" : "design_settings.background_option",
    "controlling_field_path" : null,
    "controlling_value_regex" : "video",
    "property" : null,
    "operator" : "EQUAL",
    "access" : null
  },
  "type" : "file",
  "display_width" : null,
  "default" : [ "https://www.lean-labs.com/hubfs/sr-assets/videos/sr-bg-video.mp4" ]
}, {
  "picker" : "video",
  "id" : "background_video_md",
  "name" : "background_video_md",
  "label" : "Background Video Tablet",
  "help_text" : "This background video will only be used on tablet devices",
  "required" : false,
  "locked" : false,
  "occurrence" : {
    "min" : 0,
    "max" : null,
    "sorting_label_field" : null,
    "default" : 1
  },
  "visibility_rules" : "ADVANCED",
  "advanced_visibility" : {
    "boolean_operator" : "AND",
    "criteria" : [ {
      "controlling_field" : null,
      "controlling_field_path" : "design_settings.responsive_settings.mobile.mobile_background_option",
      "controlling_value_regex" : "custom",
      "property" : null,
      "operator" : "EQUAL",
      "access" : null
    }, {
      "controlling_field" : null,
      "controlling_field_path" : "design_settings.background_option",
      "controlling_value_regex" : "video",
      "property" : null,
      "operator" : "MATCHES_REGEX",
      "access" : null
    } ],
    "children" : [ ]
  },
  "type" : "file",
  "display_width" : null
}, {
  "picker" : "video",
  "id" : "background_video_sm",
  "name" : "background_video_sm",
  "label" : "Background Video Mobile",
  "help_text" : "This background video will only be used on mobile devices",
  "required" : false,
  "locked" : false,
  "occurrence" : {
    "min" : 0,
    "max" : null,
    "sorting_label_field" : null,
    "default" : 1
  },
  "visibility_rules" : "ADVANCED",
  "advanced_visibility" : {
    "boolean_operator" : "AND",
    "criteria" : [ {
      "controlling_field" : null,
      "controlling_field_path" : "design_settings.responsive_settings.mobile.mobile_background_option",
      "controlling_value_regex" : "custom",
      "property" : null,
      "operator" : "EQUAL",
      "access" : null
    }, {
      "controlling_field" : null,
      "controlling_field_path" : "design_settings.background_option",
      "controlling_value_regex" : "video",
      "property" : null,
      "operator" : "MATCHES_REGEX",
      "access" : null
    } ],
    "children" : [ ]
  },
  "type" : "file",
  "display_width" : null
}, {
  "id" : "enabled",
  "name" : "enabled",
  "label" : "Enabled",
  "required" : false,
  "locked" : false,
  "display" : "checkbox",
  "type" : "boolean",
  "display_width" : null,
  "default" : true
}, {
  "id" : "sr_module_id",
  "name" : "sr_module_id",
  "label" : "ID",
  "help_text" : "Assign a ID to the module",
  "required" : false,
  "locked" : false,
  "validation_regex" : "",
  "allow_new_line" : false,
  "show_emoji_picker" : false,
  "type" : "text",
  "display_width" : "half_width"
}, {
  "id" : "class",
  "name" : "class",
  "label" : "Class",
  "help_text" : "Assign a CLASS to the module",
  "required" : false,
  "locked" : false,
  "validation_regex" : "",
  "allow_new_line" : false,
  "show_emoji_picker" : false,
  "type" : "text",
  "display_width" : "half_width"
}, {
  "id" : "design_settings",
  "name" : "design_settings",
  "label" : "Design Settings",
  "required" : false,
  "locked" : false,
  "children" : [ {
    "id" : "design_settings.card_styles",
    "name" : "card_styles",
    "label" : "Card Styles",
    "help_text" : "",
    "inline_help_text" : "",
    "required" : false,
    "locked" : false,
    "children" : [ {
      "id" : "card_styles.background_color",
      "name" : "background_color",
      "label" : "Background Color",
      "required" : true,
      "locked" : false,
      "display" : "select",
      "choices" : [ [ "auto", "Auto" ], [ "primary", "Primary" ], [ "secondary", "Secondary" ], [ "tertiary", "Tertiary" ], [ "white", "White" ], [ "black", "Black" ], [ "dark", "Dark" ], [ "light", "Light" ], [ "success", "Success" ], [ "info", "Info" ], [ "warning", "Warning" ], [ "danger", "Danger" ], [ "gradient", "Gradient" ], [ "gradient_one", "Gradient One" ], [ "gradient_two", "Gradient Two" ], [ "custom", "Custom" ], [ "none", "None" ] ],
      "multiple" : false,
      "reordering_enabled" : true,
      "preset" : null,
      "type" : "choice",
      "display_width" : null,
      "default" : "auto"
    }, {
      "id" : "card_styles.background_gradient",
      "name" : "background_gradient",
      "label" : "Gradient",
      "required" : false,
      "locked" : false,
      "visibility" : {
        "controlling_field" : "card_styles.background_color",
        "controlling_field_path" : null,
        "controlling_value_regex" : "gradient",
        "property" : null,
        "operator" : "EQUAL",
        "access" : null
      },
      "type" : "gradient",
      "display_width" : null,
      "default" : {
        "colors" : [ {
          "color" : {
            "a" : 1,
            "b" : 255,
            "g" : 99,
            "r" : 12
          }
        }, {
          "color" : {
            "a" : 1,
            "b" : 255,
            "g" : 151,
            "r" : 24
          }
        } ],
        "side_or_corner" : {
          "verticalSide" : "BOTTOM",
          "horizontalSide" : "RIGHT"
        }
      }
    }, {
      "id" : "card_styles.background_custom",
      "name" : "background_custom",
      "label" : "Background Color",
      "required" : false,
      "locked" : false,
      "visibility" : {
        "controlling_field" : "card_styles.background_color",
        "controlling_field_path" : null,
        "controlling_value_regex" : "custom",
        "property" : null,
        "operator" : "EQUAL",
        "access" : null
      },
      "type" : "color",
      "display_width" : null,
      "default" : {
        "color" : "#fff",
        "opacity" : 100
      }
    }, {
      "id" : "card_styles.text_color",
      "name" : "text_color",
      "label" : "Text Color",
      "required" : true,
      "locked" : false,
      "display" : "select",
      "choices" : [ [ "auto", "Auto" ], [ "primary", "Primary" ], [ "secondary", "Secondary" ], [ "tertiary", "Tertiary" ], [ "white", "White" ], [ "black", "Black" ], [ "dark", "Dark" ], [ "light", "Light" ], [ "success", "Success" ], [ "info", "Info" ], [ "warning", "Warning" ], [ "danger", "Danger" ], [ "gradient_one", "Gradient One" ], [ "gradient_two", "Gradient Two" ], [ "custom", "Custom" ] ],
      "multiple" : false,
      "reordering_enabled" : true,
      "preset" : null,
      "type" : "choice",
      "display_width" : null,
      "default" : "auto"
    }, {
      "id" : "card_styles.text_color_custom",
      "name" : "text_color_custom",
      "label" : "Text Color",
      "required" : false,
      "locked" : false,
      "visibility" : {
        "controlling_field" : "card_styles.text_color",
        "controlling_field_path" : null,
        "controlling_value_regex" : "custom",
        "property" : null,
        "operator" : "EQUAL",
        "access" : null
      },
      "type" : "color",
      "display_width" : null,
      "default" : {
        "color" : "#87909e",
        "opacity" : 100
      }
    }, {
      "id" : "card_styles.spacing",
      "name" : "spacing",
      "label" : "Spacing",
      "required" : false,
      "locked" : false,
      "type" : "spacing",
      "display_width" : null,
      "default" : {
        "margin" : null,
        "padding" : {
          "top" : {
            "units" : "rem",
            "value" : 3.5
          },
          "left" : {
            "units" : "rem",
            "value" : 2.95
          },
          "right" : {
            "units" : "rem",
            "value" : 2.95
          },
          "bottom" : {
            "units" : "rem",
            "value" : 3.5
          }
        }
      }
    }, {
      "id" : "design_settings.card_styles.border",
      "name" : "border",
      "label" : "Border",
      "required" : false,
      "locked" : false,
      "allow_custom_border_sides" : true,
      "type" : "border",
      "display_width" : null,
      "default" : {
        "top" : {
          "width" : {
            "value" : 0,
            "units" : "px"
          },
          "opacity" : 100,
          "style" : "solid",
          "color" : "#C0D0DE"
        },
        "right" : {
          "width" : {
            "value" : 0,
            "units" : "px"
          },
          "opacity" : 100,
          "style" : "solid",
          "color" : "#C0D0DE"
        },
        "bottom" : {
          "width" : {
            "value" : 0,
            "units" : "px"
          },
          "opacity" : 100,
          "style" : "solid",
          "color" : "#C0D0DE"
        },
        "left" : {
          "width" : {
            "value" : 0,
            "units" : "px"
          },
          "opacity" : 100,
          "style" : "solid",
          "color" : "#C0D0DE"
        }
      }
    }, {
      "id" : "design_settings.card_styles.border_radius",
      "name" : "border_radius",
      "label" : "Border Radius",
      "help_text" : "",
      "inline_help_text" : "",
      "required" : false,
      "locked" : false,
      "display" : "text",
      "step" : 1,
      "suffix" : "px",
      "type" : "number",
      "display_width" : null,
      "default" : 50
    }, {
      "id" : "design_settings.card_styles.shadow",
      "name" : "shadow",
      "label" : "Shadow",
      "help_text" : "",
      "required" : false,
      "locked" : false,
      "display" : "toggle",
      "type" : "boolean",
      "display_width" : null,
      "default" : true
    }, {
      "id" : "design_settings.card_styles.horizontal",
      "name" : "horizontal",
      "label" : "Horizontal",
      "help_text" : "A positive value puts the shadow on the right side of the box, a negative value puts the shadow on the left side of the box",
      "required" : false,
      "locked" : false,
      "visibility" : {
        "controlling_field" : "design_settings.card_styles.shadow",
        "controlling_field_path" : null,
        "controlling_value_regex" : "true",
        "property" : null,
        "operator" : "EQUAL",
        "access" : null
      },
      "display" : "text",
      "step" : 1,
      "prefix" : "",
      "suffix" : "px",
      "type" : "number",
      "display_width" : "half_width",
      "default" : 0
    }, {
      "id" : "design_settings.card_styles.vertical",
      "name" : "vertical",
      "label" : "Vertical",
      "help_text" : "The vertical offset of the shadow. A positive value puts the shadow below the box, a negative value puts the shadow above the box",
      "required" : false,
      "locked" : false,
      "visibility" : {
        "controlling_field" : "design_settings.card_styles.shadow",
        "controlling_field_path" : null,
        "controlling_value_regex" : "true",
        "property" : null,
        "operator" : "EQUAL",
        "access" : null
      },
      "display" : "text",
      "step" : 1,
      "prefix" : "",
      "suffix" : "px",
      "type" : "number",
      "display_width" : "half_width",
      "default" : 35
    }, {
      "id" : "design_settings.card_styles.blur",
      "name" : "blur",
      "label" : "Blur",
      "help_text" : "The blur radius. The higher the number, the more blurred the shadow will be",
      "required" : false,
      "locked" : false,
      "visibility" : {
        "controlling_field" : "design_settings.card_styles.shadow",
        "controlling_field_path" : null,
        "controlling_value_regex" : "true",
        "property" : null,
        "operator" : "EQUAL",
        "access" : null
      },
      "display" : "text",
      "step" : 1,
      "prefix" : "",
      "suffix" : "px",
      "type" : "number",
      "display_width" : "half_width",
      "default" : 60
    }, {
      "id" : "design_settings.card_styles.spread",
      "name" : "spread",
      "label" : "Spread",
      "help_text" : "The spread radius. A positive value increases the size of the shadow, a negative value decreases the size of the shadow",
      "required" : false,
      "locked" : false,
      "visibility" : {
        "controlling_field" : "design_settings.card_styles.shadow",
        "controlling_field_path" : null,
        "controlling_value_regex" : "true",
        "property" : null,
        "operator" : "EQUAL",
        "access" : null
      },
      "display" : "text",
      "step" : 1,
      "prefix" : "",
      "suffix" : "px",
      "type" : "number",
      "display_width" : "half_width",
      "default" : 0
    }, {
      "id" : "design_settings.card_styles.inset",
      "name" : "inset",
      "label" : "Inset",
      "help_text" : "Changes the shadow to an inner shadow",
      "required" : false,
      "locked" : false,
      "visibility" : {
        "controlling_field" : "design_settings.card_styles.shadow",
        "controlling_field_path" : null,
        "controlling_value_regex" : "true",
        "property" : null,
        "operator" : "EQUAL",
        "access" : null
      },
      "display" : "checkbox",
      "type" : "boolean",
      "display_width" : null,
      "default" : false
    }, {
      "id" : "design_settings.card_styles.color",
      "name" : "color",
      "label" : "Color",
      "help_text" : "The color of the shadow",
      "required" : false,
      "locked" : false,
      "visibility" : {
        "controlling_field" : "design_settings.card_styles.shadow",
        "controlling_field_path" : null,
        "controlling_value_regex" : "true",
        "property" : null,
        "operator" : "EQUAL",
        "access" : null
      },
      "type" : "color",
      "display_width" : null,
      "default" : {
        "color" : "#D8DFD9",
        "opacity" : 50
      }
    } ],
    "tab" : "STYLE",
    "expanded" : false,
    "group_occurrence_meta" : null,
    "type" : "group",
    "display_width" : null
  }, {
    "id" : "design_settings.layout",
    "name" : "layout",
    "label" : "Layout",
    "help_text" : "",
    "required" : true,
    "locked" : false,
    "display" : "select",
    "choices" : [ [ "container", "Default" ], [ "container container-small", "Small" ], [ "container container-large", "Large" ], [ "container-fluid", "Full Width" ] ],
    "multiple" : false,
    "reordering_enabled" : true,
    "preset" : null,
    "type" : "choice",
    "display_width" : null,
    "default" : "container"
  }, {
    "id" : "design_settings.container_width",
    "name" : "container_width",
    "label" : "Container Width",
    "help_text" : "<strong>Maximum:</strong> 100% of the container<br><br>\n<strong>Wide:</strong> 83% of the container<br><br>\n<strong>Narrow:</strong> 66% of the container<br><br>\n<strong>Minimum:</strong> 50% of the container",
    "required" : true,
    "locked" : false,
    "display" : "select",
    "choices" : [ [ "min", "Minimum" ], [ "narrow", "Narrow" ], [ "wide", "Wide" ], [ "max", "Maximum" ] ],
    "multiple" : false,
    "reordering_enabled" : true,
    "preset" : null,
    "type" : "choice",
    "display_width" : null,
    "default" : "max"
  }, {
    "id" : "design_settings.top_bottom_padding",
    "name" : "top_bottom_padding",
    "label" : "Top Bottom Padding",
    "help_text" : "<strong>Use default values:</strong> Uses any inherit padding values<br><br><strong>No Padding:</strong> Set padding to 0<br><br><strong>Small:</strong> Uses a preset small padding<br><br><strong>Large:</strong> Uses a preset large padding<br><br><strong>Custom:</strong> Custom padding",
    "required" : true,
    "locked" : false,
    "display" : "select",
    "choices" : [ [ "auto", "Use default values" ], [ "zero", "No Padding" ], [ "half", "Small padding" ], [ "full", "Large padding" ], [ "custom", "Custom padding" ] ],
    "multiple" : false,
    "reordering_enabled" : true,
    "preset" : null,
    "type" : "choice",
    "display_width" : null,
    "default" : "full"
  }, {
    "id" : "design_settings.spacing",
    "name" : "spacing",
    "label" : "Spacing",
    "required" : false,
    "locked" : false,
    "visibility" : {
      "controlling_field" : "design_settings.top_bottom_padding",
      "controlling_field_path" : null,
      "controlling_value_regex" : "custom",
      "property" : null,
      "operator" : "EQUAL",
      "access" : null
    },
    "type" : "spacing",
    "display_width" : null,
    "default" : {
      "margin" : {
        "top" : {
          "units" : "rem",
          "value" : 0
        },
        "bottom" : {
          "units" : "rem",
          "value" : 0
        }
      },
      "padding" : {
        "top" : {
          "units" : "rem",
          "value" : 6.25
        },
        "left" : {
          "units" : "rem",
          "value" : 0
        },
        "right" : {
          "units" : "rem",
          "value" : 0
        },
        "bottom" : {
          "units" : "rem",
          "value" : 6.25
        }
      }
    }
  }, {
    "id" : "design_settings.background_option",
    "name" : "background_option",
    "label" : "Background Option",
    "inline_help_text" : "For the <strong>Video</strong> option, return to the <strong>🖉 Content</strong> tab to edit the video source",
    "required" : true,
    "locked" : false,
    "display" : "select",
    "choices" : [ [ "image", "Image" ], [ "video", "Video" ], [ "color", "Color" ], [ "custom", "Custom" ], [ "gradient", "Gradient" ] ],
    "multiple" : false,
    "reordering_enabled" : true,
    "preset" : null,
    "type" : "choice",
    "display_width" : null,
    "default" : "color"
  }, {
    "id" : "design_settings.background_image",
    "name" : "background_image",
    "label" : "Background Image",
    "help_text" : "Source for background image or before the video loads",
    "required" : false,
    "locked" : false,
    "visibility" : {
      "controlling_field" : "design_settings.background_option",
      "controlling_field_path" : null,
      "controlling_value_regex" : "image",
      "property" : null,
      "operator" : "EQUAL",
      "access" : null
    },
    "type" : "backgroundimage",
    "display_width" : null,
    "default" : {
      "src" : "",
      "background_size" : "cover",
      "background_position" : "MIDDLE_CENTER"
    }
  }, {
    "id" : "design_settings.background_overlay_color",
    "name" : "background_overlay_color",
    "label" : "Background Overlay Color",
    "help_text" : "Overlay color on top of the image/video",
    "required" : false,
    "locked" : false,
    "visibility" : {
      "controlling_field" : "design_settings.background_option",
      "controlling_field_path" : null,
      "controlling_value_regex" : "image|video",
      "property" : null,
      "operator" : "MATCHES_REGEX",
      "access" : null
    },
    "type" : "color",
    "display_width" : null,
    "default" : {
      "color" : "#343a40",
      "opacity" : 30
    }
  }, {
    "id" : "design_settings.background_color",
    "name" : "background_color",
    "label" : "Background Color",
    "required" : false,
    "locked" : false,
    "visibility" : {
      "controlling_field" : "design_settings.background_option",
      "controlling_field_path" : null,
      "controlling_value_regex" : "color",
      "property" : null,
      "operator" : "EQUAL",
      "access" : null
    },
    "display" : "select",
    "choices" : [ [ "primary", "Primary" ], [ "secondary", "Secondary" ], [ "tertiary", "Tertiary" ], [ "white", "White" ], [ "black", "Black" ], [ "dark", "Dark" ], [ "light", "Light" ], [ "success", "Success" ], [ "info", "Info" ], [ "warning", "Warning" ], [ "danger", "Danger" ], [ "gradient_one", "Gradient One" ], [ "gradient_two", "Gradient Two" ], [ "none", "None" ] ],
    "multiple" : false,
    "reordering_enabled" : true,
    "preset" : null,
    "type" : "choice",
    "display_width" : null,
    "default" : "light"
  }, {
    "id" : "design_settings.background_custom",
    "name" : "background_custom",
    "label" : "Background Color",
    "help_text" : "For transparent images or before the image/video loads",
    "required" : false,
    "locked" : false,
    "visibility" : {
      "controlling_field" : "design_settings.background_option",
      "controlling_field_path" : null,
      "controlling_value_regex" : "custom|image|video",
      "property" : null,
      "operator" : "MATCHES_REGEX",
      "access" : null
    },
    "type" : "color",
    "display_width" : null,
    "default" : {
      "color" : "#fff",
      "opacity" : 100
    }
  }, {
    "id" : "design_settings.background_gradient",
    "name" : "background_gradient",
    "label" : "Background Gradient",
    "required" : false,
    "locked" : false,
    "visibility" : {
      "controlling_field" : "design_settings.background_option",
      "controlling_field_path" : null,
      "controlling_value_regex" : "gradient",
      "property" : null,
      "operator" : "EQUAL",
      "access" : null
    },
    "type" : "gradient",
    "display_width" : null,
    "default" : {
      "colors" : [ {
        "color" : {
          "a" : 1,
          "b" : 255,
          "g" : 99,
          "r" : 12
        }
      }, {
        "color" : {
          "a" : 1,
          "b" : 255,
          "g" : 151,
          "r" : 24
        }
      } ],
      "side_or_corner" : {
        "verticalSide" : "TOP",
        "horizontalSide" : "LEFT"
      }
    }
  }, {
    "id" : "b2775136-cbf8-999c-2281-662e175a3ff5",
    "name" : "fixed_background",
    "label" : "Fixed Background",
    "required" : false,
    "locked" : false,
    "visibility" : {
      "controlling_field" : "design_settings.background_option",
      "controlling_field_path" : null,
      "controlling_value_regex" : "image",
      "property" : null,
      "operator" : "EQUAL",
      "access" : null
    },
    "display" : "toggle",
    "type" : "boolean",
    "display_width" : null,
    "default" : false
  }, {
    "id" : "design_settings.text_align",
    "name" : "text_align",
    "label" : "Text Align",
    "required" : false,
    "locked" : false,
    "type" : "textalignment",
    "display_width" : "half_width",
    "default" : { }
  }, {
    "id" : "design_settings.text_color",
    "name" : "text_color",
    "label" : "Text Color",
    "help_text" : "Set to <strong>Auto</strong> to use the default text color<br><br>Set to <strong>Custom</strong> to set a custom text color",
    "required" : true,
    "locked" : false,
    "display" : "select",
    "choices" : [ [ "auto", "Auto" ], [ "primary", "Primary" ], [ "secondary", "Secondary" ], [ "tertiary", "Tertiary" ], [ "white", "White" ], [ "black", "Black" ], [ "dark", "Dark" ], [ "light", "Light" ], [ "success", "Success" ], [ "info", "Info" ], [ "warning", "Warning" ], [ "danger", "Danger" ], [ "gradient_one", "Gradient One" ], [ "gradient_two", "Gradient Two" ], [ "custom", "Custom" ] ],
    "multiple" : false,
    "reordering_enabled" : true,
    "preset" : null,
    "type" : "choice",
    "display_width" : "half_width",
    "default" : "auto"
  }, {
    "id" : "design_settings.text_color_custom",
    "name" : "text_color_custom",
    "label" : "Text Color",
    "required" : false,
    "locked" : false,
    "visibility" : {
      "controlling_field" : "design_settings.text_color",
      "controlling_field_path" : null,
      "controlling_value_regex" : "custom",
      "property" : null,
      "operator" : "EQUAL",
      "access" : null
    },
    "type" : "color",
    "display_width" : null,
    "default" : {
      "color" : "#87909e",
      "opacity" : 100
    }
  }, {
    "id" : "design_settings.border",
    "name" : "border",
    "label" : "Border",
    "required" : false,
    "locked" : false,
    "allow_custom_border_sides" : true,
    "type" : "border",
    "display_width" : null,
    "default" : {
      "top" : {
        "color" : "#e5e7ea",
        "style" : "none",
        "width" : {
          "units" : "px",
          "value" : 0
        },
        "opacity" : 100
      },
      "bottom" : {
        "color" : "#e5e7ea",
        "style" : "none",
        "width" : {
          "units" : "px",
          "value" : 0
        },
        "opacity" : 100
      }
    }
  }, {
    "id" : "design_settings.responsive_settings",
    "name" : "responsive_settings",
    "label" : "Responsive Settings",
    "required" : false,
    "locked" : false,
    "children" : [ {
      "id" : "design_settings.responsive_settings.tablet",
      "name" : "tablet",
      "label" : "Tablet",
      "inline_help_text" : "Breakpoint: 992px",
      "required" : false,
      "locked" : false,
      "children" : [ {
        "id" : "design_settings.responsive_settings.tablet.tablet_text_align",
        "name" : "tablet_text_align",
        "label" : "Text Align",
        "required" : false,
        "locked" : false,
        "type" : "textalignment",
        "display_width" : null,
        "default" : { }
      }, {
        "id" : "design_settings.responsive_settings.tablet.tablet_top_bottom_padding",
        "name" : "tablet_top_bottom_padding",
        "label" : "Top Bottom Padding",
        "required" : true,
        "locked" : false,
        "display" : "select",
        "choices" : [ [ "auto", "Use default values" ], [ "zero", "No Padding" ], [ "half", "Small padding" ], [ "full", "Large padding" ], [ "custom", "Custom Padding" ] ],
        "multiple" : false,
        "reordering_enabled" : true,
        "preset" : null,
        "type" : "choice",
        "display_width" : null,
        "default" : "auto"
      }, {
        "id" : "design_settings.responsive_settings.tablet.tablet_spacing",
        "name" : "tablet_spacing",
        "label" : "Tablet Spacing",
        "required" : false,
        "locked" : false,
        "visibility" : {
          "controlling_field" : "design_settings.responsive_settings.tablet.tablet_top_bottom_padding",
          "controlling_field_path" : null,
          "controlling_value_regex" : "custom",
          "property" : null,
          "operator" : "EQUAL",
          "access" : null
        },
        "type" : "spacing",
        "display_width" : null,
        "default" : {
          "margin" : {
            "top" : {
              "units" : "rem",
              "value" : 0
            },
            "bottom" : {
              "units" : "rem",
              "value" : 0
            }
          },
          "padding" : {
            "top" : {
              "units" : "rem",
              "value" : 3.25
            },
            "left" : {
              "units" : "rem",
              "value" : 0
            },
            "right" : {
              "units" : "rem",
              "value" : 0
            },
            "bottom" : {
              "units" : "rem",
              "value" : 3.25
            }
          }
        }
      }, {
        "id" : "design_settings.responsive_settings.tablet.tablet_background_option",
        "name" : "tablet_background_option",
        "label" : "Background Option",
        "inline_help_text" : "For the <strong>Video</strong> option, return to the <strong>🖉 Content</strong> tab to edit the video source",
        "required" : true,
        "locked" : false,
        "display" : "select",
        "choices" : [ [ "auto", "Auto" ], [ "custom", "Custom" ] ],
        "multiple" : false,
        "reordering_enabled" : true,
        "preset" : null,
        "type" : "choice",
        "display_width" : null,
        "default" : "auto"
      }, {
        "id" : "design_settings.responsive_settings.tablet.tablet_background_image",
        "name" : "tablet_background_image",
        "label" : "Background Image",
        "help_text" : "Source for background image or before the video loads",
        "required" : false,
        "locked" : false,
        "visibility_rules" : "ADVANCED",
        "advanced_visibility" : {
          "boolean_operator" : "AND",
          "criteria" : [ {
            "controlling_field" : null,
            "controlling_field_path" : "design_settings.responsive_settings.tablet.tablet_background_option",
            "controlling_value_regex" : "custom",
            "property" : null,
            "operator" : "EQUAL",
            "access" : null
          }, {
            "controlling_field" : null,
            "controlling_field_path" : "design_settings.background_option",
            "controlling_value_regex" : "image|video",
            "property" : null,
            "operator" : "MATCHES_REGEX",
            "access" : null
          } ],
          "children" : [ ]
        },
        "type" : "backgroundimage",
        "display_width" : null,
        "default" : {
          "src" : "https://www.lean-labs.com/hubfs/sr-assets/pattern-library/sr-hero-01/sr-hero-01-v2.jpg",
          "background_size" : "cover",
          "background_position" : "MIDDLE_CENTER"
        }
      }, {
        "id" : "design_settings.responsive_settings.tablet.tablet_background_overlay_color",
        "name" : "tablet_background_overlay_color",
        "label" : "Background Overlay Color",
        "help_text" : "Overlay color on top of the image/video",
        "required" : false,
        "locked" : false,
        "visibility_rules" : "ADVANCED",
        "advanced_visibility" : {
          "boolean_operator" : "AND",
          "criteria" : [ {
            "controlling_field" : null,
            "controlling_field_path" : "design_settings.responsive_settings.tablet.tablet_background_option",
            "controlling_value_regex" : "custom",
            "property" : null,
            "operator" : "EQUAL",
            "access" : null
          }, {
            "controlling_field" : null,
            "controlling_field_path" : "design_settings.background_option",
            "controlling_value_regex" : "image|video",
            "property" : null,
            "operator" : "MATCHES_REGEX",
            "access" : null
          } ],
          "children" : [ ]
        },
        "type" : "color",
        "display_width" : null,
        "default" : {
          "color" : "#343a40",
          "opacity" : 30
        }
      }, {
        "id" : "design_settings.responsive_settings.tablet.tablet_background_color",
        "name" : "tablet_background_color",
        "label" : "Background Color",
        "required" : true,
        "locked" : false,
        "visibility_rules" : "ADVANCED",
        "advanced_visibility" : {
          "boolean_operator" : "AND",
          "criteria" : [ {
            "controlling_field" : null,
            "controlling_field_path" : "design_settings.responsive_settings.tablet.tablet_background_option",
            "controlling_value_regex" : "custom",
            "property" : null,
            "operator" : "EQUAL",
            "access" : null
          }, {
            "controlling_field" : null,
            "controlling_field_path" : "design_settings.background_option",
            "controlling_value_regex" : "color",
            "property" : null,
            "operator" : "MATCHES_REGEX",
            "access" : null
          } ],
          "children" : [ ]
        },
        "display" : "select",
        "choices" : [ [ "primary", "Primary" ], [ "secondary", "Secondary" ], [ "tertiary", "Tertiary" ], [ "white", "White" ], [ "black", "Black" ], [ "dark", "Dark" ], [ "light", "Light" ], [ "success", "Success" ], [ "info", "Info" ], [ "warning", "Warning" ], [ "danger", "Danger" ], [ "none", "None" ] ],
        "multiple" : false,
        "reordering_enabled" : true,
        "preset" : null,
        "type" : "choice",
        "display_width" : null,
        "default" : "primary"
      }, {
        "id" : "design_settings.responsive_settings.tablet.tablet_background_custom",
        "name" : "tablet_background_custom",
        "label" : "Background Color",
        "help_text" : "For transparent images or before the image/video loads",
        "required" : false,
        "locked" : false,
        "visibility_rules" : "ADVANCED",
        "advanced_visibility" : {
          "boolean_operator" : "AND",
          "criteria" : [ {
            "controlling_field" : null,
            "controlling_field_path" : "design_settings.responsive_settings.tablet.tablet_background_option",
            "controlling_value_regex" : "custom",
            "property" : null,
            "operator" : "EQUAL",
            "access" : null
          }, {
            "controlling_field" : null,
            "controlling_field_path" : "design_settings.background_option",
            "controlling_value_regex" : "custom|image|video",
            "property" : null,
            "operator" : "MATCHES_REGEX",
            "access" : null
          } ],
          "children" : [ ]
        },
        "type" : "color",
        "display_width" : null,
        "default" : {
          "color" : "#fff",
          "opacity" : 100
        }
      }, {
        "id" : "design_settings.responsive_settings.tablet.tablet_background_gradient",
        "name" : "tablet_background_gradient",
        "label" : "Background Gradient",
        "required" : false,
        "locked" : false,
        "visibility_rules" : "ADVANCED",
        "advanced_visibility" : {
          "boolean_operator" : "AND",
          "criteria" : [ {
            "controlling_field" : null,
            "controlling_field_path" : "design_settings.responsive_settings.tablet.tablet_background_option",
            "controlling_value_regex" : "custom",
            "property" : null,
            "operator" : "EQUAL",
            "access" : null
          }, {
            "controlling_field" : null,
            "controlling_field_path" : "design_settings.background_option",
            "controlling_value_regex" : "gradient",
            "property" : null,
            "operator" : "MATCHES_REGEX",
            "access" : null
          } ],
          "children" : [ ]
        },
        "type" : "gradient",
        "display_width" : null,
        "default" : {
          "colors" : [ {
            "color" : {
              "a" : 1,
              "b" : 255,
              "g" : 99,
              "r" : 12
            }
          }, {
            "color" : {
              "a" : 1,
              "b" : 255,
              "g" : 151,
              "r" : 24
            }
          } ],
          "side_or_corner" : {
            "verticalSide" : "TOP",
            "horizontalSide" : "LEFT"
          }
        }
      }, {
        "id" : "design_settings.responsive_settings.tablet.tablet_fixed_background",
        "name" : "tablet_fixed_background",
        "label" : "Fixed Background",
        "required" : false,
        "locked" : false,
        "visibility_rules" : "ADVANCED",
        "advanced_visibility" : {
          "boolean_operator" : "AND",
          "criteria" : [ {
            "controlling_field" : null,
            "controlling_field_path" : "design_settings.responsive_settings.tablet.tablet_background_option",
            "controlling_value_regex" : "custom",
            "property" : null,
            "operator" : "EQUAL",
            "access" : null
          }, {
            "controlling_field" : null,
            "controlling_field_path" : "design_settings.background_option",
            "controlling_value_regex" : "image|video",
            "property" : null,
            "operator" : "MATCHES_REGEX",
            "access" : null
          } ],
          "children" : [ ]
        },
        "display" : "toggle",
        "type" : "boolean",
        "display_width" : null,
        "default" : false
      } ],
      "tab" : "STYLE",
      "expanded" : true,
      "group_occurrence_meta" : null,
      "type" : "group",
      "display_width" : null,
      "default" : {
        "tablet_background_color" : "primary",
        "tablet_background_image" : {
          "src" : "https://www.lean-labs.com/hubfs/sr-assets/pattern-library/sr-hero-01/sr-hero-01-v2.jpg",
          "background_size" : "cover",
          "background_position" : "MIDDLE_CENTER"
        },
        "tablet_fixed_background" : false,
        "tablet_background_custom" : {
          "color" : "#fff",
          "opacity" : 100
        },
        "tablet_background_option" : "auto",
        "tablet_background_gradient" : {
          "colors" : [ {
            "color" : {
              "a" : 1,
              "b" : 255,
              "g" : 99,
              "r" : 12
            }
          }, {
            "color" : {
              "a" : 1,
              "b" : 255,
              "g" : 151,
              "r" : 24
            }
          } ],
          "side_or_corner" : {
            "verticalSide" : "TOP",
            "horizontalSide" : "LEFT"
          }
        },
        "tablet_background_overlay_color" : {
          "color" : "#343a40",
          "opacity" : 30
        }
      }
    }, {
      "id" : "design_settings.responsive_settings.mobile",
      "name" : "mobile",
      "label" : "Mobile",
      "inline_help_text" : "Breakpoint: 768px",
      "required" : false,
      "locked" : false,
      "children" : [ {
        "id" : "design_settings.responsive_settings.mobile.mobile_text_align",
        "name" : "mobile_text_align",
        "label" : "Text Align",
        "required" : false,
        "locked" : false,
        "type" : "textalignment",
        "display_width" : null,
        "default" : { }
      }, {
        "id" : "design_settings.responsive_settings.mobile.mobile_top_bottom_padding",
        "name" : "mobile_top_bottom_padding",
        "label" : "Top Bottom Padding",
        "required" : true,
        "locked" : false,
        "display" : "select",
        "choices" : [ [ "auto", "Use default values" ], [ "zero", "No Padding" ], [ "half", "Small padding" ], [ "full", "Large padding" ], [ "custom", "Custom Padding" ] ],
        "multiple" : false,
        "reordering_enabled" : true,
        "preset" : null,
        "type" : "choice",
        "display_width" : null,
        "default" : "auto"
      }, {
        "id" : "design_settings.responsive_settings.mobile.mobile_spacing",
        "name" : "mobile_spacing",
        "label" : "Mobile Spacing",
        "required" : false,
        "locked" : false,
        "visibility" : {
          "controlling_field" : "design_settings.responsive_settings.mobile.mobile_top_bottom_padding",
          "controlling_field_path" : null,
          "controlling_value_regex" : "custom",
          "property" : null,
          "operator" : "EQUAL",
          "access" : null
        },
        "type" : "spacing",
        "display_width" : null,
        "default" : {
          "margin" : {
            "top" : {
              "units" : "rem",
              "value" : 0
            },
            "bottom" : {
              "units" : "rem",
              "value" : 0
            }
          },
          "padding" : {
            "top" : {
              "units" : "rem",
              "value" : 3.25
            },
            "left" : {
              "units" : "rem",
              "value" : 0
            },
            "right" : {
              "units" : "rem",
              "value" : 0
            },
            "bottom" : {
              "units" : "rem",
              "value" : 3.25
            }
          }
        }
      }, {
        "id" : "design_settings.responsive_settings.mobile.mobile_background_option",
        "name" : "mobile_background_option",
        "label" : "Background Option",
        "inline_help_text" : "For the <strong>Video</strong> option, return to the <strong>🖉 Content</strong> tab to edit the video source",
        "required" : true,
        "locked" : false,
        "display" : "select",
        "choices" : [ [ "auto", "Auto" ], [ "custom", "Custom" ] ],
        "multiple" : false,
        "reordering_enabled" : true,
        "preset" : null,
        "type" : "choice",
        "display_width" : null,
        "default" : "auto"
      }, {
        "id" : "design_settings.responsive_settings.mobile.mobile_background_image",
        "name" : "mobile_background_image",
        "label" : "Background Image",
        "help_text" : "Source for background image or before the video loads",
        "required" : false,
        "locked" : false,
        "visibility_rules" : "ADVANCED",
        "advanced_visibility" : {
          "boolean_operator" : "AND",
          "criteria" : [ {
            "controlling_field" : null,
            "controlling_field_path" : "design_settings.responsive_settings.mobile.mobile_background_option",
            "controlling_value_regex" : "custom",
            "property" : null,
            "operator" : "EQUAL",
            "access" : null
          }, {
            "controlling_field" : null,
            "controlling_field_path" : "design_settings.background_option",
            "controlling_value_regex" : "image|video",
            "property" : null,
            "operator" : "MATCHES_REGEX",
            "access" : null
          } ],
          "children" : [ ]
        },
        "type" : "backgroundimage",
        "display_width" : null,
        "default" : {
          "src" : "https://www.lean-labs.com/hubfs/sr-assets/pattern-library/sr-hero-01/sr-hero-01-v2.jpg",
          "background_size" : "cover",
          "background_position" : "MIDDLE_CENTER"
        }
      }, {
        "id" : "design_settings.responsive_settings.mobile.mobile_background_overlay_color",
        "name" : "mobile_background_overlay_color",
        "label" : "Background Overlay Color",
        "help_text" : "Overlay color on top of the image/video",
        "required" : false,
        "locked" : false,
        "visibility_rules" : "ADVANCED",
        "advanced_visibility" : {
          "boolean_operator" : "AND",
          "criteria" : [ {
            "controlling_field" : null,
            "controlling_field_path" : "design_settings.responsive_settings.mobile.mobile_background_option",
            "controlling_value_regex" : "custom",
            "property" : null,
            "operator" : "EQUAL",
            "access" : null
          }, {
            "controlling_field" : null,
            "controlling_field_path" : "design_settings.background_option",
            "controlling_value_regex" : "image|video",
            "property" : null,
            "operator" : "MATCHES_REGEX",
            "access" : null
          } ],
          "children" : [ ]
        },
        "type" : "color",
        "display_width" : null,
        "default" : {
          "color" : "#343a40",
          "opacity" : 30
        }
      }, {
        "id" : "design_settings.responsive_settings.mobile.mobile_background_color",
        "name" : "mobile_background_color",
        "label" : "Background Color",
        "required" : true,
        "locked" : false,
        "visibility_rules" : "ADVANCED",
        "advanced_visibility" : {
          "boolean_operator" : "AND",
          "criteria" : [ {
            "controlling_field" : null,
            "controlling_field_path" : "design_settings.responsive_settings.mobile.mobile_background_option",
            "controlling_value_regex" : "custom",
            "property" : null,
            "operator" : "EQUAL",
            "access" : null
          }, {
            "controlling_field" : null,
            "controlling_field_path" : "design_settings.background_option",
            "controlling_value_regex" : "color",
            "property" : null,
            "operator" : "MATCHES_REGEX",
            "access" : null
          } ],
          "children" : [ ]
        },
        "display" : "select",
        "choices" : [ [ "primary", "Primary" ], [ "secondary", "Secondary" ], [ "tertiary", "Tertiary" ], [ "white", "White" ], [ "black", "Black" ], [ "dark", "Dark" ], [ "light", "Light" ], [ "success", "Success" ], [ "info", "Info" ], [ "warning", "Warning" ], [ "danger", "Danger" ], [ "none", "None" ] ],
        "multiple" : false,
        "reordering_enabled" : true,
        "preset" : null,
        "type" : "choice",
        "display_width" : null,
        "default" : "primary"
      }, {
        "id" : "design_settings.responsive_settings.mobile.mobile_background_custom",
        "name" : "mobile_background_custom",
        "label" : "Background Color",
        "help_text" : "For transparent images or before the image/video loads",
        "required" : false,
        "locked" : false,
        "visibility_rules" : "ADVANCED",
        "advanced_visibility" : {
          "boolean_operator" : "AND",
          "criteria" : [ {
            "controlling_field" : null,
            "controlling_field_path" : "design_settings.responsive_settings.mobile.mobile_background_option",
            "controlling_value_regex" : "custom",
            "property" : null,
            "operator" : "EQUAL",
            "access" : null
          }, {
            "controlling_field" : null,
            "controlling_field_path" : "design_settings.background_option",
            "controlling_value_regex" : "custom|image|video",
            "property" : null,
            "operator" : "MATCHES_REGEX",
            "access" : null
          } ],
          "children" : [ ]
        },
        "type" : "color",
        "display_width" : null,
        "default" : {
          "color" : "#fff",
          "opacity" : 100
        }
      }, {
        "id" : "design_settings.responsive_settings.mobile.mobile_background_gradient",
        "name" : "mobile_background_gradient",
        "label" : "Background Gradient",
        "required" : false,
        "locked" : false,
        "visibility_rules" : "ADVANCED",
        "advanced_visibility" : {
          "boolean_operator" : "AND",
          "criteria" : [ {
            "controlling_field" : null,
            "controlling_field_path" : "design_settings.responsive_settings.mobile.mobile_background_option",
            "controlling_value_regex" : "custom",
            "property" : null,
            "operator" : "EQUAL",
            "access" : null
          }, {
            "controlling_field" : null,
            "controlling_field_path" : "design_settings.background_option",
            "controlling_value_regex" : "gradient",
            "property" : null,
            "operator" : "MATCHES_REGEX",
            "access" : null
          } ],
          "children" : [ ]
        },
        "type" : "gradient",
        "display_width" : null,
        "default" : {
          "colors" : [ {
            "color" : {
              "a" : 1,
              "b" : 255,
              "g" : 99,
              "r" : 12
            }
          }, {
            "color" : {
              "a" : 1,
              "b" : 255,
              "g" : 151,
              "r" : 24
            }
          } ],
          "side_or_corner" : {
            "verticalSide" : "TOP",
            "horizontalSide" : "LEFT"
          }
        }
      } ],
      "tab" : "STYLE",
      "expanded" : true,
      "group_occurrence_meta" : null,
      "type" : "group",
      "display_width" : null,
      "default" : {
        "mobile_background_color" : "primary",
        "mobile_background_image" : {
          "src" : "https://www.lean-labs.com/hubfs/sr-assets/pattern-library/sr-hero-01/sr-hero-01-v2.jpg",
          "background_size" : "cover",
          "background_position" : "MIDDLE_CENTER"
        },
        "mobile_background_custom" : {
          "color" : "#fff",
          "opacity" : 100
        },
        "mobile_background_option" : "auto",
        "mobile_background_gradient" : {
          "colors" : [ {
            "color" : {
              "a" : 1,
              "b" : 255,
              "g" : 99,
              "r" : 12
            }
          }, {
            "color" : {
              "a" : 1,
              "b" : 255,
              "g" : 151,
              "r" : 24
            }
          } ],
          "side_or_corner" : {
            "verticalSide" : "TOP",
            "horizontalSide" : "LEFT"
          }
        },
        "mobile_background_overlay_color" : {
          "color" : "#343a40",
          "opacity" : 30
        }
      }
    } ],
    "tab" : "STYLE",
    "expanded" : false,
    "group_occurrence_meta" : null,
    "type" : "group",
    "display_width" : null,
    "default" : {
      "mobile" : {
        "mobile_spacing" : {
          "margin" : {
            "top" : {
              "units" : "rem",
              "value" : 0
            },
            "bottom" : {
              "units" : "rem",
              "value" : 0
            }
          },
          "padding" : {
            "top" : {
              "units" : "rem",
              "value" : 3.25
            },
            "left" : {
              "units" : "rem",
              "value" : 0
            },
            "right" : {
              "units" : "rem",
              "value" : 0
            },
            "bottom" : {
              "units" : "rem",
              "value" : 3.25
            }
          }
        },
        "mobile_text_align" : null,
        "mobile_top_bottom_padding" : "auto"
      },
      "tablet" : {
        "tablet_spacing" : {
          "margin" : {
            "top" : {
              "units" : "rem",
              "value" : 0
            },
            "bottom" : {
              "units" : "rem",
              "value" : 0
            }
          },
          "padding" : {
            "top" : {
              "units" : "rem",
              "value" : 3.25
            },
            "left" : {
              "units" : "rem",
              "value" : 0
            },
            "right" : {
              "units" : "rem",
              "value" : 0
            },
            "bottom" : {
              "units" : "rem",
              "value" : 3.25
            }
          }
        },
        "tablet_text_align" : null,
        "tablet_top_bottom_padding" : "auto"
      }
    }
  } ],
  "tab" : "STYLE",
  "expanded" : false,
  "group_occurrence_meta" : null,
  "type" : "group",
  "display_width" : null,
  "default" : {
    "border" : {
      "top" : {
        "color" : "#e5e7ea",
        "style" : "none",
        "width" : {
          "units" : "px",
          "value" : 0
        },
        "opacity" : 100
      },
      "bottom" : {
        "color" : "#e5e7ea",
        "style" : "none",
        "width" : {
          "units" : "px",
          "value" : 0
        },
        "opacity" : 100
      }
    },
    "layout" : "container",
    "spacing" : {
      "margin" : {
        "top" : {
          "units" : "rem",
          "value" : 0
        },
        "bottom" : {
          "units" : "rem",
          "value" : 0
        }
      },
      "padding" : {
        "top" : {
          "units" : "rem",
          "value" : 6.25
        },
        "left" : {
          "units" : "rem",
          "value" : 0
        },
        "right" : {
          "units" : "rem",
          "value" : 0
        },
        "bottom" : {
          "units" : "rem",
          "value" : 6.25
        }
      }
    },
    "text_align" : null,
    "text_color" : "auto",
    "container_width" : "max",
    "background_color" : "light",
    "background_image" : {
      "src" : "",
      "background_size" : "cover",
      "background_position" : "MIDDLE_CENTER"
    },
    "fixed_background" : false,
    "background_custom" : {
      "color" : "#fff",
      "opacity" : 100
    },
    "background_option" : "color",
    "text_color_custom" : {
      "color" : "#87909e",
      "opacity" : 100
    },
    "top_bottom_padding" : "full",
    "background_gradient" : {
      "colors" : [ {
        "color" : {
          "a" : 1,
          "b" : 255,
          "g" : 99,
          "r" : 12
        }
      }, {
        "color" : {
          "a" : 1,
          "b" : 255,
          "g" : 151,
          "r" : 24
        }
      } ],
      "side_or_corner" : {
        "verticalSide" : "TOP",
        "horizontalSide" : "LEFT"
      }
    },
    "responsive_settings" : {
      "mobile" : {
        "mobile_spacing" : {
          "margin" : {
            "top" : {
              "units" : "rem",
              "value" : 0
            },
            "bottom" : {
              "units" : "rem",
              "value" : 0
            }
          },
          "padding" : {
            "top" : {
              "units" : "rem",
              "value" : 3.25
            },
            "left" : {
              "units" : "rem",
              "value" : 0
            },
            "right" : {
              "units" : "rem",
              "value" : 0
            },
            "bottom" : {
              "units" : "rem",
              "value" : 3.25
            }
          }
        },
        "mobile_text_align" : null,
        "mobile_top_bottom_padding" : "auto"
      },
      "tablet" : {
        "tablet_spacing" : {
          "margin" : {
            "top" : {
              "units" : "rem",
              "value" : 0
            },
            "bottom" : {
              "units" : "rem",
              "value" : 0
            }
          },
          "padding" : {
            "top" : {
              "units" : "rem",
              "value" : 3.25
            },
            "left" : {
              "units" : "rem",
              "value" : 0
            },
            "right" : {
              "units" : "rem",
              "value" : 0
            },
            "bottom" : {
              "units" : "rem",
              "value" : 3.25
            }
          }
        },
        "tablet_text_align" : null,
        "tablet_top_bottom_padding" : "auto"
      }
    },
    "background_overlay_color" : {
      "color" : "#343a40",
      "opacity" : 30
    }
  }
}, {
  "id" : "heading",
  "name" : "heading",
  "label" : "Heading",
  "required" : false,
  "locked" : false,
  "occurrence" : {
    "min" : 0,
    "max" : null,
    "sorting_label_field" : null,
    "default" : 1
  },
  "children" : [ {
    "id" : "heading.heading",
    "name" : "heading",
    "label" : "Heading",
    "required" : false,
    "locked" : false,
    "validation_regex" : "",
    "allow_new_line" : false,
    "show_emoji_picker" : false,
    "type" : "text",
    "display_width" : null,
    "default" : "Contact Us"
  }, {
    "id" : "heading.heading_size",
    "name" : "heading_size",
    "label" : "Size",
    "help_text" : "HTML heading size",
    "required" : true,
    "locked" : false,
    "display" : "select",
    "choices" : [ [ "h1", "H1" ], [ "h2", "H2" ], [ "h3", "H3" ], [ "h4", "H4" ], [ "h5", "H5" ], [ "h6", "H6" ], [ "p", "P" ] ],
    "multiple" : false,
    "reordering_enabled" : true,
    "preset" : null,
    "type" : "choice",
    "display_width" : "half_width",
    "default" : "h2"
  }, {
    "id" : "heading.heading_display_size",
    "name" : "heading_display_size",
    "label" : "Display Size",
    "help_text" : "Size that heading is displayed at",
    "required" : true,
    "locked" : false,
    "display" : "select",
    "choices" : [ [ "auto", "Auto" ], [ "h1", "H1" ], [ "h2", "H2" ], [ "h3", "H3" ], [ "h4", "H4" ], [ "h5", "H5" ], [ "h6", "H6" ], [ "p", "P" ], [ "display-4", "L" ], [ "display-3", "XL" ], [ "display-2", "XXL" ], [ "display-1", "XXXL" ] ],
    "multiple" : false,
    "reordering_enabled" : true,
    "preset" : null,
    "type" : "choice",
    "display_width" : "half_width",
    "default" : "h4"
  }, {
    "id" : "heading.heading_color",
    "name" : "heading_color",
    "label" : "Color",
    "required" : true,
    "locked" : false,
    "display" : "select",
    "choices" : [ [ "auto", "Auto" ], [ "primary", "Primary" ], [ "secondary", "Secondary" ], [ "tertiary", "Tertiary" ], [ "white", "White" ], [ "black", "Black" ], [ "dark", "Dark" ], [ "light", "Light" ], [ "success", "Success" ], [ "info", "Info" ], [ "warning", "Warning" ], [ "danger", "Danger" ], [ "gradient_one", "Gradient One" ], [ "gradient_two", "Gradient Two" ], [ "custom", "Custom" ] ],
    "multiple" : false,
    "reordering_enabled" : true,
    "preset" : null,
    "type" : "choice",
    "display_width" : null,
    "default" : "auto"
  }, {
    "id" : "heading.heading_color_custom",
    "name" : "heading_color_custom",
    "label" : "Color",
    "required" : false,
    "locked" : false,
    "visibility" : {
      "controlling_field" : "heading.heading_color",
      "controlling_field_path" : null,
      "controlling_value_regex" : "custom",
      "property" : null,
      "operator" : "EQUAL",
      "access" : null
    },
    "type" : "color",
    "display_width" : null,
    "default" : {
      "color" : "#30343b",
      "opacity" : 100
    }
  }, {
    "id" : "heading.heading_align",
    "name" : "heading_align",
    "label" : "Align",
    "required" : true,
    "locked" : false,
    "display" : "select",
    "choices" : [ [ "auto", "Auto" ], [ "left", "Left" ], [ "center", "Center" ], [ "right", "Right" ] ],
    "multiple" : false,
    "reordering_enabled" : true,
    "preset" : null,
    "type" : "choice",
    "display_width" : null,
    "default" : "auto"
  }, {
    "id" : "heading.class",
    "name" : "class",
    "label" : "CSS Class",
    "required" : false,
    "locked" : false,
    "validation_regex" : "",
    "allow_new_line" : false,
    "show_emoji_picker" : false,
    "type" : "text",
    "display_width" : null
  } ],
  "tab" : "CONTENT",
  "expanded" : false,
  "group_occurrence_meta" : null,
  "type" : "group",
  "display_width" : null,
  "default" : [ {
    "heading" : "Contact Us",
    "heading_size" : "h2",
    "heading_align" : "auto",
    "heading_color" : "auto",
    "heading_color_custom" : {
      "color" : "#30343b",
      "opacity" : 100
    },
    "heading_display_size" : "h4"
  } ]
}, {
  "id" : "description",
  "name" : "description",
  "label" : "Description",
  "required" : false,
  "locked" : false,
  "type" : "richtext",
  "display_width" : null,
  "default" : "<p><small><a href='#'>View Google Maps</a></small></p> <p><small>Monday 10am-6pm<br>Tuesday 10am-6pm<br>Wednesday 10am-6pm<br>Thursday 10am-6pm<br>Friday 10am-6pm<br>Saturday 10am-6pm<br>Sunday 10am-6pm</small></p> <p><small><a href='#'>hi@SprocketRocket.co</a></small></p> <p><small><a href='#'>+555 345 678 90</a></small></p>"
}, {
  "id" : "lead_text",
  "name" : "lead_text",
  "label" : "Lead Text",
  "help_text" : "Turn on to make the Description text larger",
  "required" : false,
  "locked" : false,
  "display" : "toggle",
  "type" : "boolean",
  "display_width" : null,
  "default" : false
}, {
  "id" : "ctas",
  "name" : "ctas",
  "label" : "CTA",
  "required" : false,
  "locked" : false,
  "occurrence" : {
    "min" : 0,
    "max" : null,
    "sorting_label_field" : null,
    "default" : 0
  },
  "children" : [ {
    "id" : "ctas.cta_type",
    "name" : "cta_type",
    "label" : "CTA Type",
    "required" : true,
    "locked" : false,
    "display" : "select",
    "choices" : [ [ "cta", "HubSpot CTA" ], [ "hs_payment", "HubSpot Payment" ], [ "btn", "Button" ], [ "modal", "Modal" ] ],
    "multiple" : false,
    "reordering_enabled" : true,
    "preset" : null,
    "type" : "choice",
    "display_width" : null,
    "default" : "btn"
  }, {
    "id" : "ctas.cta_style",
    "name" : "cta_style",
    "label" : "CTA Style",
    "required" : true,
    "locked" : false,
    "visibility" : {
      "controlling_field" : "ctas.cta_type",
      "controlling_field_path" : null,
      "controlling_value_regex" : "none",
      "property" : null,
      "operator" : "NOT_EQUAL",
      "access" : null
    },
    "display" : "select",
    "choices" : [ [ "primary", "Primary" ], [ "secondary", "Secondary" ], [ "tertiary", "Tertiary" ], [ "white", "White" ], [ "black", "Black" ], [ "dark", "Dark" ], [ "light", "Light" ], [ "success", "Success" ], [ "info", "Info" ], [ "warning", "Warning" ], [ "danger", "Danger" ], [ "outline-primary", "Outline Primary" ], [ "outline-secondary", "Outline Secondary" ], [ "outline-tertiary", "Outline Tertiary" ], [ "outline-white", "Outline White" ], [ "outline-black", "Outline Black" ], [ "outline-dark", "Outline Dark" ], [ "outline-light", "Outline Light" ], [ "outline-success", "Outline Success" ], [ "outline-info", "Outline Info" ], [ "outline-warning", "Outline Warning" ], [ "outline-danger", "Outline Danger" ], [ "gradient_one", "Gradient One" ], [ "gradient_two", "Gradient Two" ], [ "custom", "Custom" ], [ "none", "None" ] ],
    "multiple" : false,
    "reordering_enabled" : true,
    "preset" : null,
    "type" : "choice",
    "display_width" : null,
    "default" : "primary"
  }, {
    "id" : "ctas.default",
    "name" : "default",
    "label" : "Default",
    "required" : false,
    "locked" : false,
    "visibility" : {
      "controlling_field" : "ctas.cta_style",
      "controlling_field_path" : null,
      "controlling_value_regex" : "custom",
      "property" : null,
      "operator" : "EQUAL",
      "access" : null
    },
    "children" : [ {
      "id" : "ctas.default.background",
      "name" : "background",
      "label" : "Background",
      "required" : false,
      "locked" : false,
      "type" : "color",
      "display_width" : null,
      "default" : {
        "color" : "#0c63ff",
        "opacity" : 100
      }
    }, {
      "id" : "ctas.default.text",
      "name" : "text",
      "label" : "Text",
      "required" : false,
      "locked" : false,
      "type" : "color",
      "display_width" : null,
      "default" : {
        "color" : "#fff",
        "opacity" : 100
      }
    }, {
      "id" : "ctas.default.border",
      "name" : "border",
      "label" : "Border",
      "required" : false,
      "locked" : false,
      "type" : "color",
      "display_width" : null,
      "default" : {
        "color" : "#0c63ff",
        "opacity" : 100
      }
    } ],
    "tab" : "CONTENT",
    "expanded" : true,
    "group_occurrence_meta" : null,
    "type" : "group",
    "display_width" : null,
    "default" : {
      "text" : {
        "color" : "#fff",
        "opacity" : 100
      },
      "border" : {
        "color" : "#0c63ff",
        "opacity" : 100
      },
      "background" : {
        "color" : "#0c63ff",
        "opacity" : 100
      }
    }
  }, {
    "id" : "ctas.hover",
    "name" : "hover",
    "label" : "Hover",
    "required" : false,
    "locked" : false,
    "visibility" : {
      "controlling_field" : "ctas.cta_style",
      "controlling_field_path" : null,
      "controlling_value_regex" : "custom",
      "property" : null,
      "operator" : "EQUAL",
      "access" : null
    },
    "children" : [ {
      "id" : "ctas.hover.background",
      "name" : "background",
      "label" : "Background",
      "required" : false,
      "locked" : false,
      "type" : "color",
      "display_width" : null,
      "default" : {
        "color" : "#5a93fd",
        "opacity" : 100
      }
    }, {
      "id" : "ctas.hover.text",
      "name" : "text",
      "label" : "Text",
      "required" : false,
      "locked" : false,
      "type" : "color",
      "display_width" : null,
      "default" : {
        "color" : "#fff",
        "opacity" : 100
      }
    }, {
      "id" : "ctas.hover.border",
      "name" : "border",
      "label" : "Border Color",
      "required" : false,
      "locked" : false,
      "type" : "color",
      "display_width" : null,
      "default" : {
        "color" : "#5a93fd",
        "opacity" : 100
      }
    } ],
    "tab" : "CONTENT",
    "expanded" : true,
    "group_occurrence_meta" : null,
    "type" : "group",
    "display_width" : null,
    "default" : {
      "text" : {
        "color" : "#fff",
        "opacity" : 100
      },
      "border" : {
        "color" : "#5a93fd",
        "opacity" : 100
      },
      "background" : {
        "color" : "#5a93fd",
        "opacity" : 100
      }
    }
  }, {
    "id" : "ctas.cta",
    "name" : "cta",
    "label" : "CTA",
    "required" : false,
    "locked" : false,
    "visibility" : {
      "controlling_field" : "ctas.cta_type",
      "controlling_field_path" : null,
      "controlling_value_regex" : "cta",
      "property" : null,
      "operator" : "EQUAL",
      "access" : null
    },
    "type" : "cta",
    "display_width" : null,
    "default" : ""
  }, {
    "id" : "ctas.button_text",
    "name" : "button_text",
    "label" : "Button Text",
    "required" : false,
    "locked" : false,
    "validation_regex" : "",
    "visibility" : {
      "controlling_field" : "ctas.cta_type",
      "controlling_field_path" : null,
      "controlling_value_regex" : "btn|modal",
      "property" : null,
      "operator" : "MATCHES_REGEX",
      "access" : null
    },
    "allow_new_line" : false,
    "show_emoji_picker" : false,
    "type" : "text",
    "display_width" : null,
    "default" : "Watch Demo"
  }, {
    "id" : "ctas.modal_target",
    "name" : "modal_target",
    "label" : "Modal Target",
    "required" : false,
    "locked" : false,
    "validation_regex" : "",
    "visibility" : {
      "controlling_field" : "ctas.cta_type",
      "controlling_field_path" : null,
      "controlling_value_regex" : "modal",
      "property" : null,
      "operator" : "EQUAL",
      "access" : null
    },
    "allow_new_line" : false,
    "show_emoji_picker" : false,
    "type" : "text",
    "display_width" : null,
    "default" : "demo"
  }, {
    "id" : "ctas.link",
    "name" : "link",
    "label" : "Link",
    "required" : false,
    "locked" : false,
    "visibility" : {
      "controlling_field" : "ctas.cta_type",
      "controlling_field_path" : null,
      "controlling_value_regex" : "btn",
      "property" : null,
      "operator" : "EQUAL",
      "access" : null
    },
    "supported_types" : [ "EXTERNAL", "CONTENT", "FILE", "EMAIL_ADDRESS", "BLOG", "CALL_TO_ACTION", "PHONE_NUMBER", "PAYMENT" ],
    "show_advanced_rel_options" : false,
    "type" : "link",
    "display_width" : null,
    "default" : {
      "url" : {
        "href" : "#",
        "type" : "EXTERNAL",
        "content_id" : null
      },
      "no_follow" : false,
      "open_in_new_tab" : false
    }
  }, {
    "id" : "cta.payment",
    "name" : "payment",
    "label" : "Payment link",
    "required" : false,
    "locked" : false,
    "visibility" : {
      "controlling_field" : "ctas.cta_type",
      "controlling_field_path" : null,
      "controlling_value_regex" : "hs_payment",
      "property" : null,
      "operator" : "EQUAL",
      "access" : null
    },
    "type" : "payment",
    "display_width" : null,
    "default" : { }
  }, {
    "id" : "cta.checkout_location",
    "name" : "checkout_location",
    "label" : "Checkout behavior",
    "required" : false,
    "locked" : false,
    "visibility_rules" : "ADVANCED",
    "advanced_visibility" : {
      "boolean_operator" : "AND",
      "criteria" : [ {
        "controlling_field" : "cta.payment",
        "controlling_field_path" : null,
        "controlling_value_regex" : "id\":\\d+",
        "property" : null,
        "operator" : "MATCHES_REGEX",
        "access" : null
      }, {
        "controlling_field" : "ctas.cta_type",
        "controlling_field_path" : null,
        "controlling_value_regex" : "hs_payment",
        "property" : null,
        "operator" : "EQUAL",
        "access" : null
      } ],
      "children" : [ ]
    },
    "display" : "radio",
    "choices" : [ [ "new_tab", "Open in a new tab" ], [ "overlay", "Sliding overlay" ] ],
    "multiple" : false,
    "reordering_enabled" : true,
    "preset" : null,
    "type" : "choice",
    "display_width" : null,
    "default" : "new_tab"
  }, {
    "id" : "ctas.cta_size",
    "name" : "cta_size",
    "label" : "CTA Size",
    "required" : true,
    "locked" : false,
    "visibility" : {
      "controlling_field" : "ctas.cta_type",
      "controlling_field_path" : null,
      "controlling_value_regex" : "none",
      "property" : null,
      "operator" : "NOT_EQUAL",
      "access" : null
    },
    "display" : "select",
    "choices" : [ [ "sm", "Small" ], [ "md", "Default" ], [ "lg", "Large" ] ],
    "multiple" : false,
    "reordering_enabled" : true,
    "preset" : null,
    "type" : "choice",
    "display_width" : null,
    "default" : "md"
  }, {
    "id" : "ctas.add_icon",
    "name" : "add_icon",
    "label" : "Add icon",
    "required" : false,
    "locked" : false,
    "visibility" : {
      "controlling_field" : "ctas.cta_type",
      "controlling_field_path" : null,
      "controlling_value_regex" : "cta",
      "property" : null,
      "operator" : "NOT_EQUAL",
      "access" : null
    },
    "display" : "checkbox",
    "type" : "boolean",
    "display_width" : null,
    "default" : false
  }, {
    "id" : "ctas.icon",
    "name" : "icon",
    "label" : "Icon",
    "required" : false,
    "locked" : false,
    "visibility_rules" : "ADVANCED",
    "advanced_visibility" : {
      "boolean_operator" : "AND",
      "criteria" : [ {
        "controlling_field" : "ctas.cta_type",
        "controlling_field_path" : null,
        "controlling_value_regex" : "cta",
        "property" : null,
        "operator" : "NOT_EQUAL",
        "access" : null
      }, {
        "controlling_field" : "ctas.add_icon",
        "controlling_field_path" : null,
        "controlling_value_regex" : "true",
        "property" : null,
        "operator" : "EQUAL",
        "access" : null
      } ],
      "children" : [ ]
    },
    "children" : [ {
      "id" : "ctas.icon.icon",
      "name" : "icon",
      "label" : "Icon",
      "required" : true,
      "locked" : false,
      "icon_set" : "fontawesome-5.14.0",
      "type" : "icon",
      "display_width" : null,
      "default" : {
        "name" : "arrow-right",
        "type" : "SOLID",
        "unicode" : "f061"
      }
    }, {
      "id" : "ctas.icon.position",
      "name" : "position",
      "label" : "Position",
      "required" : true,
      "locked" : false,
      "display" : "select",
      "choices" : [ [ "left", "Left" ], [ "right", "Right" ] ],
      "multiple" : false,
      "reordering_enabled" : true,
      "preset" : null,
      "type" : "choice",
      "display_width" : null,
      "default" : "right"
    }, {
      "id" : "ctas.icon.purpose",
      "name" : "purpose",
      "label" : "Purpose",
      "help_text" : "The purpose of the icon, used for accessibility. If set to decorative, an additional attribute of aria-hidden=\"true\" will be added to the icon.",
      "required" : true,
      "locked" : false,
      "display" : "select",
      "choices" : [ [ "decorative", "Decorative" ], [ "semantic", "Semantic" ] ],
      "multiple" : false,
      "reordering_enabled" : true,
      "preset" : null,
      "type" : "choice",
      "display_width" : null,
      "default" : "decorative"
    } ],
    "tab" : "CONTENT",
    "expanded" : true,
    "group_occurrence_meta" : null,
    "type" : "group",
    "display_width" : null,
    "default" : {
      "icon" : {
        "name" : "arrow-right",
        "type" : "SOLID",
        "unicode" : "f061"
      },
      "position" : "right"
    }
  } ],
  "tab" : "CONTENT",
  "expanded" : false,
  "group_occurrence_meta" : null,
  "type" : "group",
  "display_width" : null
}, {
  "id" : "map_api",
  "name" : "map_api",
  "label" : "Enable API Map",
  "required" : false,
  "locked" : false,
  "display" : "checkbox",
  "type" : "boolean",
  "display_width" : null,
  "default" : false
}, {
  "id" : "map_image",
  "name" : "map_image",
  "label" : "Map Image",
  "required" : false,
  "locked" : false,
  "visibility" : {
    "controlling_field" : "map_api",
    "controlling_field_path" : null,
    "controlling_value_regex" : "false",
    "property" : null,
    "operator" : "EQUAL",
    "access" : null
  },
  "responsive" : true,
  "resizable" : true,
  "show_loading" : true,
  "type" : "image",
  "display_width" : null,
  "default" : {
    "alt" : "sr-contact-map",
    "src" : "https://www.lean-labs.com/hubfs/sr-assets/images/sr-contact-map.jpg",
    "width" : 700,
    "height" : 500,
    "loading" : "lazy",
    "max_width" : 1400,
    "size_type" : "exact",
    "max_height" : 1000
  }
}, {
  "id" : "api",
  "name" : "api",
  "label" : "API Key",
  "help_text" : "To use the Maps API, you must get a Google API key which you can add to your app. <a href=\"https://docs.sprocketrocket.co/how-to-setup-sr-contact-01\"> Watch Video</a>",
  "required" : false,
  "locked" : false,
  "validation_regex" : "",
  "visibility" : {
    "controlling_field" : "map_api",
    "controlling_field_path" : null,
    "controlling_value_regex" : "true",
    "property" : null,
    "operator" : "EQUAL",
    "access" : null
  },
  "allow_new_line" : false,
  "show_emoji_picker" : false,
  "type" : "text",
  "display_width" : null,
  "default" : ""
}, {
  "id" : "latitude",
  "name" : "latitude",
  "label" : "Latitude",
  "required" : false,
  "locked" : false,
  "validation_regex" : "",
  "visibility" : {
    "controlling_field" : "map_api",
    "controlling_field_path" : null,
    "controlling_value_regex" : "true",
    "property" : null,
    "operator" : "EQUAL",
    "access" : null
  },
  "allow_new_line" : false,
  "show_emoji_picker" : false,
  "type" : "text",
  "display_width" : null,
  "default" : "51.5073724"
}, {
  "id" : "longitude",
  "name" : "longitude",
  "label" : "Longitude",
  "required" : false,
  "locked" : false,
  "validation_regex" : "",
  "visibility" : {
    "controlling_field" : "map_api",
    "controlling_field_path" : null,
    "controlling_value_regex" : "true",
    "property" : null,
    "operator" : "EQUAL",
    "access" : null
  },
  "allow_new_line" : false,
  "show_emoji_picker" : false,
  "type" : "text",
  "display_width" : null,
  "default" : "-0.1277217"
}, {
  "id" : "map_marker",
  "name" : "map_marker",
  "label" : "Map Marker",
  "required" : false,
  "locked" : false,
  "visibility" : {
    "controlling_field" : "map_api",
    "controlling_field_path" : null,
    "controlling_value_regex" : "true",
    "property" : null,
    "operator" : "EQUAL",
    "access" : null
  },
  "display" : "checkbox",
  "type" : "boolean",
  "display_width" : null,
  "default" : true
}, {
  "id" : "map_theme",
  "name" : "map_theme",
  "label" : "Map Theme",
  "required" : true,
  "locked" : false,
  "visibility" : {
    "controlling_field" : "map_api",
    "controlling_field_path" : null,
    "controlling_value_regex" : "true",
    "property" : null,
    "operator" : "EQUAL",
    "access" : null
  },
  "display" : "select",
  "choices" : [ [ "default", "Default" ], [ "blue", "Blue" ], [ "red", "Red" ], [ "green", "Green" ], [ "yellow", "Yellow" ], [ "light", "Light" ], [ "dark", "Dark" ], [ "aubergine ", "Aubergine " ], [ "retro", "Retro" ] ],
  "multiple" : false,
  "reordering_enabled" : true,
  "preset" : null,
  "type" : "choice",
  "display_width" : null,
  "default" : "default"
}, {
  "id" : "map_zoom",
  "name" : "map_zoom",
  "label" : "Map Zoom",
  "required" : true,
  "locked" : false,
  "visibility" : {
    "controlling_field" : "map_api",
    "controlling_field_path" : null,
    "controlling_value_regex" : "true",
    "property" : null,
    "operator" : "EQUAL",
    "access" : null
  },
  "display" : "select",
  "choices" : [ [ "1", "1" ], [ "2", "2" ], [ "3", "3" ], [ "4", "4" ], [ "5", "5" ], [ "6", "6" ], [ "7", "7" ], [ "8", "8" ], [ "9", "9" ], [ "10", "10" ], [ "11", "11" ], [ "12", "12" ], [ "13", "13" ], [ "14", "14" ], [ "15", "15" ], [ "16", "16" ], [ "17", "17" ], [ "18", "18" ], [ "19", "19" ], [ "20", "20" ] ],
  "multiple" : false,
  "reordering_enabled" : true,
  "preset" : null,
  "type" : "choice",
  "display_width" : null,
  "default" : "12"
} ]