[ {
  "id" : "show_previous_and_next_links",
  "name" : "show_previous_and_next_links",
  "label" : "Show previous and next links",
  "required" : false,
  "locked" : false,
  "display" : "checkbox",
  "type" : "boolean",
  "display_width" : null,
  "default" : true
}, {
  "id" : "previous_label",
  "name" : "previous_label",
  "label" : "Previous label",
  "required" : false,
  "locked" : false,
  "validation_regex" : "",
  "visibility" : {
    "controlling_field" : "show_previous_and_next_links",
    "controlling_field_path" : null,
    "controlling_value_regex" : "true",
    "property" : null,
    "operator" : "EQUAL",
    "access" : null
  },
  "allow_new_line" : false,
  "show_emoji_picker" : false,
  "type" : "text",
  "display_width" : null,
  "default" : "Prev"
}, {
  "id" : "next_label",
  "name" : "next_label",
  "label" : "Next label",
  "required" : false,
  "locked" : false,
  "validation_regex" : "",
  "visibility" : {
    "controlling_field" : "show_previous_and_next_links",
    "controlling_field_path" : null,
    "controlling_value_regex" : "true",
    "property" : null,
    "operator" : "EQUAL",
    "access" : null
  },
  "allow_new_line" : false,
  "show_emoji_picker" : false,
  "type" : "text",
  "display_width" : null,
  "default" : "Next"
}, {
  "id" : "show_first_and_last_links",
  "name" : "show_first_and_last_links",
  "label" : "Show first and last links",
  "required" : false,
  "locked" : false,
  "display" : "checkbox",
  "type" : "boolean",
  "display_width" : null,
  "default" : false
}, {
  "id" : "first_label",
  "name" : "first_label",
  "label" : "First label",
  "required" : false,
  "locked" : false,
  "validation_regex" : "",
  "visibility" : {
    "controlling_field" : "show_first_and_last_links",
    "controlling_field_path" : null,
    "controlling_value_regex" : "true",
    "property" : null,
    "operator" : "EQUAL",
    "access" : null
  },
  "allow_new_line" : false,
  "show_emoji_picker" : false,
  "type" : "text",
  "display_width" : null,
  "default" : "First"
}, {
  "id" : "last_label",
  "name" : "last_label",
  "label" : "Last label",
  "required" : false,
  "locked" : false,
  "validation_regex" : "",
  "visibility" : {
    "controlling_field" : "show_first_and_last_links",
    "controlling_field_path" : null,
    "controlling_value_regex" : "true",
    "property" : null,
    "operator" : "EQUAL",
    "access" : null
  },
  "allow_new_line" : false,
  "show_emoji_picker" : false,
  "type" : "text",
  "display_width" : null,
  "default" : "Last"
}, {
  "id" : "show_all_posts_link",
  "name" : "show_all_posts_link",
  "label" : "Show all posts link",
  "required" : false,
  "locked" : false,
  "display" : "checkbox",
  "type" : "boolean",
  "display_width" : null,
  "default" : true
}, {
  "id" : "design_settings",
  "name" : "design_settings",
  "label" : "Design Settings",
  "required" : false,
  "locked" : false,
  "children" : [ {
    "id" : "design_settings.top_bottom_padding",
    "name" : "top_bottom_padding",
    "label" : "Top Bottom Padding",
    "help_text" : "<strong>Use default values:</strong> Uses any inherit padding values<br><br><strong>No Padding:</strong> Set padding to 0<br><br><strong>Small:</strong> Uses a preset small padding<br><br><strong>Large:</strong> Uses a preset large padding<br><br><strong>Custom:</strong> Custom padding",
    "required" : true,
    "locked" : false,
    "display" : "select",
    "choices" : [ [ "auto", "Use default values" ], [ "zero", "No Padding" ], [ "half", "Small padding" ], [ "full", "Large padding" ], [ "custom", "Custom padding" ] ],
    "multiple" : false,
    "reordering_enabled" : true,
    "preset" : null,
    "type" : "choice",
    "display_width" : null,
    "default" : "custom"
  }, {
    "id" : "design_settings.spacing",
    "name" : "spacing",
    "label" : "Spacing",
    "required" : false,
    "locked" : false,
    "visibility" : {
      "controlling_field" : "design_settings.top_bottom_padding",
      "controlling_field_path" : null,
      "controlling_value_regex" : "custom",
      "property" : null,
      "operator" : "EQUAL",
      "access" : null
    },
    "type" : "spacing",
    "display_width" : null,
    "default" : {
      "padding" : {
        "top" : {
          "value" : 3.25,
          "units" : "rem"
        },
        "bottom" : {
          "value" : 0,
          "units" : "px"
        },
        "left" : {
          "value" : 0,
          "units" : "rem"
        },
        "right" : {
          "value" : 0,
          "units" : "rem"
        }
      },
      "margin" : {
        "top" : {
          "value" : 0,
          "units" : "rem"
        },
        "bottom" : {
          "value" : 0,
          "units" : "rem"
        }
      }
    }
  }, {
    "id" : "styles.alignment.alignment",
    "name" : "alignment",
    "label" : "Alignment",
    "required" : false,
    "locked" : false,
    "alignment_direction" : "HORIZONTAL",
    "type" : "alignment",
    "display_width" : null,
    "default" : {
      "horizontal_align" : "CENTER"
    }
  } ],
  "tab" : "STYLE",
  "expanded" : false,
  "group_occurrence_meta" : null,
  "type" : "group",
  "display_width" : null,
  "default" : {
    "top_bottom_padding" : "custom",
    "spacing" : {
      "padding" : {
        "top" : {
          "value" : 3.25,
          "units" : "rem"
        },
        "bottom" : {
          "value" : 0,
          "units" : "px"
        },
        "left" : {
          "value" : 0,
          "units" : "rem"
        },
        "right" : {
          "value" : 0,
          "units" : "rem"
        }
      },
      "margin" : {
        "top" : {
          "value" : 0,
          "units" : "rem"
        },
        "bottom" : {
          "value" : 0,
          "units" : "rem"
        }
      }
    },
    "alignment" : {
      "horizontal_align" : "CENTER"
    }
  }
} ]