{
  "global" : false,
  "content_types" : [ "LANDING_PAGE", "SITE_PAGE", "BLOG_LISTING", "BLOG_POST" ],
  "inline_help_text" : "<a href='https://docs.sprocketrocket.co/'>Support</a> | <a href='https://docs.sprocketrocket.co/modules/offers/sr-offer-two-col-03'>Documentation</a>",
  "host_template_types" : [ "PAGE", "BLOG_POST", "BLOG_LISTING" ],
  "module_id" : 186965089817,
  "label" : "Offer Two Col 03",
  "icon" : "https://www.sprocketrocket.co/hubfs/sr-assets/icons/sr-icon-offers.svg",
  "is_available_for_new_content" : true
}