[ {
  "picker" : "video",
  "id" : "background_video",
  "name" : "background_video",
  "label" : "Background Video",
  "help_text" : "Add multiple file formats in order to provide compatibility with a broad range of browsers",
  "required" : false,
  "locked" : false,
  "occurrence" : {
    "min" : 0,
    "max" : null,
    "sorting_label_field" : null,
    "default" : 1
  },
  "visibility" : {
    "controlling_field" : "design_settings.background_option",
    "controlling_field_path" : null,
    "controlling_value_regex" : "video",
    "property" : null,
    "operator" : "EQUAL",
    "access" : null
  },
  "type" : "file",
  "display_width" : null,
  "default" : [ "https://www.lean-labs.com/hubfs/sr-assets/videos/sr-bg-video.mp4" ]
}, {
  "picker" : "video",
  "id" : "background_video_md",
  "name" : "background_video_md",
  "label" : "Background Video Tablet",
  "help_text" : "This background video will only be used on tablet devices",
  "required" : false,
  "locked" : false,
  "occurrence" : {
    "min" : 0,
    "max" : null,
    "sorting_label_field" : null,
    "default" : 1
  },
  "visibility_rules" : "ADVANCED",
  "advanced_visibility" : {
    "boolean_operator" : "AND",
    "criteria" : [ {
      "controlling_field" : null,
      "controlling_field_path" : "design_settings.responsive_settings.mobile.mobile_background_option",
      "controlling_value_regex" : "custom",
      "property" : null,
      "operator" : "EQUAL",
      "access" : null
    }, {
      "controlling_field" : null,
      "controlling_field_path" : "design_settings.background_option",
      "controlling_value_regex" : "video",
      "property" : null,
      "operator" : "MATCHES_REGEX",
      "access" : null
    } ],
    "children" : [ ]
  },
  "type" : "file",
  "display_width" : null
}, {
  "picker" : "video",
  "id" : "background_video_sm",
  "name" : "background_video_sm",
  "label" : "Background Video Mobile",
  "help_text" : "This background video will only be used on mobile devices",
  "required" : false,
  "locked" : false,
  "occurrence" : {
    "min" : 0,
    "max" : null,
    "sorting_label_field" : null,
    "default" : 1
  },
  "visibility_rules" : "ADVANCED",
  "advanced_visibility" : {
    "boolean_operator" : "AND",
    "criteria" : [ {
      "controlling_field" : null,
      "controlling_field_path" : "design_settings.responsive_settings.mobile.mobile_background_option",
      "controlling_value_regex" : "custom",
      "property" : null,
      "operator" : "EQUAL",
      "access" : null
    }, {
      "controlling_field" : null,
      "controlling_field_path" : "design_settings.background_option",
      "controlling_value_regex" : "video",
      "property" : null,
      "operator" : "MATCHES_REGEX",
      "access" : null
    } ],
    "children" : [ ]
  },
  "type" : "file",
  "display_width" : null
}, {
  "id" : "enabled",
  "name" : "enabled",
  "label" : "Enabled",
  "required" : false,
  "locked" : false,
  "display" : "checkbox",
  "type" : "boolean",
  "display_width" : null,
  "default" : true
}, {
  "id" : "sr_module_id",
  "name" : "sr_module_id",
  "label" : "ID",
  "help_text" : "Assign a ID to the module",
  "required" : false,
  "locked" : false,
  "validation_regex" : "",
  "allow_new_line" : false,
  "show_emoji_picker" : false,
  "type" : "text",
  "display_width" : "half_width"
}, {
  "id" : "class",
  "name" : "class",
  "label" : "Class",
  "help_text" : "Assign a CLASS to the module",
  "required" : false,
  "locked" : false,
  "validation_regex" : "",
  "allow_new_line" : false,
  "show_emoji_picker" : false,
  "type" : "text",
  "display_width" : "half_width"
}, {
  "id" : "design_settings",
  "name" : "design_settings",
  "label" : "Design Settings",
  "required" : false,
  "locked" : false,
  "children" : [ {
    "id" : "2a9bdf6d-055b-0d35-0680-b7436e77cd40",
    "name" : "footer_options",
    "label" : "Layout Options",
    "required" : false,
    "locked" : false,
    "children" : [ {
      "id" : "4e18f363-98d9-096d-055f-ad8596c8fe85",
      "name" : "col_layout",
      "label" : "Column Layout",
      "required" : true,
      "locked" : false,
      "display" : "select",
      "choices" : [ [ "one_col", "One Column" ], [ "logo_menu", "[ Logo | Menu ]" ], [ "menu_logo", "[ Menu | Logo ]" ] ],
      "multiple" : false,
      "reordering_enabled" : true,
      "preset" : null,
      "type" : "choice",
      "display_width" : null,
      "default" : "logo_menu"
    }, {
      "id" : "7d637df2-79fb-b684-8963-9520176e0a00",
      "name" : "logo_alignment",
      "label" : "Logo and Social Icons Alignment",
      "required" : true,
      "locked" : false,
      "display" : "select",
      "choices" : [ [ "align-items-start justify-content-start", "Left Top" ], [ "align-items-start justify-content-center", "Left Center" ], [ "align-items-start justify-content-end", "Left Bottom" ], [ "align-items-center justify-content-start", "Center Top" ], [ "align-items-center justify-content-center", "Center Center" ], [ "align-items-center justify-content-end", "Center Bottom" ], [ "align-items-end justify-content-start", "Right Top" ], [ "align-items-end justify-content-center", "Right Center" ], [ "align-items-end justify-content-end", "Right Bottom" ] ],
      "multiple" : false,
      "reordering_enabled" : true,
      "preset" : null,
      "type" : "choice",
      "display_width" : null,
      "default" : "align-items-start justify-content-start"
    }, {
      "id" : "f95e30ad-daae-62a4-d572-0c4f52a831fb",
      "name" : "menu_alignment",
      "label" : "Menu Alignment",
      "required" : true,
      "locked" : false,
      "display" : "select",
      "choices" : [ [ "start", "Left" ], [ "center", "Center" ], [ "end", "Right" ], [ "space-between", "Justify" ] ],
      "multiple" : false,
      "reordering_enabled" : true,
      "preset" : null,
      "type" : "choice",
      "display_width" : null,
      "default" : "end"
    }, {
      "id" : "19415edd-9dd6-18cf-08a6-24b30cc85620",
      "name" : "menu_text_alignment",
      "label" : "Menu Text Alignment",
      "required" : true,
      "locked" : false,
      "display" : "select",
      "choices" : [ [ "left", "Left" ], [ "center", "Center" ], [ "right", "Right" ] ],
      "multiple" : false,
      "reordering_enabled" : true,
      "preset" : null,
      "type" : "choice",
      "display_width" : null,
      "default" : "left"
    }, {
      "id" : "f36e3eff-a3a7-9c31-2224-233ff6fd3115",
      "name" : "menu_layout",
      "label" : "Menu Layout (Mobile)",
      "required" : true,
      "locked" : false,
      "display" : "select",
      "choices" : [ [ "single_column", "Single Column" ], [ "multi_column", "Multi Column" ] ],
      "multiple" : false,
      "reordering_enabled" : true,
      "preset" : null,
      "type" : "choice",
      "display_width" : null,
      "default" : "single_column"
    } ],
    "tab" : "STYLE",
    "expanded" : false,
    "group_occurrence_meta" : null,
    "type" : "group",
    "display_width" : null,
    "default" : {
      "col_layout" : "one_col",
      "menu_layout" : "single_column",
      "logo_alignment" : "align-items-start justify-content-start",
      "menu_alignment" : "space-between",
      "menu_text_alignment" : "left"
    }
  }, {
    "id" : "design_settings.layout",
    "name" : "layout",
    "label" : "Layout",
    "help_text" : "",
    "required" : true,
    "locked" : false,
    "display" : "select",
    "choices" : [ [ "container", "Default" ], [ "container container-small", "Small" ], [ "container container-large", "Large" ], [ "container-fluid", "Full Width" ] ],
    "multiple" : false,
    "reordering_enabled" : true,
    "preset" : null,
    "type" : "choice",
    "display_width" : null,
    "default" : "container"
  }, {
    "id" : "design_settings.container_width",
    "name" : "container_width",
    "label" : "Container Width",
    "help_text" : "<strong>Maximum:</strong> 100% of the container<br><br>\n<strong>Wide:</strong> 83% of the container<br><br>\n<strong>Narrow:</strong> 66% of the container<br><br>\n<strong>Minimum:</strong> 50% of the container",
    "required" : true,
    "locked" : false,
    "display" : "select",
    "choices" : [ [ "min", "Minimum" ], [ "narrow", "Narrow" ], [ "wide", "Wide" ], [ "max", "Maximum" ] ],
    "multiple" : false,
    "reordering_enabled" : true,
    "preset" : null,
    "type" : "choice",
    "display_width" : null,
    "default" : "max"
  }, {
    "id" : "design_settings.top_bottom_padding",
    "name" : "top_bottom_padding",
    "label" : "Top Bottom Padding",
    "help_text" : "<strong>Use default values:</strong> Uses any inherit padding values<br><br><strong>No Padding:</strong> Set padding to 0<br><br><strong>Small:</strong> Uses a preset small padding<br><br><strong>Large:</strong> Uses a preset large padding<br><br><strong>Custom:</strong> Custom padding",
    "required" : true,
    "locked" : false,
    "display" : "select",
    "choices" : [ [ "auto", "Use default values" ], [ "zero", "No Padding" ], [ "half", "Small padding" ], [ "full", "Large padding" ], [ "custom", "Custom padding" ] ],
    "multiple" : false,
    "reordering_enabled" : true,
    "preset" : null,
    "type" : "choice",
    "display_width" : null,
    "default" : "half"
  }, {
    "id" : "design_settings.spacing",
    "name" : "spacing",
    "label" : "Spacing",
    "required" : false,
    "locked" : false,
    "visibility" : {
      "controlling_field" : "design_settings.top_bottom_padding",
      "controlling_field_path" : null,
      "controlling_value_regex" : "custom",
      "property" : null,
      "operator" : "EQUAL",
      "access" : null
    },
    "type" : "spacing",
    "display_width" : null,
    "default" : {
      "margin" : {
        "top" : {
          "units" : "rem",
          "value" : 0
        },
        "bottom" : {
          "units" : "rem",
          "value" : 0
        }
      },
      "padding" : {
        "top" : {
          "units" : "rem",
          "value" : 6.25
        },
        "left" : {
          "units" : "rem",
          "value" : 0
        },
        "right" : {
          "units" : "rem",
          "value" : 0
        },
        "bottom" : {
          "units" : "rem",
          "value" : 6.25
        }
      }
    }
  }, {
    "id" : "design_settings.background_option",
    "name" : "background_option",
    "label" : "Background Option",
    "inline_help_text" : "For the <strong>Video</strong> option, return to the <strong>🖉 Content</strong> tab to edit the video source",
    "required" : true,
    "locked" : false,
    "display" : "select",
    "choices" : [ [ "image", "Image" ], [ "video", "Video" ], [ "color", "Color" ], [ "custom", "Custom" ], [ "gradient", "Gradient" ] ],
    "multiple" : false,
    "reordering_enabled" : true,
    "preset" : null,
    "type" : "choice",
    "display_width" : null,
    "default" : "color"
  }, {
    "id" : "design_settings.background_image",
    "name" : "background_image",
    "label" : "Background Image",
    "help_text" : "Source for background image or before the video loads",
    "required" : false,
    "locked" : false,
    "visibility" : {
      "controlling_field" : "design_settings.background_option",
      "controlling_field_path" : null,
      "controlling_value_regex" : "image",
      "property" : null,
      "operator" : "EQUAL",
      "access" : null
    },
    "type" : "backgroundimage",
    "display_width" : null,
    "default" : {
      "src" : "",
      "background_size" : "cover",
      "background_position" : "MIDDLE_CENTER"
    }
  }, {
    "id" : "design_settings.background_overlay_color",
    "name" : "background_overlay_color",
    "label" : "Background Overlay Color",
    "help_text" : "Overlay color on top of the image/video",
    "required" : false,
    "locked" : false,
    "visibility" : {
      "controlling_field" : "design_settings.background_option",
      "controlling_field_path" : null,
      "controlling_value_regex" : "image|video",
      "property" : null,
      "operator" : "MATCHES_REGEX",
      "access" : null
    },
    "type" : "color",
    "display_width" : null,
    "default" : {
      "color" : "#343a40",
      "opacity" : 30
    }
  }, {
    "id" : "design_settings.background_color",
    "name" : "background_color",
    "label" : "Background Color",
    "required" : false,
    "locked" : false,
    "visibility" : {
      "controlling_field" : "design_settings.background_option",
      "controlling_field_path" : null,
      "controlling_value_regex" : "color",
      "property" : null,
      "operator" : "EQUAL",
      "access" : null
    },
    "display" : "select",
    "choices" : [ [ "primary", "Primary" ], [ "secondary", "Secondary" ], [ "tertiary", "Tertiary" ], [ "white", "White" ], [ "black", "Black" ], [ "dark", "Dark" ], [ "light", "Light" ], [ "success", "Success" ], [ "info", "Info" ], [ "warning", "Warning" ], [ "danger", "Danger" ], [ "gradient_one", "Gradient One" ], [ "gradient_two", "Gradient Two" ], [ "none", "None" ] ],
    "multiple" : false,
    "reordering_enabled" : true,
    "preset" : null,
    "type" : "choice",
    "display_width" : null,
    "default" : "light"
  }, {
    "id" : "design_settings.background_custom",
    "name" : "background_custom",
    "label" : "Background Color",
    "help_text" : "For transparent images or before the image/video loads",
    "required" : false,
    "locked" : false,
    "visibility" : {
      "controlling_field" : "design_settings.background_option",
      "controlling_field_path" : null,
      "controlling_value_regex" : "custom|image|video",
      "property" : null,
      "operator" : "MATCHES_REGEX",
      "access" : null
    },
    "type" : "color",
    "display_width" : null,
    "default" : {
      "color" : "#fff",
      "opacity" : 100
    }
  }, {
    "id" : "design_settings.background_gradient",
    "name" : "background_gradient",
    "label" : "Background Gradient",
    "required" : false,
    "locked" : false,
    "visibility" : {
      "controlling_field" : "design_settings.background_option",
      "controlling_field_path" : null,
      "controlling_value_regex" : "gradient",
      "property" : null,
      "operator" : "EQUAL",
      "access" : null
    },
    "type" : "gradient",
    "display_width" : null,
    "default" : {
      "colors" : [ {
        "color" : {
          "a" : 1,
          "b" : 255,
          "g" : 99,
          "r" : 12
        }
      }, {
        "color" : {
          "a" : 1,
          "b" : 255,
          "g" : 151,
          "r" : 24
        }
      } ],
      "side_or_corner" : {
        "verticalSide" : "TOP",
        "horizontalSide" : "LEFT"
      }
    }
  }, {
    "id" : "design_settings.text_color",
    "name" : "text_color",
    "label" : "Text Color",
    "help_text" : "Set to <strong>Auto</strong> to use the default text color<br><br>Set to <strong>Custom</strong> to set a custom text color",
    "required" : true,
    "locked" : false,
    "display" : "select",
    "choices" : [ [ "auto", "Auto" ], [ "primary", "Primary" ], [ "secondary", "Secondary" ], [ "tertiary", "Tertiary" ], [ "white", "White" ], [ "black", "Black" ], [ "dark", "Dark" ], [ "light", "Light" ], [ "success", "Success" ], [ "info", "Info" ], [ "warning", "Warning" ], [ "danger", "Danger" ], [ "gradient_one", "Gradient One" ], [ "gradient_two", "Gradient Two" ], [ "custom", "Custom" ] ],
    "multiple" : false,
    "reordering_enabled" : true,
    "preset" : null,
    "type" : "choice",
    "display_width" : null,
    "default" : "custom"
  }, {
    "id" : "55dae192-52b3-3761-a0c8-9db877e521c7",
    "name" : "top_link_color",
    "label" : "Top Link Color",
    "required" : false,
    "locked" : false,
    "visibility" : {
      "controlling_field" : "design_settings.text_color",
      "controlling_field_path" : null,
      "controlling_value_regex" : "custom",
      "property" : null,
      "operator" : "EQUAL",
      "access" : null
    },
    "type" : "color",
    "display_width" : null,
    "default" : {
      "color" : "#000",
      "opacity" : 100
    }
  }, {
    "id" : "design_settings.text_color_custom",
    "name" : "text_color_custom",
    "label" : "Text Color",
    "required" : false,
    "locked" : false,
    "visibility" : {
      "controlling_field" : "design_settings.text_color",
      "controlling_field_path" : null,
      "controlling_value_regex" : "custom",
      "property" : null,
      "operator" : "EQUAL",
      "access" : null
    },
    "type" : "color",
    "display_width" : null,
    "default" : {
      "color" : "#000",
      "opacity" : 50
    }
  }, {
    "id" : "15504392-e1ec-75a4-726c-2ba3ac471e1f",
    "name" : "link_hover_color",
    "label" : "Link Hover Color",
    "required" : false,
    "locked" : false,
    "visibility" : {
      "controlling_field" : "design_settings.text_color",
      "controlling_field_path" : null,
      "controlling_value_regex" : "custom",
      "property" : null,
      "operator" : "EQUAL",
      "access" : null
    },
    "type" : "color",
    "display_width" : null,
    "default" : {
      "color" : "#65cf87",
      "opacity" : 100
    }
  }, {
    "id" : "design_settings.border",
    "name" : "border",
    "label" : "Border",
    "required" : false,
    "locked" : false,
    "allow_custom_border_sides" : true,
    "type" : "border",
    "display_width" : null,
    "default" : {
      "top" : {
        "color" : "#e5e7ea",
        "style" : "none",
        "width" : {
          "units" : "px",
          "value" : 0
        },
        "opacity" : 100
      },
      "bottom" : {
        "color" : "#e5e7ea",
        "style" : "none",
        "width" : {
          "units" : "px",
          "value" : 0
        },
        "opacity" : 100
      }
    }
  }, {
    "id" : "design_settings.responsive_settings",
    "name" : "responsive_settings",
    "label" : "Responsive Settings",
    "required" : false,
    "locked" : false,
    "children" : [ {
      "id" : "design_settings.responsive_settings.tablet",
      "name" : "tablet",
      "label" : "Tablet",
      "inline_help_text" : "Breakpoint: 992px",
      "required" : false,
      "locked" : false,
      "children" : [ {
        "id" : "design_settings.responsive_settings.tablet.tablet_top_bottom_padding",
        "name" : "tablet_top_bottom_padding",
        "label" : "Top Bottom Padding",
        "required" : true,
        "locked" : false,
        "display" : "select",
        "choices" : [ [ "auto", "Use default values" ], [ "zero", "No Padding" ], [ "half", "Small padding" ], [ "full", "Large padding" ], [ "custom", "Custom Padding" ] ],
        "multiple" : false,
        "reordering_enabled" : true,
        "preset" : null,
        "type" : "choice",
        "display_width" : null,
        "default" : "auto"
      }, {
        "id" : "design_settings.responsive_settings.tablet.tablet_spacing",
        "name" : "tablet_spacing",
        "label" : "Tablet Spacing",
        "required" : false,
        "locked" : false,
        "visibility" : {
          "controlling_field" : "design_settings.responsive_settings.tablet.tablet_top_bottom_padding",
          "controlling_field_path" : null,
          "controlling_value_regex" : "custom",
          "property" : null,
          "operator" : "EQUAL",
          "access" : null
        },
        "type" : "spacing",
        "display_width" : null,
        "default" : {
          "margin" : {
            "top" : {
              "units" : "rem",
              "value" : 0
            },
            "bottom" : {
              "units" : "rem",
              "value" : 0
            }
          },
          "padding" : {
            "top" : {
              "units" : "rem",
              "value" : 3.25
            },
            "left" : {
              "units" : "rem",
              "value" : 0
            },
            "right" : {
              "units" : "rem",
              "value" : 0
            },
            "bottom" : {
              "units" : "rem",
              "value" : 3.25
            }
          }
        }
      }, {
        "id" : "design_settings.responsive_settings.tablet.tablet_background_option",
        "name" : "tablet_background_option",
        "label" : "Background Option",
        "inline_help_text" : "For the <strong>Video</strong> option, return to the <strong>🖉 Content</strong> tab to edit the video source",
        "required" : true,
        "locked" : false,
        "display" : "select",
        "choices" : [ [ "auto", "Auto" ], [ "custom", "Custom" ] ],
        "multiple" : false,
        "reordering_enabled" : true,
        "preset" : null,
        "type" : "choice",
        "display_width" : null,
        "default" : "auto"
      }, {
        "id" : "design_settings.responsive_settings.tablet.tablet_background_image",
        "name" : "tablet_background_image",
        "label" : "Background Image",
        "help_text" : "Source for background image or before the video loads",
        "required" : false,
        "locked" : false,
        "visibility_rules" : "ADVANCED",
        "advanced_visibility" : {
          "boolean_operator" : "AND",
          "criteria" : [ {
            "controlling_field" : null,
            "controlling_field_path" : "design_settings.responsive_settings.tablet.tablet_background_option",
            "controlling_value_regex" : "custom",
            "property" : null,
            "operator" : "EQUAL",
            "access" : null
          }, {
            "controlling_field" : null,
            "controlling_field_path" : "design_settings.background_option",
            "controlling_value_regex" : "image|video",
            "property" : null,
            "operator" : "MATCHES_REGEX",
            "access" : null
          } ],
          "children" : [ ]
        },
        "type" : "backgroundimage",
        "display_width" : null,
        "default" : {
          "src" : "https://www.lean-labs.com/hubfs/sr-assets/pattern-library/sr-hero-01/sr-hero-01-v2.jpg",
          "background_size" : "cover",
          "background_position" : "MIDDLE_CENTER"
        }
      }, {
        "id" : "design_settings.responsive_settings.tablet.tablet_background_overlay_color",
        "name" : "tablet_background_overlay_color",
        "label" : "Background Overlay Color",
        "help_text" : "Overlay color on top of the image/video",
        "required" : false,
        "locked" : false,
        "visibility_rules" : "ADVANCED",
        "advanced_visibility" : {
          "boolean_operator" : "AND",
          "criteria" : [ {
            "controlling_field" : null,
            "controlling_field_path" : "design_settings.responsive_settings.tablet.tablet_background_option",
            "controlling_value_regex" : "custom",
            "property" : null,
            "operator" : "EQUAL",
            "access" : null
          }, {
            "controlling_field" : null,
            "controlling_field_path" : "design_settings.background_option",
            "controlling_value_regex" : "image|video",
            "property" : null,
            "operator" : "MATCHES_REGEX",
            "access" : null
          } ],
          "children" : [ ]
        },
        "type" : "color",
        "display_width" : null,
        "default" : {
          "color" : "#343a40",
          "opacity" : 30
        }
      }, {
        "id" : "design_settings.responsive_settings.tablet.tablet_background_color",
        "name" : "tablet_background_color",
        "label" : "Background Color",
        "required" : true,
        "locked" : false,
        "visibility_rules" : "ADVANCED",
        "advanced_visibility" : {
          "boolean_operator" : "AND",
          "criteria" : [ {
            "controlling_field" : null,
            "controlling_field_path" : "design_settings.responsive_settings.tablet.tablet_background_option",
            "controlling_value_regex" : "custom",
            "property" : null,
            "operator" : "EQUAL",
            "access" : null
          }, {
            "controlling_field" : null,
            "controlling_field_path" : "design_settings.background_option",
            "controlling_value_regex" : "color",
            "property" : null,
            "operator" : "MATCHES_REGEX",
            "access" : null
          } ],
          "children" : [ ]
        },
        "display" : "select",
        "choices" : [ [ "primary", "Primary" ], [ "secondary", "Secondary" ], [ "tertiary", "Tertiary" ], [ "white", "White" ], [ "black", "Black" ], [ "dark", "Dark" ], [ "light", "Light" ], [ "success", "Success" ], [ "info", "Info" ], [ "warning", "Warning" ], [ "danger", "Danger" ], [ "none", "None" ] ],
        "multiple" : false,
        "reordering_enabled" : true,
        "preset" : null,
        "type" : "choice",
        "display_width" : null,
        "default" : "primary"
      }, {
        "id" : "design_settings.responsive_settings.tablet.tablet_background_custom",
        "name" : "tablet_background_custom",
        "label" : "Background Color",
        "help_text" : "For transparent images or before the image/video loads",
        "required" : false,
        "locked" : false,
        "visibility_rules" : "ADVANCED",
        "advanced_visibility" : {
          "boolean_operator" : "AND",
          "criteria" : [ {
            "controlling_field" : null,
            "controlling_field_path" : "design_settings.responsive_settings.tablet.tablet_background_option",
            "controlling_value_regex" : "custom",
            "property" : null,
            "operator" : "EQUAL",
            "access" : null
          }, {
            "controlling_field" : null,
            "controlling_field_path" : "design_settings.background_option",
            "controlling_value_regex" : "custom|image|video",
            "property" : null,
            "operator" : "MATCHES_REGEX",
            "access" : null
          } ],
          "children" : [ ]
        },
        "type" : "color",
        "display_width" : null,
        "default" : {
          "color" : "#fff",
          "opacity" : 100
        }
      }, {
        "id" : "design_settings.responsive_settings.tablet.tablet_background_gradient",
        "name" : "tablet_background_gradient",
        "label" : "Background Gradient",
        "required" : false,
        "locked" : false,
        "visibility_rules" : "ADVANCED",
        "advanced_visibility" : {
          "boolean_operator" : "AND",
          "criteria" : [ {
            "controlling_field" : null,
            "controlling_field_path" : "design_settings.responsive_settings.tablet.tablet_background_option",
            "controlling_value_regex" : "custom",
            "property" : null,
            "operator" : "EQUAL",
            "access" : null
          }, {
            "controlling_field" : null,
            "controlling_field_path" : "design_settings.background_option",
            "controlling_value_regex" : "gradient",
            "property" : null,
            "operator" : "MATCHES_REGEX",
            "access" : null
          } ],
          "children" : [ ]
        },
        "type" : "gradient",
        "display_width" : null,
        "default" : {
          "colors" : [ {
            "color" : {
              "a" : 1,
              "b" : 255,
              "g" : 99,
              "r" : 12
            }
          }, {
            "color" : {
              "a" : 1,
              "b" : 255,
              "g" : 151,
              "r" : 24
            }
          } ],
          "side_or_corner" : {
            "verticalSide" : "TOP",
            "horizontalSide" : "LEFT"
          }
        }
      }, {
        "id" : "design_settings.responsive_settings.tablet.tablet_fixed_background",
        "name" : "tablet_fixed_background",
        "label" : "Fixed Background",
        "required" : false,
        "locked" : false,
        "visibility_rules" : "ADVANCED",
        "advanced_visibility" : {
          "boolean_operator" : "AND",
          "criteria" : [ {
            "controlling_field" : null,
            "controlling_field_path" : "design_settings.responsive_settings.tablet.tablet_background_option",
            "controlling_value_regex" : "custom",
            "property" : null,
            "operator" : "EQUAL",
            "access" : null
          }, {
            "controlling_field" : null,
            "controlling_field_path" : "design_settings.background_option",
            "controlling_value_regex" : "image|video",
            "property" : null,
            "operator" : "MATCHES_REGEX",
            "access" : null
          } ],
          "children" : [ ]
        },
        "display" : "toggle",
        "type" : "boolean",
        "display_width" : null,
        "default" : false
      } ],
      "tab" : "STYLE",
      "expanded" : true,
      "group_occurrence_meta" : null,
      "type" : "group",
      "display_width" : null,
      "default" : {
        "tablet_background_color" : "primary",
        "tablet_background_image" : {
          "src" : "https://www.lean-labs.com/hubfs/sr-assets/pattern-library/sr-hero-01/sr-hero-01-v2.jpg",
          "background_size" : "cover",
          "background_position" : "MIDDLE_CENTER"
        },
        "tablet_fixed_background" : false,
        "tablet_background_custom" : {
          "color" : "#fff",
          "opacity" : 100
        },
        "tablet_background_option" : "auto",
        "tablet_background_gradient" : {
          "colors" : [ {
            "color" : {
              "a" : 1,
              "b" : 255,
              "g" : 99,
              "r" : 12
            }
          }, {
            "color" : {
              "a" : 1,
              "b" : 255,
              "g" : 151,
              "r" : 24
            }
          } ],
          "side_or_corner" : {
            "verticalSide" : "TOP",
            "horizontalSide" : "LEFT"
          }
        },
        "tablet_background_overlay_color" : {
          "color" : "#343a40",
          "opacity" : 30
        }
      }
    }, {
      "id" : "design_settings.responsive_settings.mobile",
      "name" : "mobile",
      "label" : "Mobile",
      "inline_help_text" : "Breakpoint: 768px",
      "required" : false,
      "locked" : false,
      "children" : [ {
        "id" : "design_settings.responsive_settings.mobile.mobile_top_bottom_padding",
        "name" : "mobile_top_bottom_padding",
        "label" : "Top Bottom Padding",
        "required" : true,
        "locked" : false,
        "display" : "select",
        "choices" : [ [ "auto", "Use default values" ], [ "zero", "No Padding" ], [ "half", "Small padding" ], [ "full", "Large padding" ], [ "custom", "Custom Padding" ] ],
        "multiple" : false,
        "reordering_enabled" : true,
        "preset" : null,
        "type" : "choice",
        "display_width" : null,
        "default" : "auto"
      }, {
        "id" : "design_settings.responsive_settings.mobile.mobile_spacing",
        "name" : "mobile_spacing",
        "label" : "Mobile Spacing",
        "required" : false,
        "locked" : false,
        "visibility" : {
          "controlling_field" : "design_settings.responsive_settings.mobile.mobile_top_bottom_padding",
          "controlling_field_path" : null,
          "controlling_value_regex" : "custom",
          "property" : null,
          "operator" : "EQUAL",
          "access" : null
        },
        "type" : "spacing",
        "display_width" : null,
        "default" : {
          "margin" : {
            "top" : {
              "units" : "rem",
              "value" : 0
            },
            "bottom" : {
              "units" : "rem",
              "value" : 0
            }
          },
          "padding" : {
            "top" : {
              "units" : "rem",
              "value" : 3.25
            },
            "left" : {
              "units" : "rem",
              "value" : 0
            },
            "right" : {
              "units" : "rem",
              "value" : 0
            },
            "bottom" : {
              "units" : "rem",
              "value" : 3.25
            }
          }
        }
      }, {
        "id" : "design_settings.responsive_settings.mobile.mobile_background_option",
        "name" : "mobile_background_option",
        "label" : "Background Option",
        "inline_help_text" : "For the <strong>Video</strong> option, return to the <strong>🖉 Content</strong> tab to edit the video source",
        "required" : true,
        "locked" : false,
        "display" : "select",
        "choices" : [ [ "auto", "Auto" ], [ "custom", "Custom" ] ],
        "multiple" : false,
        "reordering_enabled" : true,
        "preset" : null,
        "type" : "choice",
        "display_width" : null,
        "default" : "auto"
      }, {
        "id" : "design_settings.responsive_settings.mobile.mobile_background_image",
        "name" : "mobile_background_image",
        "label" : "Background Image",
        "help_text" : "Source for background image or before the video loads",
        "required" : false,
        "locked" : false,
        "visibility_rules" : "ADVANCED",
        "advanced_visibility" : {
          "boolean_operator" : "AND",
          "criteria" : [ {
            "controlling_field" : null,
            "controlling_field_path" : "design_settings.responsive_settings.mobile.mobile_background_option",
            "controlling_value_regex" : "custom",
            "property" : null,
            "operator" : "EQUAL",
            "access" : null
          }, {
            "controlling_field" : null,
            "controlling_field_path" : "design_settings.background_option",
            "controlling_value_regex" : "image|video",
            "property" : null,
            "operator" : "MATCHES_REGEX",
            "access" : null
          } ],
          "children" : [ ]
        },
        "type" : "backgroundimage",
        "display_width" : null,
        "default" : {
          "src" : "https://www.lean-labs.com/hubfs/sr-assets/pattern-library/sr-hero-01/sr-hero-01-v2.jpg",
          "background_size" : "cover",
          "background_position" : "MIDDLE_CENTER"
        }
      }, {
        "id" : "design_settings.responsive_settings.mobile.mobile_background_overlay_color",
        "name" : "mobile_background_overlay_color",
        "label" : "Background Overlay Color",
        "help_text" : "Overlay color on top of the image/video",
        "required" : false,
        "locked" : false,
        "visibility_rules" : "ADVANCED",
        "advanced_visibility" : {
          "boolean_operator" : "AND",
          "criteria" : [ {
            "controlling_field" : null,
            "controlling_field_path" : "design_settings.responsive_settings.mobile.mobile_background_option",
            "controlling_value_regex" : "custom",
            "property" : null,
            "operator" : "EQUAL",
            "access" : null
          }, {
            "controlling_field" : null,
            "controlling_field_path" : "design_settings.background_option",
            "controlling_value_regex" : "image|video",
            "property" : null,
            "operator" : "MATCHES_REGEX",
            "access" : null
          } ],
          "children" : [ ]
        },
        "type" : "color",
        "display_width" : null,
        "default" : {
          "color" : "#343a40",
          "opacity" : 30
        }
      }, {
        "id" : "design_settings.responsive_settings.mobile.mobile_background_color",
        "name" : "mobile_background_color",
        "label" : "Background Color",
        "required" : true,
        "locked" : false,
        "visibility_rules" : "ADVANCED",
        "advanced_visibility" : {
          "boolean_operator" : "AND",
          "criteria" : [ {
            "controlling_field" : null,
            "controlling_field_path" : "design_settings.responsive_settings.mobile.mobile_background_option",
            "controlling_value_regex" : "custom",
            "property" : null,
            "operator" : "EQUAL",
            "access" : null
          }, {
            "controlling_field" : null,
            "controlling_field_path" : "design_settings.background_option",
            "controlling_value_regex" : "color",
            "property" : null,
            "operator" : "MATCHES_REGEX",
            "access" : null
          } ],
          "children" : [ ]
        },
        "display" : "select",
        "choices" : [ [ "primary", "Primary" ], [ "secondary", "Secondary" ], [ "tertiary", "Tertiary" ], [ "white", "White" ], [ "black", "Black" ], [ "dark", "Dark" ], [ "light", "Light" ], [ "success", "Success" ], [ "info", "Info" ], [ "warning", "Warning" ], [ "danger", "Danger" ], [ "none", "None" ] ],
        "multiple" : false,
        "reordering_enabled" : true,
        "preset" : null,
        "type" : "choice",
        "display_width" : null,
        "default" : "primary"
      }, {
        "id" : "design_settings.responsive_settings.mobile.mobile_background_custom",
        "name" : "mobile_background_custom",
        "label" : "Background Color",
        "help_text" : "For transparent images or before the image/video loads",
        "required" : false,
        "locked" : false,
        "visibility_rules" : "ADVANCED",
        "advanced_visibility" : {
          "boolean_operator" : "AND",
          "criteria" : [ {
            "controlling_field" : null,
            "controlling_field_path" : "design_settings.responsive_settings.mobile.mobile_background_option",
            "controlling_value_regex" : "custom",
            "property" : null,
            "operator" : "EQUAL",
            "access" : null
          }, {
            "controlling_field" : null,
            "controlling_field_path" : "design_settings.background_option",
            "controlling_value_regex" : "custom|image|video",
            "property" : null,
            "operator" : "MATCHES_REGEX",
            "access" : null
          } ],
          "children" : [ ]
        },
        "type" : "color",
        "display_width" : null,
        "default" : {
          "color" : "#fff",
          "opacity" : 100
        }
      }, {
        "id" : "design_settings.responsive_settings.mobile.mobile_background_gradient",
        "name" : "mobile_background_gradient",
        "label" : "Background Gradient",
        "required" : false,
        "locked" : false,
        "visibility_rules" : "ADVANCED",
        "advanced_visibility" : {
          "boolean_operator" : "AND",
          "criteria" : [ {
            "controlling_field" : null,
            "controlling_field_path" : "design_settings.responsive_settings.mobile.mobile_background_option",
            "controlling_value_regex" : "custom",
            "property" : null,
            "operator" : "EQUAL",
            "access" : null
          }, {
            "controlling_field" : null,
            "controlling_field_path" : "design_settings.background_option",
            "controlling_value_regex" : "gradient",
            "property" : null,
            "operator" : "MATCHES_REGEX",
            "access" : null
          } ],
          "children" : [ ]
        },
        "type" : "gradient",
        "display_width" : null,
        "default" : {
          "colors" : [ {
            "color" : {
              "a" : 1,
              "b" : 255,
              "g" : 99,
              "r" : 12
            }
          }, {
            "color" : {
              "a" : 1,
              "b" : 255,
              "g" : 151,
              "r" : 24
            }
          } ],
          "side_or_corner" : {
            "verticalSide" : "TOP",
            "horizontalSide" : "LEFT"
          }
        }
      } ],
      "tab" : "STYLE",
      "expanded" : true,
      "group_occurrence_meta" : null,
      "type" : "group",
      "display_width" : null,
      "default" : {
        "mobile_background_color" : "primary",
        "mobile_background_image" : {
          "src" : "https://www.lean-labs.com/hubfs/sr-assets/pattern-library/sr-hero-01/sr-hero-01-v2.jpg",
          "background_size" : "cover",
          "background_position" : "MIDDLE_CENTER"
        },
        "mobile_background_custom" : {
          "color" : "#fff",
          "opacity" : 100
        },
        "mobile_background_option" : "auto",
        "mobile_background_gradient" : {
          "colors" : [ {
            "color" : {
              "a" : 1,
              "b" : 255,
              "g" : 99,
              "r" : 12
            }
          }, {
            "color" : {
              "a" : 1,
              "b" : 255,
              "g" : 151,
              "r" : 24
            }
          } ],
          "side_or_corner" : {
            "verticalSide" : "TOP",
            "horizontalSide" : "LEFT"
          }
        },
        "mobile_background_overlay_color" : {
          "color" : "#343a40",
          "opacity" : 30
        }
      }
    } ],
    "tab" : "STYLE",
    "expanded" : false,
    "group_occurrence_meta" : null,
    "type" : "group",
    "display_width" : null,
    "default" : {
      "mobile" : {
        "mobile_spacing" : {
          "margin" : {
            "top" : {
              "units" : "rem",
              "value" : 0
            },
            "bottom" : {
              "units" : "rem",
              "value" : 0
            }
          },
          "padding" : {
            "top" : {
              "units" : "rem",
              "value" : 3.25
            },
            "left" : {
              "units" : "rem",
              "value" : 0
            },
            "right" : {
              "units" : "rem",
              "value" : 0
            },
            "bottom" : {
              "units" : "rem",
              "value" : 3.25
            }
          }
        },
        "mobile_top_bottom_padding" : "auto"
      },
      "tablet" : {
        "tablet_spacing" : {
          "margin" : {
            "top" : {
              "units" : "rem",
              "value" : 0
            },
            "bottom" : {
              "units" : "rem",
              "value" : 0
            }
          },
          "padding" : {
            "top" : {
              "units" : "rem",
              "value" : 3.25
            },
            "left" : {
              "units" : "rem",
              "value" : 0
            },
            "right" : {
              "units" : "rem",
              "value" : 0
            },
            "bottom" : {
              "units" : "rem",
              "value" : 3.25
            }
          }
        },
        "tablet_top_bottom_padding" : "auto"
      }
    }
  } ],
  "tab" : "STYLE",
  "expanded" : false,
  "group_occurrence_meta" : null,
  "type" : "group",
  "display_width" : null,
  "default" : {
    "border" : {
      "top" : {
        "color" : "#e5e7ea",
        "style" : "none",
        "width" : {
          "units" : "px",
          "value" : 0
        },
        "opacity" : 100
      },
      "bottom" : {
        "color" : "#e5e7ea",
        "style" : "none",
        "width" : {
          "units" : "px",
          "value" : 0
        },
        "opacity" : 100
      }
    },
    "layout" : "container",
    "spacing" : {
      "margin" : {
        "top" : {
          "units" : "rem",
          "value" : 0
        },
        "bottom" : {
          "units" : "rem",
          "value" : 0
        }
      },
      "padding" : {
        "top" : {
          "units" : "rem",
          "value" : 6.25
        },
        "left" : {
          "units" : "rem",
          "value" : 0
        },
        "right" : {
          "units" : "rem",
          "value" : 0
        },
        "bottom" : {
          "units" : "rem",
          "value" : 6.25
        }
      }
    },
    "text_color" : "custom",
    "footer_options" : {
      "col_layout" : "one_col",
      "menu_layout" : "single_column",
      "logo_alignment" : "align-items-start justify-content-start",
      "menu_alignment" : "space-between",
      "menu_text_alignment" : "left"
    },
    "top_link_color" : {
      "color" : "#000",
      "opacity" : 100
    },
    "container_width" : "max",
    "background_color" : "light",
    "background_image" : {
      "src" : "",
      "background_size" : "cover",
      "background_position" : "MIDDLE_CENTER"
    },
    "link_hover_color" : {
      "color" : "#65cf87",
      "opacity" : 100
    },
    "background_custom" : {
      "color" : "#fff",
      "opacity" : 100
    },
    "background_option" : "color",
    "text_color_custom" : {
      "color" : "#000",
      "opacity" : 50
    },
    "top_bottom_padding" : "half",
    "background_gradient" : {
      "colors" : [ {
        "color" : {
          "a" : 1,
          "b" : 255,
          "g" : 99,
          "r" : 12
        }
      }, {
        "color" : {
          "a" : 1,
          "b" : 255,
          "g" : 151,
          "r" : 24
        }
      } ],
      "side_or_corner" : {
        "verticalSide" : "TOP",
        "horizontalSide" : "LEFT"
      }
    },
    "responsive_settings" : {
      "mobile" : {
        "mobile_spacing" : {
          "margin" : {
            "top" : {
              "units" : "rem",
              "value" : 0
            },
            "bottom" : {
              "units" : "rem",
              "value" : 0
            }
          },
          "padding" : {
            "top" : {
              "units" : "rem",
              "value" : 3.25
            },
            "left" : {
              "units" : "rem",
              "value" : 0
            },
            "right" : {
              "units" : "rem",
              "value" : 0
            },
            "bottom" : {
              "units" : "rem",
              "value" : 3.25
            }
          }
        },
        "mobile_top_bottom_padding" : "auto"
      },
      "tablet" : {
        "tablet_spacing" : {
          "margin" : {
            "top" : {
              "units" : "rem",
              "value" : 0
            },
            "bottom" : {
              "units" : "rem",
              "value" : 0
            }
          },
          "padding" : {
            "top" : {
              "units" : "rem",
              "value" : 3.25
            },
            "left" : {
              "units" : "rem",
              "value" : 0
            },
            "right" : {
              "units" : "rem",
              "value" : 0
            },
            "bottom" : {
              "units" : "rem",
              "value" : 3.25
            }
          }
        },
        "tablet_top_bottom_padding" : "auto"
      }
    },
    "background_overlay_color" : {
      "color" : "#343a40",
      "opacity" : 30
    }
  }
}, {
  "id" : "logo",
  "name" : "logo",
  "label" : "Logo",
  "required" : false,
  "locked" : false,
  "responsive" : true,
  "resizable" : true,
  "show_loading" : true,
  "type" : "image",
  "display_width" : null,
  "default" : {
    "alt" : "Logo",
    "src" : "https://8510912.fs1.hubspotusercontent-na1.net/hubfs/8510912/SR%20Logo%20Dark.svg",
    "width" : 215,
    "height" : 49,
    "loading" : "lazy"
  }
}, {
  "id" : "logo_link",
  "name" : "logo_link",
  "label" : "Logo Link",
  "required" : false,
  "locked" : false,
  "visibility" : {
    "controlling_field" : "logo",
    "controlling_field_path" : null,
    "controlling_value_regex" : null,
    "property" : null,
    "operator" : "NOT_EMPTY",
    "access" : null
  },
  "supported_types" : [ "EXTERNAL", "CONTENT", "FILE", "EMAIL_ADDRESS", "BLOG", "CALL_TO_ACTION", "PHONE_NUMBER", "PAYMENT" ],
  "show_advanced_rel_options" : true,
  "type" : "link",
  "display_width" : null,
  "default" : {
    "url" : {
      "href" : null,
      "type" : "CONTENT",
      "content_id" : null
    },
    "no_follow" : false,
    "open_in_new_tab" : false
  }
}, {
  "id" : "e902f670-19a5-82a0-384e-c2faa3ed70df",
  "name" : "heading",
  "label" : "Slogan",
  "required" : false,
  "locked" : false,
  "occurrence" : {
    "min" : 0,
    "max" : null,
    "sorting_label_field" : "d44e5325-eb4d-7b88-7960-b4ae20a7126b",
    "default" : 0
  },
  "children" : [ {
    "id" : "d44e5325-eb4d-7b88-7960-b4ae20a7126b",
    "name" : "heading",
    "label" : "Heading",
    "required" : false,
    "locked" : false,
    "validation_regex" : "",
    "allow_new_line" : false,
    "show_emoji_picker" : false,
    "type" : "text",
    "display_width" : null,
    "default" : "The easiest and fastest way to build on HubSpot"
  }, {
    "id" : "e605795d-8b1c-1292-9e30-ec94c60ab227",
    "name" : "heading_size",
    "label" : "Size",
    "required" : true,
    "locked" : false,
    "display" : "select",
    "choices" : [ [ "h1", "H1" ], [ "h2", "H2" ], [ "h3", "H3" ], [ "h4", "H4" ], [ "h5", "H5" ], [ "h6", "H6" ], [ "p", "P" ] ],
    "multiple" : false,
    "reordering_enabled" : true,
    "preset" : null,
    "type" : "choice",
    "display_width" : null,
    "default" : "p"
  }, {
    "id" : "1fb0e80f-f3cf-5830-e00e-327a67d3dfe4",
    "name" : "heading_display_size",
    "label" : "Display Size",
    "required" : true,
    "locked" : false,
    "display" : "select",
    "choices" : [ [ "auto", "Auto" ], [ "h1", "H1" ], [ "h2", "H2" ], [ "h3", "H3" ], [ "h4", "H4" ], [ "h5", "H5" ], [ "h6", "H6" ], [ "p", "P" ], [ "display-4", "L" ], [ "display-3", "XL" ], [ "display-2", "XXL" ], [ "display-1", "XXXL" ] ],
    "multiple" : false,
    "reordering_enabled" : true,
    "preset" : null,
    "type" : "choice",
    "display_width" : null,
    "default" : "auto"
  }, {
    "id" : "1c62d2f6-030b-ee0b-f7ec-e425d8379a58",
    "name" : "heading_color",
    "label" : "Color",
    "required" : true,
    "locked" : false,
    "display" : "select",
    "choices" : [ [ "auto", "Auto" ], [ "primary", "Primary" ], [ "secondary", "Secondary" ], [ "tertiary", "Tertiary" ], [ "white", "White" ], [ "black", "Black" ], [ "dark", "Dark" ], [ "light", "Light" ], [ "success", "Success" ], [ "info", "Info" ], [ "warning", "Warning" ], [ "danger", "Danger" ], [ "gradient_one", "Gradient One" ], [ "gradient_two", "Gradient Two" ], [ "custom", "Custom" ] ],
    "multiple" : false,
    "reordering_enabled" : true,
    "preset" : null,
    "type" : "choice",
    "display_width" : null,
    "default" : "auto"
  }, {
    "id" : "3c8d6bb3-08f6-1bea-85c9-6139c517c9c8",
    "name" : "heading_color_custom",
    "label" : "Color",
    "required" : false,
    "locked" : false,
    "visibility" : {
      "controlling_field" : "1c62d2f6-030b-ee0b-f7ec-e425d8379a58",
      "controlling_field_path" : null,
      "controlling_value_regex" : "custom",
      "property" : null,
      "operator" : "EQUAL",
      "access" : null
    },
    "type" : "color",
    "display_width" : null,
    "default" : {
      "color" : "#30343b",
      "opacity" : 100
    }
  }, {
    "id" : "9893de08-11f0-877b-4fcb-41eadba22c2c",
    "name" : "heading_align",
    "label" : "Align",
    "required" : true,
    "locked" : false,
    "display" : "select",
    "choices" : [ [ "auto", "Auto" ], [ "left", "Left" ], [ "center", "Center" ], [ "right", "Right" ] ],
    "multiple" : false,
    "reordering_enabled" : true,
    "preset" : null,
    "type" : "choice",
    "display_width" : null,
    "default" : "auto"
  }, {
    "id" : "223f1715-d1ec-ffa3-4f35-f45263c50e9f",
    "name" : "class",
    "label" : "CSS Class",
    "required" : false,
    "locked" : false,
    "validation_regex" : "",
    "allow_new_line" : false,
    "show_emoji_picker" : false,
    "type" : "text",
    "display_width" : null
  } ],
  "tab" : "CONTENT",
  "expanded" : false,
  "group_occurrence_meta" : null,
  "type" : "group",
  "display_width" : null,
  "default" : {
    "heading" : "The easiest and fastest way to build on HubSpot",
    "heading_size" : "p",
    "heading_align" : "auto",
    "heading_color" : "auto",
    "heading_color_custom" : {
      "color" : "#30343b",
      "opacity" : 100
    },
    "heading_display_size" : "auto"
  }
}, {
  "id" : "menu",
  "name" : "menu",
  "label" : "Menu",
  "required" : false,
  "locked" : false,
  "type" : "menu",
  "display_width" : null
}, {
  "id" : "copyright",
  "name" : "copyright",
  "label" : "Copyright",
  "required" : false,
  "locked" : false,
  "type" : "richtext",
  "display_width" : null,
  "default" : "<p class='small'>&copy;{{ year }} Brandvious, Inc. All rights reserved. <a href='/privacy-policy'>Privacy Policy</a></p>"
}, {
  "id" : "social_icons",
  "name" : "social_icons",
  "label" : "Social Icons",
  "required" : false,
  "locked" : false,
  "occurrence" : {
    "min" : 0,
    "max" : null,
    "sorting_label_field" : "icon",
    "default" : 0
  },
  "children" : [ {
    "id" : "social_icons.type",
    "name" : "type",
    "label" : "Type",
    "help_text" : "",
    "inline_help_text" : "",
    "required" : true,
    "locked" : false,
    "display" : "select",
    "placeholder" : "",
    "choices" : [ [ "icon", "Icon" ], [ "image", "Image" ] ],
    "multiple" : false,
    "reordering_enabled" : true,
    "preset" : null,
    "type" : "choice",
    "display_width" : null,
    "default" : "icon"
  }, {
    "id" : "icon",
    "name" : "icon",
    "label" : "Icon",
    "required" : false,
    "locked" : false,
    "visibility" : {
      "controlling_field" : null,
      "controlling_field_path" : "social_icons.type",
      "controlling_value_regex" : "icon",
      "property" : null,
      "operator" : "EQUAL",
      "access" : null
    },
    "icon_set" : "fontawesome-5.14.0",
    "type" : "icon",
    "display_width" : null,
    "default" : {
      "name" : "LinkedIn In",
      "type" : "REGULAR",
      "unicode" : "f0e1"
    }
  }, {
    "id" : "social_icons.custom_icon",
    "name" : "custom_icon",
    "label" : "Custom Icon",
    "help_text" : "",
    "inline_help_text" : "",
    "required" : false,
    "locked" : false,
    "visibility" : {
      "controlling_field" : null,
      "controlling_field_path" : "social_icons.type",
      "controlling_value_regex" : "image",
      "property" : null,
      "operator" : "EQUAL",
      "access" : null
    },
    "responsive" : true,
    "resizable" : true,
    "show_loading" : false,
    "type" : "image",
    "display_width" : null,
    "default" : {
      "alt" : "Twitter X",
      "src" : "https://www.lean-labs.com/hubfs/sr-assets/images/Twitter%20X.svg",
      "width" : 32,
      "height" : 23,
      "loading" : "lazy",
      "max_width" : 205,
      "size_type" : "exact",
      "max_height" : 150
    }
  }, {
    "id" : "link",
    "name" : "link",
    "label" : "Link",
    "required" : false,
    "locked" : false,
    "supported_types" : [ "EXTERNAL", "CONTENT", "FILE", "EMAIL_ADDRESS", "BLOG", "CALL_TO_ACTION", "PHONE_NUMBER", "PAYMENT" ],
    "show_advanced_rel_options" : true,
    "type" : "link",
    "display_width" : null,
    "default" : {
      "url" : {
        "href" : "#",
        "type" : "EXTERNAL",
        "content_id" : null
      },
      "no_follow" : false,
      "open_in_new_tab" : false
    }
  }, {
    "id" : "social_icons.aria_label",
    "name" : "aria_label",
    "label" : "Aria Label",
    "help_text" : "The aria-label attribute is used on links that have no accessible name to give it meaning to screen readers.",
    "required" : false,
    "locked" : false,
    "validation_regex" : "",
    "allow_new_line" : false,
    "show_emoji_picker" : false,
    "type" : "text",
    "display_width" : null,
    "default" : "Social link"
  }, {
    "id" : "social_icons.background_color",
    "name" : "background_color",
    "label" : "Background Color",
    "required" : false,
    "locked" : false,
    "visibility" : {
      "controlling_field" : null,
      "controlling_field_path" : "social_icons.type",
      "controlling_value_regex" : "icon",
      "property" : null,
      "operator" : "EQUAL",
      "access" : null
    },
    "type" : "color",
    "display_width" : null,
    "default" : {
      "color" : "#87909E",
      "opacity" : 100
    }
  }, {
    "id" : "social_icons.icon_color",
    "name" : "icon_color",
    "label" : "Icon Color",
    "required" : false,
    "locked" : false,
    "visibility" : {
      "controlling_field" : null,
      "controlling_field_path" : "social_icons.type",
      "controlling_value_regex" : "icon",
      "property" : null,
      "operator" : "EQUAL",
      "access" : null
    },
    "type" : "color",
    "display_width" : null,
    "default" : {
      "color" : "#fff",
      "opacity" : 100
    }
  }, {
    "id" : "social_icons.purpose",
    "name" : "purpose",
    "label" : "Purpose",
    "help_text" : "The purpose of the icon, used for accessibility. If set to decorative, an additional attribute of aria-hidden=\"true\" will be added to the icon.",
    "required" : true,
    "locked" : false,
    "display" : "select",
    "choices" : [ [ "decorative", "Decorative" ], [ "semantic", "Semantic" ] ],
    "multiple" : false,
    "reordering_enabled" : true,
    "preset" : null,
    "type" : "choice",
    "display_width" : null,
    "default" : "decorative"
  } ],
  "tab" : "CONTENT",
  "expanded" : false,
  "group_occurrence_meta" : null,
  "type" : "group",
  "display_width" : null,
  "default" : {
    "icon" : {
      "name" : "LinkedIn In",
      "type" : "REGULAR",
      "unicode" : "f0e1"
    },
    "link" : {
      "url" : {
        "href" : "#",
        "type" : "EXTERNAL",
        "content_id" : null
      },
      "no_follow" : false,
      "open_in_new_tab" : false
    },
    "aria_label" : "LinkedIn Social link",
    "icon_color" : {
      "color" : "#fff",
      "opacity" : 100
    },
    "custom_icon" : {
      "alt" : "Twitter X",
      "src" : "https://www.lean-labs.com/hubfs/sr-assets/images/Twitter%20X.svg",
      "width" : 32,
      "height" : 23,
      "loading" : "lazy",
      "max_width" : 205,
      "size_type" : "exact",
      "max_height" : 150
    },
    "background_color" : {
      "color" : "#87909E",
      "opacity" : 100
    }
  }
}, {
  "id" : "151ab520-6689-497f-0e2d-7075f523a6b5",
  "name" : "back_to_top",
  "label" : "Enable Back To Top Button",
  "required" : false,
  "locked" : false,
  "display" : "checkbox",
  "type" : "boolean",
  "display_width" : null,
  "default" : false
}, {
  "id" : "961ce4b7-c7fe-a46f-e2e7-17a44d6c6660",
  "name" : "btt_button",
  "label" : "Back To Top Button",
  "required" : false,
  "locked" : false,
  "visibility" : {
    "controlling_field" : "151ab520-6689-497f-0e2d-7075f523a6b5",
    "controlling_field_path" : null,
    "controlling_value_regex" : "true",
    "property" : null,
    "operator" : "EQUAL",
    "access" : null
  },
  "children" : [ {
    "id" : "90fc3199-17ac-f93f-ae2b-56517f55801a",
    "name" : "button_color",
    "label" : "Button Color",
    "required" : true,
    "locked" : false,
    "display" : "select",
    "choices" : [ [ "primary", "Primary" ], [ "secondary", "Secondary" ], [ "tertiary", "Tertiary" ], [ "white", "White" ], [ "black", "Black" ], [ "dark", "Dark" ], [ "light", "Light" ], [ "success", "Success" ], [ "info", "Info" ], [ "warning", "Warning" ], [ "danger", "Danger" ], [ "custom", "Custom" ] ],
    "multiple" : false,
    "reordering_enabled" : true,
    "preset" : null,
    "type" : "choice",
    "display_width" : null,
    "default" : "primary"
  }, {
    "id" : "497c962a-afdd-6b09-5f47-a3ef2bb667ab",
    "name" : "button_custom",
    "label" : "Button Color",
    "required" : false,
    "locked" : false,
    "visibility" : {
      "controlling_field" : "90fc3199-17ac-f93f-ae2b-56517f55801a",
      "controlling_field_path" : null,
      "controlling_value_regex" : "custom",
      "property" : null,
      "operator" : "EQUAL",
      "access" : null
    },
    "type" : "color",
    "display_width" : null,
    "default" : {
      "color" : "#65cf87",
      "opacity" : 100
    }
  }, {
    "id" : "28d3dc8e-c418-e6fe-6b96-1ef1a9e4ad27",
    "name" : "icon",
    "label" : "Icon",
    "required" : false,
    "locked" : false,
    "icon_set" : "fontawesome-5.14.0",
    "type" : "icon",
    "display_width" : null,
    "default" : {
      "name" : "chevron-up",
      "type" : "SOLID",
      "unicode" : "f077"
    }
  }, {
    "id" : "b62ca1f3-970f-5063-7fd1-6eae2e1219ec",
    "name" : "icon_color",
    "label" : "Icon Color",
    "required" : true,
    "locked" : false,
    "display" : "select",
    "choices" : [ [ "primary", "Primary" ], [ "secondary", "Secondary" ], [ "tertiary", "Tertiary" ], [ "white", "White" ], [ "black", "Black" ], [ "dark", "Dark" ], [ "light", "Light" ], [ "success", "Success" ], [ "info", "Info" ], [ "warning", "Warning" ], [ "danger", "Danger" ], [ "custom", "Custom" ] ],
    "multiple" : false,
    "reordering_enabled" : true,
    "preset" : null,
    "type" : "choice",
    "display_width" : null,
    "default" : "white"
  }, {
    "id" : "09b685b2-3070-1eab-c1a3-6fd29be2323f",
    "name" : "icon_custom",
    "label" : "Icon Color",
    "required" : false,
    "locked" : false,
    "visibility" : {
      "controlling_field" : "b62ca1f3-970f-5063-7fd1-6eae2e1219ec",
      "controlling_field_path" : null,
      "controlling_value_regex" : "custom",
      "property" : null,
      "operator" : "EQUAL",
      "access" : null
    },
    "type" : "color",
    "display_width" : null,
    "default" : {
      "color" : "#000",
      "opacity" : 100
    }
  }, {
    "id" : "3cec2784-2471-e6a8-ebdd-c0f79a89aedc",
    "name" : "page_target",
    "label" : "Page Target",
    "required" : false,
    "locked" : false,
    "validation_regex" : "",
    "allow_new_line" : false,
    "show_emoji_picker" : false,
    "type" : "text",
    "display_width" : null,
    "default" : "#"
  }, {
    "id" : "961ce4b7-c7fe-a46f-e2e7-17a44d6c6660.purpose",
    "name" : "purpose",
    "label" : "Purpose",
    "help_text" : "The purpose of the icon, used for accessibility. If set to decorative, an additional attribute of aria-hidden=\"true\" will be added to the icon.",
    "required" : true,
    "locked" : false,
    "display" : "select",
    "choices" : [ [ "decorative", "Decorative" ], [ "semantic", "Semantic" ] ],
    "multiple" : false,
    "reordering_enabled" : true,
    "preset" : null,
    "type" : "choice",
    "display_width" : null,
    "default" : "decorative"
  } ],
  "tab" : "CONTENT",
  "expanded" : true,
  "group_occurrence_meta" : null,
  "type" : "group",
  "display_width" : null,
  "default" : {
    "icon" : {
      "name" : "chevron-up",
      "type" : "SOLID",
      "unicode" : "f077"
    },
    "icon_color" : "white",
    "icon_custom" : {
      "color" : "#000",
      "opacity" : 100
    },
    "page_target" : "#",
    "button_color" : "primary",
    "button_custom" : {
      "color" : "#65cf87",
      "opacity" : 100
    }
  }
} ]