[ {
  "picker" : "video",
  "id" : "background_video",
  "name" : "background_video",
  "label" : "Background Video",
  "help_text" : "Add multiple file formats in order to provide compatibility with a broad range of browsers",
  "required" : false,
  "locked" : false,
  "occurrence" : {
    "min" : 0,
    "max" : null,
    "sorting_label_field" : null,
    "default" : 1
  },
  "visibility" : {
    "controlling_field" : "design_settings.background_option",
    "controlling_field_path" : null,
    "controlling_value_regex" : "video",
    "property" : null,
    "operator" : "EQUAL",
    "access" : null
  },
  "type" : "file",
  "display_width" : null,
  "default" : [ "https://www.lean-labs.com/hubfs/sr-assets/videos/sr-bg-video.mp4" ]
}, {
  "picker" : "video",
  "id" : "background_video_md",
  "name" : "background_video_md",
  "label" : "Background Video Tablet",
  "help_text" : "This background video will only be used on tablet devices",
  "required" : false,
  "locked" : false,
  "occurrence" : {
    "min" : 0,
    "max" : null,
    "sorting_label_field" : null,
    "default" : 1
  },
  "visibility_rules" : "ADVANCED",
  "advanced_visibility" : {
    "boolean_operator" : "AND",
    "criteria" : [ {
      "controlling_field" : null,
      "controlling_field_path" : "design_settings.responsive_settings.mobile.mobile_background_option",
      "controlling_value_regex" : "custom",
      "property" : null,
      "operator" : "EQUAL",
      "access" : null
    }, {
      "controlling_field" : null,
      "controlling_field_path" : "design_settings.background_option",
      "controlling_value_regex" : "video",
      "property" : null,
      "operator" : "MATCHES_REGEX",
      "access" : null
    } ],
    "children" : [ ]
  },
  "type" : "file",
  "display_width" : null
}, {
  "picker" : "video",
  "id" : "background_video_sm",
  "name" : "background_video_sm",
  "label" : "Background Video Mobile",
  "help_text" : "This background video will only be used on mobile devices",
  "required" : false,
  "locked" : false,
  "occurrence" : {
    "min" : 0,
    "max" : null,
    "sorting_label_field" : null,
    "default" : 1
  },
  "visibility_rules" : "ADVANCED",
  "advanced_visibility" : {
    "boolean_operator" : "AND",
    "criteria" : [ {
      "controlling_field" : null,
      "controlling_field_path" : "design_settings.responsive_settings.mobile.mobile_background_option",
      "controlling_value_regex" : "custom",
      "property" : null,
      "operator" : "EQUAL",
      "access" : null
    }, {
      "controlling_field" : null,
      "controlling_field_path" : "design_settings.background_option",
      "controlling_value_regex" : "video",
      "property" : null,
      "operator" : "MATCHES_REGEX",
      "access" : null
    } ],
    "children" : [ ]
  },
  "type" : "file",
  "display_width" : null
}, {
  "id" : "enabled",
  "name" : "enabled",
  "label" : "Enabled",
  "required" : false,
  "locked" : false,
  "display" : "checkbox",
  "type" : "boolean",
  "display_width" : null,
  "default" : true
}, {
  "id" : "sr_module_id",
  "name" : "sr_module_id",
  "label" : "ID",
  "help_text" : "Assign a ID to the module",
  "required" : false,
  "locked" : false,
  "validation_regex" : "",
  "allow_new_line" : false,
  "show_emoji_picker" : false,
  "type" : "text",
  "display_width" : "half_width"
}, {
  "id" : "class",
  "name" : "class",
  "label" : "Class",
  "help_text" : "Assign a CLASS to the module",
  "required" : false,
  "locked" : false,
  "validation_regex" : "",
  "allow_new_line" : false,
  "show_emoji_picker" : false,
  "type" : "text",
  "display_width" : "half_width"
}, {
  "id" : "design_settings",
  "name" : "design_settings",
  "label" : "Design Settings",
  "required" : false,
  "locked" : false,
  "children" : [ {
    "id" : "design_settings.column_styles",
    "name" : "column_styles",
    "label" : "Card Styles",
    "help_text" : "",
    "inline_help_text" : "",
    "required" : false,
    "locked" : false,
    "children" : [ {
      "id" : "column_styles.background_color",
      "name" : "background_color",
      "label" : "Background",
      "required" : true,
      "locked" : false,
      "display" : "select",
      "choices" : [ [ "auto", "Auto" ], [ "image", "Image" ], [ "primary", "Primary" ], [ "secondary", "Secondary" ], [ "tertiary", "Tertiary" ], [ "white", "White" ], [ "black", "Black" ], [ "dark", "Dark" ], [ "light", "Light" ], [ "success", "Success" ], [ "info", "Info" ], [ "warning", "Warning" ], [ "danger", "Danger" ], [ "gradient", "Gradient" ], [ "gradient_one", "Gradient One" ], [ "gradient_two", "Gradient Two" ], [ "custom", "Custom" ], [ "none", "None" ] ],
      "multiple" : false,
      "reordering_enabled" : true,
      "preset" : null,
      "type" : "choice",
      "display_width" : null,
      "default" : "image"
    }, {
      "id" : "column_styles.background_image",
      "name" : "background_image",
      "label" : "Background Image",
      "help_text" : "Source for background image or before the video loads",
      "required" : false,
      "locked" : false,
      "visibility" : {
        "controlling_field" : "column_styles.background_color",
        "controlling_field_path" : null,
        "controlling_value_regex" : "custom",
        "property" : null,
        "operator" : "EQUAL",
        "access" : null
      },
      "type" : "backgroundimage",
      "display_width" : null,
      "default" : {
        "src" : "https://www.sprocketrocket.co/hubfs/sr-assets/nebula/gradient-bg.jpg",
        "background_size" : "cover",
        "background_position" : "MIDDLE_CENTER"
      }
    }, {
      "id" : "column_styles.background_custom",
      "name" : "background_custom",
      "label" : "Background Color",
      "required" : false,
      "locked" : false,
      "visibility" : {
        "controlling_field" : "column_styles.background_color",
        "controlling_field_path" : null,
        "controlling_value_regex" : "custom",
        "property" : null,
        "operator" : "EQUAL",
        "access" : null
      },
      "type" : "color",
      "display_width" : null,
      "default" : {
        "color" : "#fff",
        "opacity" : 100
      }
    }, {
      "id" : "column_styles.background_gradient",
      "name" : "background_gradient",
      "label" : "Gradient",
      "required" : false,
      "locked" : false,
      "visibility" : {
        "controlling_field" : "column_styles.background_color",
        "controlling_field_path" : null,
        "controlling_value_regex" : "gradient",
        "property" : null,
        "operator" : "EQUAL",
        "access" : null
      },
      "type" : "gradient",
      "display_width" : null,
      "default" : {
        "colors" : [ {
          "color" : {
            "a" : 1,
            "b" : 255,
            "g" : 99,
            "r" : 12
          }
        }, {
          "color" : {
            "a" : 1,
            "b" : 255,
            "g" : 151,
            "r" : 24
          }
        } ],
        "side_or_corner" : {
          "verticalSide" : "BOTTOM",
          "horizontalSide" : "RIGHT"
        }
      }
    } ],
    "tab" : "STYLE",
    "expanded" : false,
    "group_occurrence_meta" : null,
    "type" : "group",
    "display_width" : null,
    "default" : {
      "background_color" : "image",
      "background_image" : {
        "src" : "https://www.sprocketrocket.co/hubfs/sr-assets/nebula/gradient-bg.jpg",
        "background_size" : "cover",
        "background_position" : "MIDDLE_CENTER"
      },
      "background_custom" : {
        "color" : "#fff",
        "opacity" : 100
      },
      "background_gradient" : {
        "colors" : [ {
          "color" : {
            "a" : 1,
            "b" : 255,
            "g" : 99,
            "r" : 12
          }
        }, {
          "color" : {
            "a" : 1,
            "b" : 255,
            "g" : 151,
            "r" : 24
          }
        } ],
        "side_or_corner" : {
          "verticalSide" : "BOTTOM",
          "horizontalSide" : "RIGHT"
        }
      },
      "text_color" : "auto",
      "text_color_custom" : {
        "color" : "#87909e",
        "opacity" : 100
      }
    }
  }, {
    "id" : "design_settings.layout",
    "name" : "layout",
    "label" : "Layout",
    "help_text" : "",
    "required" : true,
    "locked" : false,
    "display" : "select",
    "choices" : [ [ "container", "Default" ], [ "container container-small", "Small" ], [ "container container-large", "Large" ], [ "container-fluid", "Full Width" ] ],
    "multiple" : false,
    "reordering_enabled" : true,
    "preset" : null,
    "type" : "choice",
    "display_width" : null,
    "default" : "container-fluid"
  }, {
    "id" : "design_settings.container_width",
    "name" : "container_width",
    "label" : "Container Width",
    "help_text" : "<strong>Maximum:</strong> 100% of the container<br><br>\n<strong>Wide:</strong> 83% of the container<br><br>\n<strong>Narrow:</strong> 66% of the container<br><br>\n<strong>Minimum:</strong> 50% of the container",
    "required" : true,
    "locked" : false,
    "display" : "select",
    "choices" : [ [ "min", "Minimum" ], [ "narrow", "Narrow" ], [ "wide", "Wide" ], [ "max", "Maximum" ] ],
    "multiple" : false,
    "reordering_enabled" : true,
    "preset" : null,
    "type" : "choice",
    "display_width" : null,
    "default" : "max"
  }, {
    "id" : "design_settings.top_bottom_padding",
    "name" : "top_bottom_padding",
    "label" : "Top Bottom Padding",
    "help_text" : "<strong>Use default values:</strong> Uses any inherit padding values<br><br><strong>No Padding:</strong> Set padding to 0<br><br><strong>Small:</strong> Uses a preset small padding<br><br><strong>Large:</strong> Uses a preset large padding<br><br><strong>Custom:</strong> Custom padding",
    "required" : true,
    "locked" : false,
    "display" : "select",
    "choices" : [ [ "auto", "Use default values" ], [ "zero", "No Padding" ], [ "half", "Small padding" ], [ "full", "Large padding" ], [ "custom", "Custom padding" ] ],
    "multiple" : false,
    "reordering_enabled" : true,
    "preset" : null,
    "type" : "choice",
    "display_width" : null,
    "default" : "auto"
  }, {
    "id" : "design_settings.spacing",
    "name" : "spacing",
    "label" : "Spacing",
    "required" : false,
    "locked" : false,
    "visibility" : {
      "controlling_field" : "design_settings.top_bottom_padding",
      "controlling_field_path" : null,
      "controlling_value_regex" : "custom",
      "property" : null,
      "operator" : "EQUAL",
      "access" : null
    },
    "type" : "spacing",
    "display_width" : null,
    "default" : {
      "margin" : {
        "top" : {
          "units" : "rem",
          "value" : 0
        },
        "bottom" : {
          "units" : "rem",
          "value" : 0
        }
      },
      "padding" : {
        "top" : {
          "units" : "rem",
          "value" : 6.25
        },
        "left" : {
          "units" : "rem",
          "value" : 0
        },
        "right" : {
          "units" : "rem",
          "value" : 0
        },
        "bottom" : {
          "units" : "rem",
          "value" : 6.25
        }
      }
    }
  }, {
    "id" : "design_settings.background_option",
    "name" : "background_option",
    "label" : "Background Option",
    "inline_help_text" : "For the <strong>Video</strong> option, return to the <strong>🖉 Content</strong> tab to edit the video source",
    "required" : true,
    "locked" : false,
    "display" : "select",
    "choices" : [ [ "image", "Image" ], [ "video", "Video" ], [ "color", "Color" ], [ "custom", "Custom" ], [ "gradient", "Gradient" ] ],
    "multiple" : false,
    "reordering_enabled" : true,
    "preset" : null,
    "type" : "choice",
    "display_width" : null,
    "default" : "image"
  }, {
    "id" : "design_settings.background_image",
    "name" : "background_image",
    "label" : "Background Image",
    "help_text" : "Source for background image or before the video loads",
    "required" : false,
    "locked" : false,
    "visibility" : {
      "controlling_field" : "design_settings.background_option",
      "controlling_field_path" : null,
      "controlling_value_regex" : "image|video",
      "property" : null,
      "operator" : "MATCHES_REGEX",
      "access" : null
    },
    "type" : "backgroundimage",
    "display_width" : null,
    "default" : {
      "src" : "https://www.sprocketrocket.co/hubfs/sr-assets/nebula/gradient-bg-full.png",
      "background_size" : "cover",
      "background_position" : "MIDDLE_CENTER"
    }
  }, {
    "id" : "design_settings.background_overlay_color",
    "name" : "background_overlay_color",
    "label" : "Background Overlay Color",
    "help_text" : "Overlay color on top of the image/video",
    "required" : false,
    "locked" : false,
    "visibility" : {
      "controlling_field" : "design_settings.background_option",
      "controlling_field_path" : null,
      "controlling_value_regex" : "image|video",
      "property" : null,
      "operator" : "MATCHES_REGEX",
      "access" : null
    },
    "type" : "color",
    "display_width" : null,
    "default" : {
      "color" : "#343a40",
      "opacity" : 0
    }
  }, {
    "id" : "design_settings.background_color",
    "name" : "background_color",
    "label" : "Background Color",
    "required" : true,
    "locked" : false,
    "visibility" : {
      "controlling_field" : "design_settings.background_option",
      "controlling_field_path" : null,
      "controlling_value_regex" : "color",
      "property" : null,
      "operator" : "EQUAL",
      "access" : null
    },
    "display" : "select",
    "choices" : [ [ "primary", "Primary" ], [ "secondary", "Secondary" ], [ "tertiary", "Tertiary" ], [ "white", "White" ], [ "black", "Black" ], [ "dark", "Dark" ], [ "light", "Light" ], [ "success", "Success" ], [ "info", "Info" ], [ "warning", "Warning" ], [ "danger", "Danger" ], [ "gradient_one", "Gradient One" ], [ "gradient_two", "Gradient Two" ], [ "none", "None" ] ],
    "multiple" : false,
    "reordering_enabled" : true,
    "preset" : null,
    "type" : "choice",
    "display_width" : null,
    "default" : "light"
  }, {
    "id" : "design_settings.background_custom",
    "name" : "background_custom",
    "label" : "Background Color",
    "help_text" : "For transparent images or before the image/video loads",
    "required" : false,
    "locked" : false,
    "visibility" : {
      "controlling_field" : "design_settings.background_option",
      "controlling_field_path" : null,
      "controlling_value_regex" : "custom|image|video",
      "property" : null,
      "operator" : "MATCHES_REGEX",
      "access" : null
    },
    "type" : "color",
    "display_width" : null,
    "default" : {
      "color" : "#F0F0EA",
      "opacity" : 100
    }
  }, {
    "id" : "design_settings.background_gradient",
    "name" : "background_gradient",
    "label" : "Background Gradient",
    "required" : false,
    "locked" : false,
    "visibility" : {
      "controlling_field" : "design_settings.background_option",
      "controlling_field_path" : null,
      "controlling_value_regex" : "gradient",
      "property" : null,
      "operator" : "EQUAL",
      "access" : null
    },
    "type" : "gradient",
    "display_width" : null,
    "default" : {
      "colors" : [ {
        "color" : {
          "a" : 1,
          "b" : 255,
          "g" : 99,
          "r" : 12
        }
      }, {
        "color" : {
          "a" : 1,
          "b" : 255,
          "g" : 151,
          "r" : 24
        }
      } ],
      "side_or_corner" : {
        "verticalSide" : "TOP",
        "horizontalSide" : "LEFT"
      }
    }
  }, {
    "id" : "b2775136-cbf8-999c-2281-662e175a3ff5",
    "name" : "fixed_background",
    "label" : "Fixed Background",
    "required" : false,
    "locked" : false,
    "visibility" : {
      "controlling_field" : "design_settings.background_option",
      "controlling_field_path" : null,
      "controlling_value_regex" : "image",
      "property" : null,
      "operator" : "EQUAL",
      "access" : null
    },
    "display" : "toggle",
    "type" : "boolean",
    "display_width" : null,
    "default" : false
  }, {
    "id" : "design_settings.text_align",
    "name" : "text_align",
    "label" : "Text Align",
    "required" : false,
    "locked" : false,
    "type" : "textalignment",
    "display_width" : "half_width",
    "default" : {
      "text_align" : "LEFT"
    }
  }, {
    "id" : "design_settings.text_color",
    "name" : "text_color",
    "label" : "Text Color",
    "help_text" : "Set to <strong>Auto</strong> to use the default text color<br><br>Set to <strong>Custom</strong> to set a custom text color",
    "required" : true,
    "locked" : false,
    "display" : "select",
    "choices" : [ [ "auto", "Auto" ], [ "primary", "Primary" ], [ "secondary", "Secondary" ], [ "tertiary", "Tertiary" ], [ "white", "White" ], [ "black", "Black" ], [ "dark", "Dark" ], [ "light", "Light" ], [ "success", "Success" ], [ "info", "Info" ], [ "warning", "Warning" ], [ "danger", "Danger" ], [ "gradient_one", "Gradient One" ], [ "gradient_two", "Gradient Two" ], [ "custom", "Custom" ] ],
    "multiple" : false,
    "reordering_enabled" : true,
    "preset" : null,
    "type" : "choice",
    "display_width" : "half_width",
    "default" : "auto"
  }, {
    "id" : "design_settings.text_color_custom",
    "name" : "text_color_custom",
    "label" : "Text Color",
    "required" : false,
    "locked" : false,
    "visibility" : {
      "controlling_field" : "design_settings.text_color",
      "controlling_field_path" : null,
      "controlling_value_regex" : "custom",
      "property" : null,
      "operator" : "EQUAL",
      "access" : null
    },
    "type" : "color",
    "display_width" : null,
    "default" : {
      "color" : "#87909e",
      "opacity" : 100
    }
  }, {
    "id" : "design_settings.border",
    "name" : "border",
    "label" : "Border",
    "required" : false,
    "locked" : false,
    "allow_custom_border_sides" : true,
    "type" : "border",
    "display_width" : null,
    "default" : {
      "top" : {
        "color" : "#e5e7ea",
        "style" : "none",
        "width" : {
          "units" : "px",
          "value" : 0
        },
        "opacity" : 100
      },
      "bottom" : {
        "color" : "#e5e7ea",
        "style" : "none",
        "width" : {
          "units" : "px",
          "value" : 0
        },
        "opacity" : 100
      }
    }
  }, {
    "id" : "design_settings.responsive_settings",
    "name" : "responsive_settings",
    "label" : "Responsive Settings",
    "required" : false,
    "locked" : false,
    "children" : [ {
      "id" : "design_settings.responsive_settings.tablet",
      "name" : "tablet",
      "label" : "Tablet",
      "inline_help_text" : "Breakpoint: 992px",
      "required" : false,
      "locked" : false,
      "children" : [ {
        "id" : "design_settings.responsive_settings.tablet.tablet_text_align",
        "name" : "tablet_text_align",
        "label" : "Text Align",
        "required" : false,
        "locked" : false,
        "type" : "textalignment",
        "display_width" : null,
        "default" : { }
      }, {
        "id" : "design_settings.responsive_settings.tablet.tablet_top_bottom_padding",
        "name" : "tablet_top_bottom_padding",
        "label" : "Top Bottom Padding",
        "required" : true,
        "locked" : false,
        "display" : "select",
        "choices" : [ [ "auto", "Use default values" ], [ "zero", "No Padding" ], [ "half", "Small padding" ], [ "full", "Large padding" ], [ "custom", "Custom Padding" ] ],
        "multiple" : false,
        "reordering_enabled" : true,
        "preset" : null,
        "type" : "choice",
        "display_width" : null,
        "default" : "auto"
      }, {
        "id" : "design_settings.responsive_settings.tablet.tablet_spacing",
        "name" : "tablet_spacing",
        "label" : "Tablet Spacing",
        "required" : false,
        "locked" : false,
        "visibility" : {
          "controlling_field" : "design_settings.responsive_settings.tablet.tablet_top_bottom_padding",
          "controlling_field_path" : null,
          "controlling_value_regex" : "custom",
          "property" : null,
          "operator" : "EQUAL",
          "access" : null
        },
        "type" : "spacing",
        "display_width" : null,
        "default" : {
          "margin" : {
            "top" : {
              "units" : "rem",
              "value" : 0
            },
            "bottom" : {
              "units" : "rem",
              "value" : 0
            }
          },
          "padding" : {
            "top" : {
              "units" : "rem",
              "value" : 3.25
            },
            "left" : {
              "units" : "rem",
              "value" : 0
            },
            "right" : {
              "units" : "rem",
              "value" : 0
            },
            "bottom" : {
              "units" : "rem",
              "value" : 3.25
            }
          }
        }
      }, {
        "id" : "design_settings.responsive_settings.tablet.tablet_background_option",
        "name" : "tablet_background_option",
        "label" : "Background Option",
        "inline_help_text" : "For the <strong>Video</strong> option, return to the <strong>🖉 Content</strong> tab to edit the video source",
        "required" : true,
        "locked" : false,
        "display" : "select",
        "choices" : [ [ "auto", "Auto" ], [ "custom", "Custom" ] ],
        "multiple" : false,
        "reordering_enabled" : true,
        "preset" : null,
        "type" : "choice",
        "display_width" : null,
        "default" : "auto"
      }, {
        "id" : "design_settings.responsive_settings.tablet.tablet_background_image",
        "name" : "tablet_background_image",
        "label" : "Background Image",
        "help_text" : "Source for background image or before the video loads",
        "required" : false,
        "locked" : false,
        "visibility_rules" : "ADVANCED",
        "advanced_visibility" : {
          "boolean_operator" : "AND",
          "criteria" : [ {
            "controlling_field" : null,
            "controlling_field_path" : "design_settings.responsive_settings.tablet.tablet_background_option",
            "controlling_value_regex" : "custom",
            "property" : null,
            "operator" : "EQUAL",
            "access" : null
          }, {
            "controlling_field" : null,
            "controlling_field_path" : "design_settings.background_option",
            "controlling_value_regex" : "image|video",
            "property" : null,
            "operator" : "MATCHES_REGEX",
            "access" : null
          } ],
          "children" : [ ]
        },
        "type" : "backgroundimage",
        "display_width" : null,
        "default" : {
          "src" : "https://www.sprocketrocket.co/hubfs/sr-assets/nebula/gradient-bg-full.png",
          "background_size" : "cover",
          "background_position" : "MIDDLE_CENTER"
        }
      }, {
        "id" : "design_settings.responsive_settings.tablet.tablet_background_overlay_color",
        "name" : "tablet_background_overlay_color",
        "label" : "Background Overlay Color",
        "help_text" : "Overlay color on top of the image/video",
        "required" : false,
        "locked" : false,
        "visibility_rules" : "ADVANCED",
        "advanced_visibility" : {
          "boolean_operator" : "AND",
          "criteria" : [ {
            "controlling_field" : null,
            "controlling_field_path" : "design_settings.responsive_settings.tablet.tablet_background_option",
            "controlling_value_regex" : "custom",
            "property" : null,
            "operator" : "EQUAL",
            "access" : null
          }, {
            "controlling_field" : null,
            "controlling_field_path" : "design_settings.background_option",
            "controlling_value_regex" : "image|video",
            "property" : null,
            "operator" : "MATCHES_REGEX",
            "access" : null
          } ],
          "children" : [ ]
        },
        "type" : "color",
        "display_width" : null,
        "default" : {
          "color" : "#343a40",
          "opacity" : 0
        }
      }, {
        "id" : "design_settings.responsive_settings.tablet.tablet_background_color",
        "name" : "tablet_background_color",
        "label" : "Background Color",
        "required" : true,
        "locked" : false,
        "visibility_rules" : "ADVANCED",
        "advanced_visibility" : {
          "boolean_operator" : "AND",
          "criteria" : [ {
            "controlling_field" : null,
            "controlling_field_path" : "design_settings.responsive_settings.tablet.tablet_background_option",
            "controlling_value_regex" : "custom",
            "property" : null,
            "operator" : "EQUAL",
            "access" : null
          }, {
            "controlling_field" : null,
            "controlling_field_path" : "design_settings.background_option",
            "controlling_value_regex" : "color",
            "property" : null,
            "operator" : "MATCHES_REGEX",
            "access" : null
          } ],
          "children" : [ ]
        },
        "display" : "select",
        "choices" : [ [ "primary", "Primary" ], [ "secondary", "Secondary" ], [ "tertiary", "Tertiary" ], [ "white", "White" ], [ "black", "Black" ], [ "dark", "Dark" ], [ "light", "Light" ], [ "success", "Success" ], [ "info", "Info" ], [ "warning", "Warning" ], [ "danger", "Danger" ], [ "none", "None" ] ],
        "multiple" : false,
        "reordering_enabled" : true,
        "preset" : null,
        "type" : "choice",
        "display_width" : null,
        "default" : "primary"
      }, {
        "id" : "design_settings.responsive_settings.tablet.tablet_background_custom",
        "name" : "tablet_background_custom",
        "label" : "Background Color",
        "help_text" : "For transparent images or before the image/video loads",
        "required" : false,
        "locked" : false,
        "visibility_rules" : "ADVANCED",
        "advanced_visibility" : {
          "boolean_operator" : "AND",
          "criteria" : [ {
            "controlling_field" : null,
            "controlling_field_path" : "design_settings.responsive_settings.tablet.tablet_background_option",
            "controlling_value_regex" : "custom",
            "property" : null,
            "operator" : "EQUAL",
            "access" : null
          }, {
            "controlling_field" : null,
            "controlling_field_path" : "design_settings.background_option",
            "controlling_value_regex" : "custom|image|video",
            "property" : null,
            "operator" : "MATCHES_REGEX",
            "access" : null
          } ],
          "children" : [ ]
        },
        "type" : "color",
        "display_width" : null,
        "default" : {
          "color" : "#fff",
          "opacity" : 100
        }
      }, {
        "id" : "design_settings.responsive_settings.tablet.tablet_background_gradient",
        "name" : "tablet_background_gradient",
        "label" : "Background Gradient",
        "required" : false,
        "locked" : false,
        "visibility_rules" : "ADVANCED",
        "advanced_visibility" : {
          "boolean_operator" : "AND",
          "criteria" : [ {
            "controlling_field" : null,
            "controlling_field_path" : "design_settings.responsive_settings.tablet.tablet_background_option",
            "controlling_value_regex" : "custom",
            "property" : null,
            "operator" : "EQUAL",
            "access" : null
          }, {
            "controlling_field" : null,
            "controlling_field_path" : "design_settings.background_option",
            "controlling_value_regex" : "gradient",
            "property" : null,
            "operator" : "MATCHES_REGEX",
            "access" : null
          } ],
          "children" : [ ]
        },
        "type" : "gradient",
        "display_width" : null,
        "default" : {
          "colors" : [ {
            "color" : {
              "a" : 1,
              "b" : 255,
              "g" : 99,
              "r" : 12
            }
          }, {
            "color" : {
              "a" : 1,
              "b" : 255,
              "g" : 151,
              "r" : 24
            }
          } ],
          "side_or_corner" : {
            "verticalSide" : "TOP",
            "horizontalSide" : "LEFT"
          }
        }
      }, {
        "id" : "design_settings.responsive_settings.tablet.tablet_fixed_background",
        "name" : "tablet_fixed_background",
        "label" : "Fixed Background",
        "required" : false,
        "locked" : false,
        "visibility_rules" : "ADVANCED",
        "advanced_visibility" : {
          "boolean_operator" : "AND",
          "criteria" : [ {
            "controlling_field" : null,
            "controlling_field_path" : "design_settings.responsive_settings.tablet.tablet_background_option",
            "controlling_value_regex" : "custom",
            "property" : null,
            "operator" : "EQUAL",
            "access" : null
          }, {
            "controlling_field" : null,
            "controlling_field_path" : "design_settings.background_option",
            "controlling_value_regex" : "image|video",
            "property" : null,
            "operator" : "MATCHES_REGEX",
            "access" : null
          } ],
          "children" : [ ]
        },
        "display" : "toggle",
        "type" : "boolean",
        "display_width" : null,
        "default" : false
      } ],
      "tab" : "STYLE",
      "expanded" : true,
      "group_occurrence_meta" : null,
      "type" : "group",
      "display_width" : null,
      "default" : {
        "tablet_text_align" : { },
        "tablet_top_bottom_padding" : "auto",
        "tablet_spacing" : {
          "margin" : {
            "top" : {
              "units" : "rem",
              "value" : 0
            },
            "bottom" : {
              "units" : "rem",
              "value" : 0
            }
          },
          "padding" : {
            "top" : {
              "units" : "rem",
              "value" : 3.25
            },
            "left" : {
              "units" : "rem",
              "value" : 0
            },
            "right" : {
              "units" : "rem",
              "value" : 0
            },
            "bottom" : {
              "units" : "rem",
              "value" : 3.25
            }
          }
        },
        "tablet_background_option" : "auto",
        "tablet_background_image" : {
          "src" : "https://www.sprocketrocket.co/hubfs/sr-assets/nebula/gradient-bg-full.png",
          "background_size" : "cover",
          "background_position" : "MIDDLE_CENTER"
        },
        "tablet_background_overlay_color" : {
          "color" : "#343a40",
          "opacity" : 0
        },
        "tablet_background_color" : "primary",
        "tablet_background_custom" : {
          "color" : "#fff",
          "opacity" : 100
        },
        "tablet_background_gradient" : {
          "colors" : [ {
            "color" : {
              "a" : 1,
              "b" : 255,
              "g" : 99,
              "r" : 12
            }
          }, {
            "color" : {
              "a" : 1,
              "b" : 255,
              "g" : 151,
              "r" : 24
            }
          } ],
          "side_or_corner" : {
            "verticalSide" : "TOP",
            "horizontalSide" : "LEFT"
          }
        },
        "tablet_fixed_background" : false
      }
    }, {
      "id" : "design_settings.responsive_settings.mobile",
      "name" : "mobile",
      "label" : "Mobile",
      "inline_help_text" : "Breakpoint: 768px",
      "required" : false,
      "locked" : false,
      "children" : [ {
        "id" : "design_settings.responsive_settings.mobile.mobile_text_align",
        "name" : "mobile_text_align",
        "label" : "Text Align",
        "required" : false,
        "locked" : false,
        "type" : "textalignment",
        "display_width" : null,
        "default" : { }
      }, {
        "id" : "design_settings.responsive_settings.mobile.mobile_top_bottom_padding",
        "name" : "mobile_top_bottom_padding",
        "label" : "Top Bottom Padding",
        "required" : true,
        "locked" : false,
        "display" : "select",
        "choices" : [ [ "auto", "Use default values" ], [ "zero", "No Padding" ], [ "half", "Small padding" ], [ "full", "Large padding" ], [ "custom", "Custom Padding" ] ],
        "multiple" : false,
        "reordering_enabled" : true,
        "preset" : null,
        "type" : "choice",
        "display_width" : null,
        "default" : "auto"
      }, {
        "id" : "design_settings.responsive_settings.mobile.mobile_spacing",
        "name" : "mobile_spacing",
        "label" : "Mobile Spacing",
        "required" : false,
        "locked" : false,
        "visibility" : {
          "controlling_field" : "design_settings.responsive_settings.mobile.mobile_top_bottom_padding",
          "controlling_field_path" : null,
          "controlling_value_regex" : "custom",
          "property" : null,
          "operator" : "EQUAL",
          "access" : null
        },
        "type" : "spacing",
        "display_width" : null,
        "default" : {
          "margin" : {
            "top" : {
              "units" : "rem",
              "value" : 0
            },
            "bottom" : {
              "units" : "rem",
              "value" : 0
            }
          },
          "padding" : {
            "top" : {
              "units" : "rem",
              "value" : 3.25
            },
            "left" : {
              "units" : "rem",
              "value" : 0
            },
            "right" : {
              "units" : "rem",
              "value" : 0
            },
            "bottom" : {
              "units" : "rem",
              "value" : 3.25
            }
          }
        }
      }, {
        "id" : "design_settings.responsive_settings.mobile.mobile_background_option",
        "name" : "mobile_background_option",
        "label" : "Background Option",
        "inline_help_text" : "For the <strong>Video</strong> option, return to the <strong>🖉 Content</strong> tab to edit the video source",
        "required" : true,
        "locked" : false,
        "display" : "select",
        "choices" : [ [ "auto", "Auto" ], [ "custom", "Custom" ] ],
        "multiple" : false,
        "reordering_enabled" : true,
        "preset" : null,
        "type" : "choice",
        "display_width" : null,
        "default" : "auto"
      }, {
        "id" : "design_settings.responsive_settings.mobile.mobile_background_image",
        "name" : "mobile_background_image",
        "label" : "Background Image",
        "help_text" : "Source for background image or before the video loads",
        "required" : false,
        "locked" : false,
        "visibility_rules" : "ADVANCED",
        "advanced_visibility" : {
          "boolean_operator" : "AND",
          "criteria" : [ {
            "controlling_field" : null,
            "controlling_field_path" : "design_settings.responsive_settings.mobile.mobile_background_option",
            "controlling_value_regex" : "custom",
            "property" : null,
            "operator" : "EQUAL",
            "access" : null
          }, {
            "controlling_field" : null,
            "controlling_field_path" : "design_settings.background_option",
            "controlling_value_regex" : "image|video",
            "property" : null,
            "operator" : "MATCHES_REGEX",
            "access" : null
          } ],
          "children" : [ ]
        },
        "type" : "backgroundimage",
        "display_width" : null,
        "default" : {
          "src" : "https://www.sprocketrocket.co/hubfs/sr-assets/nebula/gradient-bg-full.png",
          "background_size" : "cover",
          "background_position" : "MIDDLE_CENTER"
        }
      }, {
        "id" : "design_settings.responsive_settings.mobile.mobile_background_overlay_color",
        "name" : "mobile_background_overlay_color",
        "label" : "Background Overlay Color",
        "help_text" : "Overlay color on top of the image/video",
        "required" : false,
        "locked" : false,
        "visibility_rules" : "ADVANCED",
        "advanced_visibility" : {
          "boolean_operator" : "AND",
          "criteria" : [ {
            "controlling_field" : null,
            "controlling_field_path" : "design_settings.responsive_settings.mobile.mobile_background_option",
            "controlling_value_regex" : "custom",
            "property" : null,
            "operator" : "EQUAL",
            "access" : null
          }, {
            "controlling_field" : null,
            "controlling_field_path" : "design_settings.background_option",
            "controlling_value_regex" : "image|video",
            "property" : null,
            "operator" : "MATCHES_REGEX",
            "access" : null
          } ],
          "children" : [ ]
        },
        "type" : "color",
        "display_width" : null,
        "default" : {
          "color" : "#343a40",
          "opacity" : 0
        }
      }, {
        "id" : "design_settings.responsive_settings.mobile.mobile_background_color",
        "name" : "mobile_background_color",
        "label" : "Background Color",
        "required" : true,
        "locked" : false,
        "visibility_rules" : "ADVANCED",
        "advanced_visibility" : {
          "boolean_operator" : "AND",
          "criteria" : [ {
            "controlling_field" : null,
            "controlling_field_path" : "design_settings.responsive_settings.mobile.mobile_background_option",
            "controlling_value_regex" : "custom",
            "property" : null,
            "operator" : "EQUAL",
            "access" : null
          }, {
            "controlling_field" : null,
            "controlling_field_path" : "design_settings.background_option",
            "controlling_value_regex" : "color",
            "property" : null,
            "operator" : "MATCHES_REGEX",
            "access" : null
          } ],
          "children" : [ ]
        },
        "display" : "select",
        "choices" : [ [ "primary", "Primary" ], [ "secondary", "Secondary" ], [ "tertiary", "Tertiary" ], [ "white", "White" ], [ "black", "Black" ], [ "dark", "Dark" ], [ "light", "Light" ], [ "success", "Success" ], [ "info", "Info" ], [ "warning", "Warning" ], [ "danger", "Danger" ], [ "none", "None" ] ],
        "multiple" : false,
        "reordering_enabled" : true,
        "preset" : null,
        "type" : "choice",
        "display_width" : null,
        "default" : "primary"
      }, {
        "id" : "design_settings.responsive_settings.mobile.mobile_background_custom",
        "name" : "mobile_background_custom",
        "label" : "Background Color",
        "help_text" : "For transparent images or before the image/video loads",
        "required" : false,
        "locked" : false,
        "visibility_rules" : "ADVANCED",
        "advanced_visibility" : {
          "boolean_operator" : "AND",
          "criteria" : [ {
            "controlling_field" : null,
            "controlling_field_path" : "design_settings.responsive_settings.mobile.mobile_background_option",
            "controlling_value_regex" : "custom",
            "property" : null,
            "operator" : "EQUAL",
            "access" : null
          }, {
            "controlling_field" : null,
            "controlling_field_path" : "design_settings.background_option",
            "controlling_value_regex" : "custom|image|video",
            "property" : null,
            "operator" : "MATCHES_REGEX",
            "access" : null
          } ],
          "children" : [ ]
        },
        "type" : "color",
        "display_width" : null,
        "default" : {
          "color" : "#fff",
          "opacity" : 100
        }
      }, {
        "id" : "design_settings.responsive_settings.mobile.mobile_background_gradient",
        "name" : "mobile_background_gradient",
        "label" : "Background Gradient",
        "required" : false,
        "locked" : false,
        "visibility_rules" : "ADVANCED",
        "advanced_visibility" : {
          "boolean_operator" : "AND",
          "criteria" : [ {
            "controlling_field" : null,
            "controlling_field_path" : "design_settings.responsive_settings.mobile.mobile_background_option",
            "controlling_value_regex" : "custom",
            "property" : null,
            "operator" : "EQUAL",
            "access" : null
          }, {
            "controlling_field" : null,
            "controlling_field_path" : "design_settings.background_option",
            "controlling_value_regex" : "gradient",
            "property" : null,
            "operator" : "MATCHES_REGEX",
            "access" : null
          } ],
          "children" : [ ]
        },
        "type" : "gradient",
        "display_width" : null,
        "default" : {
          "colors" : [ {
            "color" : {
              "a" : 1,
              "b" : 255,
              "g" : 99,
              "r" : 12
            }
          }, {
            "color" : {
              "a" : 1,
              "b" : 255,
              "g" : 151,
              "r" : 24
            }
          } ],
          "side_or_corner" : {
            "verticalSide" : "TOP",
            "horizontalSide" : "LEFT"
          }
        }
      } ],
      "tab" : "STYLE",
      "expanded" : true,
      "group_occurrence_meta" : null,
      "type" : "group",
      "display_width" : null,
      "default" : {
        "mobile_text_align" : { },
        "mobile_top_bottom_padding" : "auto",
        "mobile_spacing" : {
          "margin" : {
            "top" : {
              "units" : "rem",
              "value" : 0
            },
            "bottom" : {
              "units" : "rem",
              "value" : 0
            }
          },
          "padding" : {
            "top" : {
              "units" : "rem",
              "value" : 3.25
            },
            "left" : {
              "units" : "rem",
              "value" : 0
            },
            "right" : {
              "units" : "rem",
              "value" : 0
            },
            "bottom" : {
              "units" : "rem",
              "value" : 3.25
            }
          }
        },
        "mobile_background_option" : "auto",
        "mobile_background_image" : {
          "src" : "https://www.sprocketrocket.co/hubfs/sr-assets/nebula/gradient-bg-full.png",
          "background_size" : "cover",
          "background_position" : "MIDDLE_CENTER"
        },
        "mobile_background_overlay_color" : {
          "color" : "#343a40",
          "opacity" : 0
        },
        "mobile_background_color" : "primary",
        "mobile_background_custom" : {
          "color" : "#fff",
          "opacity" : 100
        },
        "mobile_background_gradient" : {
          "colors" : [ {
            "color" : {
              "a" : 1,
              "b" : 255,
              "g" : 99,
              "r" : 12
            }
          }, {
            "color" : {
              "a" : 1,
              "b" : 255,
              "g" : 151,
              "r" : 24
            }
          } ],
          "side_or_corner" : {
            "verticalSide" : "TOP",
            "horizontalSide" : "LEFT"
          }
        }
      }
    } ],
    "tab" : "STYLE",
    "expanded" : false,
    "group_occurrence_meta" : null,
    "type" : "group",
    "display_width" : null,
    "default" : {
      "tablet" : {
        "tablet_text_align" : { },
        "tablet_top_bottom_padding" : "auto",
        "tablet_spacing" : {
          "margin" : {
            "top" : {
              "units" : "rem",
              "value" : 0
            },
            "bottom" : {
              "units" : "rem",
              "value" : 0
            }
          },
          "padding" : {
            "top" : {
              "units" : "rem",
              "value" : 3.25
            },
            "left" : {
              "units" : "rem",
              "value" : 0
            },
            "right" : {
              "units" : "rem",
              "value" : 0
            },
            "bottom" : {
              "units" : "rem",
              "value" : 3.25
            }
          }
        },
        "tablet_background_option" : "auto",
        "tablet_background_image" : {
          "src" : "https://www.sprocketrocket.co/hubfs/sr-assets/nebula/gradient-bg-full.png",
          "background_size" : "cover",
          "background_position" : "MIDDLE_CENTER"
        },
        "tablet_background_overlay_color" : {
          "color" : "#343a40",
          "opacity" : 0
        },
        "tablet_background_color" : "primary",
        "tablet_background_custom" : {
          "color" : "#fff",
          "opacity" : 100
        },
        "tablet_background_gradient" : {
          "colors" : [ {
            "color" : {
              "a" : 1,
              "b" : 255,
              "g" : 99,
              "r" : 12
            }
          }, {
            "color" : {
              "a" : 1,
              "b" : 255,
              "g" : 151,
              "r" : 24
            }
          } ],
          "side_or_corner" : {
            "verticalSide" : "TOP",
            "horizontalSide" : "LEFT"
          }
        },
        "tablet_fixed_background" : false
      },
      "mobile" : {
        "mobile_text_align" : { },
        "mobile_top_bottom_padding" : "auto",
        "mobile_spacing" : {
          "margin" : {
            "top" : {
              "units" : "rem",
              "value" : 0
            },
            "bottom" : {
              "units" : "rem",
              "value" : 0
            }
          },
          "padding" : {
            "top" : {
              "units" : "rem",
              "value" : 3.25
            },
            "left" : {
              "units" : "rem",
              "value" : 0
            },
            "right" : {
              "units" : "rem",
              "value" : 0
            },
            "bottom" : {
              "units" : "rem",
              "value" : 3.25
            }
          }
        },
        "mobile_background_option" : "auto",
        "mobile_background_image" : {
          "src" : "https://www.sprocketrocket.co/hubfs/sr-assets/nebula/gradient-bg-full.png",
          "background_size" : "cover",
          "background_position" : "MIDDLE_CENTER"
        },
        "mobile_background_overlay_color" : {
          "color" : "#343a40",
          "opacity" : 0
        },
        "mobile_background_color" : "primary",
        "mobile_background_custom" : {
          "color" : "#fff",
          "opacity" : 100
        },
        "mobile_background_gradient" : {
          "colors" : [ {
            "color" : {
              "a" : 1,
              "b" : 255,
              "g" : 99,
              "r" : 12
            }
          }, {
            "color" : {
              "a" : 1,
              "b" : 255,
              "g" : 151,
              "r" : 24
            }
          } ],
          "side_or_corner" : {
            "verticalSide" : "TOP",
            "horizontalSide" : "LEFT"
          }
        }
      }
    }
  } ],
  "tab" : "STYLE",
  "expanded" : false,
  "group_occurrence_meta" : null,
  "type" : "group",
  "display_width" : null,
  "default" : {
    "layout" : "container-fluid",
    "container_width" : "max",
    "top_bottom_padding" : "auto",
    "spacing" : {
      "margin" : {
        "top" : {
          "units" : "rem",
          "value" : 0
        },
        "bottom" : {
          "units" : "rem",
          "value" : 0
        }
      },
      "padding" : {
        "top" : {
          "units" : "rem",
          "value" : 6.25
        },
        "left" : {
          "units" : "rem",
          "value" : 0
        },
        "right" : {
          "units" : "rem",
          "value" : 0
        },
        "bottom" : {
          "units" : "rem",
          "value" : 6.25
        }
      }
    },
    "background_option" : "image",
    "background_image" : {
      "src" : "https://www.sprocketrocket.co/hubfs/sr-assets/nebula/gradient-bg-full.png",
      "background_size" : "cover",
      "background_position" : "MIDDLE_CENTER"
    },
    "background_overlay_color" : {
      "color" : "#343a40",
      "opacity" : 0
    },
    "background_color" : "light",
    "background_custom" : {
      "color" : "#F0F0EA",
      "opacity" : 100
    },
    "background_gradient" : {
      "colors" : [ {
        "color" : {
          "a" : 1,
          "b" : 255,
          "g" : 99,
          "r" : 12
        }
      }, {
        "color" : {
          "a" : 1,
          "b" : 255,
          "g" : 151,
          "r" : 24
        }
      } ],
      "side_or_corner" : {
        "verticalSide" : "TOP",
        "horizontalSide" : "LEFT"
      }
    },
    "fixed_background" : false,
    "text_align" : {
      "text_align" : "LEFT"
    },
    "text_color" : "auto",
    "text_color_custom" : {
      "color" : "#87909e",
      "opacity" : 100
    },
    "border" : {
      "top" : {
        "color" : "#e5e7ea",
        "style" : "none",
        "width" : {
          "units" : "px",
          "value" : 0
        },
        "opacity" : 100
      },
      "bottom" : {
        "color" : "#e5e7ea",
        "style" : "none",
        "width" : {
          "units" : "px",
          "value" : 0
        },
        "opacity" : 100
      }
    },
    "responsive_settings" : {
      "tablet" : {
        "tablet_text_align" : { },
        "tablet_top_bottom_padding" : "auto",
        "tablet_spacing" : {
          "margin" : {
            "top" : {
              "units" : "rem",
              "value" : 0
            },
            "bottom" : {
              "units" : "rem",
              "value" : 0
            }
          },
          "padding" : {
            "top" : {
              "units" : "rem",
              "value" : 3.25
            },
            "left" : {
              "units" : "rem",
              "value" : 0
            },
            "right" : {
              "units" : "rem",
              "value" : 0
            },
            "bottom" : {
              "units" : "rem",
              "value" : 3.25
            }
          }
        },
        "tablet_background_option" : "auto",
        "tablet_background_image" : {
          "src" : "https://www.sprocketrocket.co/hubfs/sr-assets/nebula/gradient-bg-full.png",
          "background_size" : "cover",
          "background_position" : "MIDDLE_CENTER"
        },
        "tablet_background_overlay_color" : {
          "color" : "#343a40",
          "opacity" : 0
        },
        "tablet_background_color" : "primary",
        "tablet_background_custom" : {
          "color" : "#fff",
          "opacity" : 100
        },
        "tablet_background_gradient" : {
          "colors" : [ {
            "color" : {
              "a" : 1,
              "b" : 255,
              "g" : 99,
              "r" : 12
            }
          }, {
            "color" : {
              "a" : 1,
              "b" : 255,
              "g" : 151,
              "r" : 24
            }
          } ],
          "side_or_corner" : {
            "verticalSide" : "TOP",
            "horizontalSide" : "LEFT"
          }
        },
        "tablet_fixed_background" : false
      },
      "mobile" : {
        "mobile_text_align" : { },
        "mobile_top_bottom_padding" : "auto",
        "mobile_spacing" : {
          "margin" : {
            "top" : {
              "units" : "rem",
              "value" : 0
            },
            "bottom" : {
              "units" : "rem",
              "value" : 0
            }
          },
          "padding" : {
            "top" : {
              "units" : "rem",
              "value" : 3.25
            },
            "left" : {
              "units" : "rem",
              "value" : 0
            },
            "right" : {
              "units" : "rem",
              "value" : 0
            },
            "bottom" : {
              "units" : "rem",
              "value" : 3.25
            }
          }
        },
        "mobile_background_option" : "auto",
        "mobile_background_image" : {
          "src" : "https://www.sprocketrocket.co/hubfs/sr-assets/nebula/gradient-bg-full.png",
          "background_size" : "cover",
          "background_position" : "MIDDLE_CENTER"
        },
        "mobile_background_overlay_color" : {
          "color" : "#343a40",
          "opacity" : 0
        },
        "mobile_background_color" : "primary",
        "mobile_background_custom" : {
          "color" : "#fff",
          "opacity" : 100
        },
        "mobile_background_gradient" : {
          "colors" : [ {
            "color" : {
              "a" : 1,
              "b" : 255,
              "g" : 99,
              "r" : 12
            }
          }, {
            "color" : {
              "a" : 1,
              "b" : 255,
              "g" : 151,
              "r" : 24
            }
          } ],
          "side_or_corner" : {
            "verticalSide" : "TOP",
            "horizontalSide" : "LEFT"
          }
        }
      }
    }
  }
}, {
  "id" : "heading",
  "name" : "heading",
  "label" : "Heading",
  "required" : false,
  "locked" : false,
  "occurrence" : {
    "min" : 0,
    "max" : null,
    "sorting_label_field" : null,
    "default" : 1
  },
  "children" : [ {
    "id" : "heading.heading",
    "name" : "heading",
    "label" : "Heading",
    "required" : false,
    "locked" : false,
    "validation_regex" : "",
    "allow_new_line" : false,
    "show_emoji_picker" : false,
    "type" : "text",
    "display_width" : null,
    "default" : "Instant style with Presets."
  }, {
    "id" : "heading.heading_size",
    "name" : "heading_size",
    "label" : "Size",
    "help_text" : "HTML heading size",
    "required" : true,
    "locked" : false,
    "display" : "select",
    "choices" : [ [ "h1", "H1" ], [ "h2", "H2" ], [ "h3", "H3" ], [ "h4", "H4" ], [ "h5", "H5" ], [ "h6", "H6" ], [ "p", "P" ] ],
    "multiple" : false,
    "reordering_enabled" : true,
    "preset" : null,
    "type" : "choice",
    "display_width" : "half_width",
    "default" : "h2"
  }, {
    "id" : "heading.heading_display_size",
    "name" : "heading_display_size",
    "label" : "Display Size",
    "help_text" : "Size that heading is displayed at",
    "required" : true,
    "locked" : false,
    "display" : "select",
    "choices" : [ [ "auto", "Auto" ], [ "h1", "H1" ], [ "h2", "H2" ], [ "h3", "H3" ], [ "h4", "H4" ], [ "h5", "H5" ], [ "h6", "H6" ], [ "p", "P" ], [ "display-4", "L" ], [ "display-3", "XL" ], [ "display-2", "XXL" ], [ "display-1", "XXXL" ] ],
    "multiple" : false,
    "reordering_enabled" : true,
    "preset" : null,
    "type" : "choice",
    "display_width" : "half_width",
    "default" : "h1"
  }, {
    "id" : "heading.heading_color",
    "name" : "heading_color",
    "label" : "Color",
    "required" : true,
    "locked" : false,
    "display" : "select",
    "choices" : [ [ "auto", "Auto" ], [ "primary", "Primary" ], [ "secondary", "Secondary" ], [ "tertiary", "Tertiary" ], [ "white", "White" ], [ "black", "Black" ], [ "dark", "Dark" ], [ "light", "Light" ], [ "success", "Success" ], [ "info", "Info" ], [ "warning", "Warning" ], [ "danger", "Danger" ], [ "gradient_one", "Gradient One" ], [ "gradient_two", "Gradient Two" ], [ "custom", "Custom" ] ],
    "multiple" : false,
    "reordering_enabled" : true,
    "preset" : null,
    "type" : "choice",
    "display_width" : null,
    "default" : "auto"
  }, {
    "id" : "heading.heading_color_custom",
    "name" : "heading_color_custom",
    "label" : "Color",
    "required" : false,
    "locked" : false,
    "visibility" : {
      "controlling_field" : "heading.heading_color",
      "controlling_field_path" : null,
      "controlling_value_regex" : "custom",
      "property" : null,
      "operator" : "EQUAL",
      "access" : null
    },
    "type" : "color",
    "display_width" : null,
    "default" : {
      "color" : "#30343b",
      "opacity" : 100
    }
  }, {
    "id" : "heading.heading_align",
    "name" : "heading_align",
    "label" : "Align",
    "required" : true,
    "locked" : false,
    "display" : "select",
    "choices" : [ [ "auto", "Auto" ], [ "left", "Left" ], [ "center", "Center" ], [ "right", "Right" ] ],
    "multiple" : false,
    "reordering_enabled" : true,
    "preset" : null,
    "type" : "choice",
    "display_width" : null,
    "default" : "auto"
  }, {
    "id" : "heading.class",
    "name" : "class",
    "label" : "CSS Class",
    "required" : false,
    "locked" : false,
    "validation_regex" : "",
    "allow_new_line" : false,
    "show_emoji_picker" : false,
    "type" : "text",
    "display_width" : null,
    "default" : ""
  } ],
  "tab" : "CONTENT",
  "expanded" : false,
  "group_occurrence_meta" : null,
  "type" : "group",
  "display_width" : null,
  "default" : [ {
    "heading" : "Instant style with Presets.",
    "heading_size" : "h1",
    "heading_display_size" : "auto",
    "heading_color" : "auto",
    "heading_color_custom" : {
      "color" : "#30343b",
      "opacity" : 100
    },
    "heading_align" : "auto",
    "class" : ""
  } ]
}, {
  "id" : "description",
  "name" : "description",
  "label" : "Description",
  "required" : false,
  "locked" : false,
  "type" : "richtext",
  "display_width" : null,
  "default" : "<p><span>Customize Sprocket Rocket with presets – stunning looks, effortlessly switchable in one powerful theme.</span></p>"
}, {
  "id" : "lead_text",
  "name" : "lead_text",
  "label" : "Lead Text",
  "help_text" : "Turn on to make the Description text larger",
  "required" : false,
  "locked" : false,
  "display" : "toggle",
  "type" : "boolean",
  "display_width" : null,
  "default" : true
}, {
  "id" : "carousel",
  "name" : "carousel",
  "label" : "Carousel",
  "required" : false,
  "locked" : false,
  "display" : "checkbox",
  "type" : "boolean",
  "display_width" : null,
  "default" : true
}, {
  "id" : "76aa0be2-6300-07b4-597c-c7df91cf6ee7",
  "name" : "carousel_settings",
  "label" : "Carousel Settings",
  "required" : false,
  "locked" : false,
  "visibility" : {
    "controlling_field" : null,
    "controlling_field_path" : "carousel",
    "controlling_value_regex" : "true",
    "property" : null,
    "operator" : "EQUAL",
    "access" : null
  },
  "children" : [ {
    "id" : "63a50d0a-0c8d-4689-34d2-38a614f13206",
    "name" : "arrows",
    "label" : "Arrows",
    "required" : false,
    "locked" : false,
    "display" : "checkbox",
    "type" : "boolean",
    "display_width" : "half_width",
    "default" : true
  }, {
    "id" : "dbf95792-1f00-b43e-7ade-43aca35a2bfb",
    "name" : "autoplay",
    "label" : "Autoplay",
    "required" : false,
    "locked" : false,
    "display" : "checkbox",
    "type" : "boolean",
    "display_width" : "half_width",
    "default" : false
  }, {
    "id" : "dbf95792-1f00-b43e-7ade-43aca35a2bf1",
    "name" : "autoscroll",
    "label" : "Auto Scroll",
    "help_text" : "Continuously scrolls the carousel",
    "required" : false,
    "locked" : false,
    "visibility" : {
      "controlling_field" : "dbf95792-1f00-b43e-7ade-43aca35a2bfb",
      "controlling_field_path" : null,
      "controlling_value_regex" : "true",
      "property" : null,
      "operator" : "EQUAL",
      "access" : null
    },
    "display" : "checkbox",
    "type" : "boolean",
    "display_width" : "half_width",
    "default" : false
  }, {
    "id" : "e4e91ff5-7fa2-3356-c2c6-d8acb86697fe",
    "name" : "scroll_speed",
    "label" : "Scroll Speed",
    "help_text" : "Adjust the scroll speed: lower numbers are slower. Negative numbers reverse the scroll direction.",
    "required" : false,
    "locked" : false,
    "visibility_rules" : "ADVANCED",
    "advanced_visibility" : {
      "boolean_operator" : "AND",
      "criteria" : [ {
        "controlling_field" : "dbf95792-1f00-b43e-7ade-43aca35a2bfb",
        "controlling_field_path" : null,
        "controlling_value_regex" : "true",
        "property" : null,
        "operator" : "EQUAL",
        "access" : null
      }, {
        "controlling_field" : "dbf95792-1f00-b43e-7ade-43aca35a2bf1",
        "controlling_field_path" : null,
        "controlling_value_regex" : "true",
        "property" : null,
        "operator" : "EQUAL",
        "access" : null
      } ],
      "children" : [ ]
    },
    "display" : "text",
    "step" : 1,
    "type" : "number",
    "display_width" : null,
    "default" : 0.25
  }, {
    "id" : "e4e91ff5-7fa2-3356-c2c6-d8acb86697ff",
    "name" : "autoplay_speed",
    "label" : "Autoplay Speed",
    "help_text" : "Set to 0 for continuous autoplay",
    "required" : false,
    "locked" : false,
    "visibility_rules" : "ADVANCED",
    "advanced_visibility" : {
      "boolean_operator" : "AND",
      "criteria" : [ {
        "controlling_field" : "dbf95792-1f00-b43e-7ade-43aca35a2bfb",
        "controlling_field_path" : null,
        "controlling_value_regex" : "true",
        "property" : null,
        "operator" : "EQUAL",
        "access" : null
      }, {
        "controlling_field" : "dbf95792-1f00-b43e-7ade-43aca35a2bf1",
        "controlling_field_path" : null,
        "controlling_value_regex" : "false",
        "property" : null,
        "operator" : "EQUAL",
        "access" : null
      } ],
      "children" : [ ]
    },
    "display" : "text",
    "step" : 1,
    "suffix" : " Seconds",
    "type" : "number",
    "display_width" : null,
    "default" : 6
  }, {
    "id" : "f1347616-f6b0-261e-f13f-4578c563ef1c",
    "name" : "logos_to_show",
    "label" : "Logos to Show",
    "required" : false,
    "locked" : false,
    "display" : "text",
    "min" : 0,
    "step" : 1,
    "type" : "number",
    "display_width" : null,
    "default" : 2
  } ],
  "tab" : "CONTENT",
  "expanded" : true,
  "group_occurrence_meta" : null,
  "type" : "group",
  "display_width" : null,
  "default" : {
    "arrows" : true,
    "autoplay" : false,
    "autoscroll" : false,
    "scroll_speed" : 0.25,
    "autoplay_speed" : 6,
    "logos_to_show" : 2
  }
}, {
  "id" : "d5dc5212-cada-c503-9a80-1061489fe571",
  "name" : "slides",
  "label" : "Slides",
  "required" : false,
  "locked" : false,
  "occurrence" : {
    "min" : null,
    "max" : null,
    "sorting_label_field" : "4768c84b-aa15-d716-9970-f89e4bb64852",
    "default" : 3
  },
  "children" : [ {
    "id" : "4768c84b-aa15-d716-9970-f89e4bb64852",
    "name" : "image",
    "label" : "Image",
    "required" : false,
    "locked" : false,
    "responsive" : true,
    "resizable" : true,
    "show_loading" : true,
    "type" : "image",
    "display_width" : null,
    "default" : {
      "size_type" : "exact",
      "src" : "https://www.sprocketrocket.co/hubfs/sr-assets/presets/alto-preview-sm.jpg",
      "alt" : "alto",
      "loading" : "lazy",
      "width" : 537,
      "height" : 594,
      "max_width" : 1074,
      "max_height" : 1188
    }
  }, {
    "id" : "cta",
    "name" : "ctas",
    "label" : "CTA",
    "required" : false,
    "locked" : false,
    "occurrence" : {
      "min" : 0,
      "max" : null,
      "sorting_label_field" : null,
      "default" : 1
    },
    "children" : [ {
      "id" : "cta_type",
      "name" : "cta_type",
      "label" : "CTA Type",
      "required" : true,
      "locked" : false,
      "display" : "select",
      "choices" : [ [ "cta", "HubSpot CTA" ], [ "hs_payment", "HubSpot Payment" ], [ "btn", "Button" ], [ "modal", "Modal" ] ],
      "multiple" : false,
      "reordering_enabled" : true,
      "preset" : null,
      "type" : "choice",
      "display_width" : null,
      "default" : "btn"
    }, {
      "id" : "column.cta.cta_style",
      "name" : "cta_style",
      "label" : "CTA Style",
      "required" : true,
      "locked" : false,
      "visibility" : {
        "controlling_field" : "cta_type",
        "controlling_field_path" : null,
        "controlling_value_regex" : "none",
        "property" : null,
        "operator" : "NOT_EQUAL",
        "access" : null
      },
      "display" : "select",
      "choices" : [ [ "primary", "Primary" ], [ "secondary", "Secondary" ], [ "tertiary", "Tertiary" ], [ "white", "White" ], [ "black", "Black" ], [ "dark", "Dark" ], [ "light", "Light" ], [ "success", "Success" ], [ "info", "Info" ], [ "warning", "Warning" ], [ "danger", "Danger" ], [ "outline-primary", "Outline Primary" ], [ "outline-secondary", "Outline Secondary" ], [ "outline-tertiary", "Outline Tertiary" ], [ "outline-white", "Outline White" ], [ "outline-black", "Outline Black" ], [ "outline-dark", "Outline Dark" ], [ "outline-light", "Outline Light" ], [ "outline-success", "Outline Success" ], [ "outline-info", "Outline Info" ], [ "outline-warning", "Outline Warning" ], [ "outline-danger", "Outline Danger" ], [ "gradient_one", "Gradient One" ], [ "gradient_two", "Gradient Two" ], [ "custom", "Custom" ], [ "none", "None" ] ],
      "multiple" : false,
      "reordering_enabled" : true,
      "preset" : null,
      "type" : "choice",
      "display_width" : null,
      "default" : "gradient_one"
    }, {
      "id" : "column.cta.default",
      "name" : "default",
      "label" : "Default",
      "required" : false,
      "locked" : false,
      "visibility" : {
        "controlling_field" : "column.cta.cta_style",
        "controlling_field_path" : null,
        "controlling_value_regex" : "custom",
        "property" : null,
        "operator" : "EQUAL",
        "access" : null
      },
      "children" : [ {
        "id" : "column.ctas.default.background",
        "name" : "background",
        "label" : "Background",
        "required" : false,
        "locked" : false,
        "type" : "color",
        "display_width" : null,
        "default" : {
          "color" : "#0c63ff",
          "opacity" : 100
        }
      }, {
        "id" : "column.ctas.default.text",
        "name" : "text",
        "label" : "Text",
        "required" : false,
        "locked" : false,
        "type" : "color",
        "display_width" : null,
        "default" : {
          "color" : "#fff",
          "opacity" : 100
        }
      }, {
        "id" : "column.ctas.default.border",
        "name" : "border",
        "label" : "Border",
        "required" : false,
        "locked" : false,
        "type" : "color",
        "display_width" : null,
        "default" : {
          "color" : "#0c63ff",
          "opacity" : 100
        }
      } ],
      "tab" : "CONTENT",
      "expanded" : true,
      "group_occurrence_meta" : null,
      "type" : "group",
      "display_width" : null,
      "default" : {
        "background" : {
          "color" : "#0c63ff",
          "opacity" : 100
        },
        "text" : {
          "color" : "#fff",
          "opacity" : 100
        },
        "border" : {
          "color" : "#0c63ff",
          "opacity" : 100
        }
      }
    }, {
      "id" : "column.cta.hover",
      "name" : "hover",
      "label" : "Hover",
      "required" : false,
      "locked" : false,
      "visibility" : {
        "controlling_field" : "column.cta.cta_style",
        "controlling_field_path" : null,
        "controlling_value_regex" : "custom",
        "property" : null,
        "operator" : "EQUAL",
        "access" : null
      },
      "children" : [ {
        "id" : "column.ctas.hover.background",
        "name" : "background",
        "label" : "Background",
        "required" : false,
        "locked" : false,
        "type" : "color",
        "display_width" : null,
        "default" : {
          "color" : "#5a93fd",
          "opacity" : 100
        }
      }, {
        "id" : "column.ctas.hover.text",
        "name" : "text",
        "label" : "Text",
        "required" : false,
        "locked" : false,
        "type" : "color",
        "display_width" : null,
        "default" : {
          "color" : "#fff",
          "opacity" : 100
        }
      }, {
        "id" : "column.ctas.hover.border",
        "name" : "border",
        "label" : "Border Color",
        "required" : false,
        "locked" : false,
        "type" : "color",
        "display_width" : null,
        "default" : {
          "color" : "#5a93fd",
          "opacity" : 100
        }
      } ],
      "tab" : "CONTENT",
      "expanded" : true,
      "group_occurrence_meta" : null,
      "type" : "group",
      "display_width" : null,
      "default" : {
        "background" : {
          "color" : "#5a93fd",
          "opacity" : 100
        },
        "text" : {
          "color" : "#fff",
          "opacity" : 100
        },
        "border" : {
          "color" : "#5a93fd",
          "opacity" : 100
        }
      }
    }, {
      "id" : "column.cta.cta",
      "name" : "cta",
      "label" : "CTA",
      "required" : false,
      "locked" : false,
      "visibility" : {
        "controlling_field" : "cta_type",
        "controlling_field_path" : null,
        "controlling_value_regex" : "cta",
        "property" : null,
        "operator" : "EQUAL",
        "access" : null
      },
      "type" : "cta",
      "display_width" : null
    }, {
      "id" : "column.cta.button_text",
      "name" : "button_text",
      "label" : "Button Text",
      "required" : false,
      "locked" : false,
      "validation_regex" : "",
      "visibility" : {
        "controlling_field" : "cta_type",
        "controlling_field_path" : null,
        "controlling_value_regex" : "btn|modal",
        "property" : null,
        "operator" : "MATCHES_REGEX",
        "access" : null
      },
      "allow_new_line" : false,
      "show_emoji_picker" : false,
      "type" : "text",
      "display_width" : null,
      "default" : "Preview Alto"
    }, {
      "id" : "column.cta.modal_target",
      "name" : "modal_target",
      "label" : "Modal Target",
      "required" : false,
      "locked" : false,
      "validation_regex" : "",
      "visibility" : {
        "controlling_field" : "cta_type",
        "controlling_field_path" : null,
        "controlling_value_regex" : "modal",
        "property" : null,
        "operator" : "EQUAL",
        "access" : null
      },
      "allow_new_line" : false,
      "show_emoji_picker" : false,
      "type" : "text",
      "display_width" : null,
      "default" : "demo"
    }, {
      "id" : "column.ctas.link",
      "name" : "link",
      "label" : "Link",
      "required" : false,
      "locked" : false,
      "visibility" : {
        "controlling_field" : "cta_type",
        "controlling_field_path" : null,
        "controlling_value_regex" : "btn",
        "property" : null,
        "operator" : "EQUAL",
        "access" : null
      },
      "supported_types" : [ "EXTERNAL", "CONTENT", "FILE", "EMAIL_ADDRESS", "BLOG", "CALL_TO_ACTION", "PHONE_NUMBER", "PAYMENT" ],
      "show_advanced_rel_options" : true,
      "type" : "link",
      "display_width" : null,
      "default" : {
        "url" : {
          "href" : "#",
          "type" : "EXTERNAL",
          "content_id" : null
        },
        "no_follow" : false,
        "open_in_new_tab" : false
      }
    }, {
      "id" : "column.cta.payment",
      "name" : "payment",
      "label" : "Payment link",
      "required" : false,
      "locked" : false,
      "visibility" : {
        "controlling_field" : "cta_type",
        "controlling_field_path" : null,
        "controlling_value_regex" : "hs_payment",
        "property" : null,
        "operator" : "EQUAL",
        "access" : null
      },
      "type" : "payment",
      "display_width" : null,
      "default" : { }
    }, {
      "id" : "column.cta.checkout_location",
      "name" : "checkout_location",
      "label" : "Checkout behavior",
      "required" : false,
      "locked" : false,
      "visibility_rules" : "ADVANCED",
      "advanced_visibility" : {
        "boolean_operator" : "AND",
        "criteria" : [ {
          "controlling_field" : "column.cta.payment",
          "controlling_field_path" : null,
          "controlling_value_regex" : "id\":\\d+",
          "property" : null,
          "operator" : "MATCHES_REGEX",
          "access" : null
        }, {
          "controlling_field" : "cta_type",
          "controlling_field_path" : null,
          "controlling_value_regex" : "hs_payment",
          "property" : null,
          "operator" : "EQUAL",
          "access" : null
        } ],
        "children" : [ ]
      },
      "display" : "radio",
      "choices" : [ [ "new_tab", "Open in a new tab" ], [ "overlay", "Sliding overlay" ] ],
      "multiple" : false,
      "reordering_enabled" : true,
      "preset" : null,
      "type" : "choice",
      "display_width" : null,
      "default" : "new_tab"
    }, {
      "id" : "column.ctas.cta_size",
      "name" : "cta_size",
      "label" : "CTA Size",
      "required" : true,
      "locked" : false,
      "visibility" : {
        "controlling_field" : "cta_type",
        "controlling_field_path" : null,
        "controlling_value_regex" : "none",
        "property" : null,
        "operator" : "NOT_EQUAL",
        "access" : null
      },
      "display" : "select",
      "choices" : [ [ "sm", "Small" ], [ "md", "Default" ], [ "lg", "Large" ] ],
      "multiple" : false,
      "reordering_enabled" : true,
      "preset" : null,
      "type" : "choice",
      "display_width" : null,
      "default" : "md"
    }, {
      "id" : "column.cta.add_icon",
      "name" : "add_icon",
      "label" : "Add icon",
      "required" : false,
      "locked" : false,
      "visibility" : {
        "controlling_field" : "cta_type",
        "controlling_field_path" : null,
        "controlling_value_regex" : "cta",
        "property" : null,
        "operator" : "NOT_EQUAL",
        "access" : null
      },
      "display" : "checkbox",
      "type" : "boolean",
      "display_width" : null,
      "default" : false
    }, {
      "id" : "column.cta.icon",
      "name" : "icon",
      "label" : "Icon",
      "required" : false,
      "locked" : false,
      "visibility_rules" : "ADVANCED",
      "advanced_visibility" : {
        "boolean_operator" : "AND",
        "criteria" : [ {
          "controlling_field" : "cta_type",
          "controlling_field_path" : null,
          "controlling_value_regex" : "cta",
          "property" : null,
          "operator" : "NOT_EQUAL",
          "access" : null
        }, {
          "controlling_field" : "column.cta.add_icon",
          "controlling_field_path" : null,
          "controlling_value_regex" : "true",
          "property" : null,
          "operator" : "EQUAL",
          "access" : null
        } ],
        "children" : [ ]
      },
      "children" : [ {
        "id" : "column.cta.icon.icon",
        "name" : "icon",
        "label" : "Icon",
        "required" : true,
        "locked" : false,
        "icon_set" : "fontawesome-5.14.0",
        "type" : "icon",
        "display_width" : null,
        "default" : {
          "name" : "arrow-right",
          "type" : "SOLID",
          "unicode" : "f061"
        }
      }, {
        "id" : "column.cta.icon.position",
        "name" : "position",
        "label" : "Position",
        "required" : true,
        "locked" : false,
        "display" : "select",
        "choices" : [ [ "left", "Left" ], [ "right", "Right" ] ],
        "multiple" : false,
        "reordering_enabled" : true,
        "preset" : null,
        "type" : "choice",
        "display_width" : null,
        "default" : "right"
      }, {
        "id" : "column.cta.icon.purpose",
        "name" : "purpose",
        "label" : "Purpose",
        "help_text" : "The purpose of the icon, used for accessibility. If set to decorative, an additional attribute of aria-hidden=\"true\" will be added to the icon.",
        "required" : true,
        "locked" : false,
        "display" : "select",
        "choices" : [ [ "decorative", "Decorative" ], [ "semantic", "Semantic" ] ],
        "multiple" : false,
        "reordering_enabled" : true,
        "preset" : null,
        "type" : "choice",
        "display_width" : null,
        "default" : "decorative"
      } ],
      "tab" : "CONTENT",
      "expanded" : true,
      "group_occurrence_meta" : null,
      "type" : "group",
      "display_width" : null,
      "default" : {
        "icon" : {
          "name" : "arrow-right",
          "type" : "SOLID",
          "unicode" : "f061"
        },
        "position" : "right",
        "purpose" : "decorative"
      }
    } ],
    "tab" : "CONTENT",
    "expanded" : false,
    "group_occurrence_meta" : null,
    "type" : "group",
    "display_width" : null,
    "default" : [ {
      "cta_type" : "btn",
      "cta_style" : "gradient_one",
      "default" : {
        "background" : {
          "color" : "#0c63ff",
          "opacity" : 100
        },
        "text" : {
          "color" : "#fff",
          "opacity" : 100
        },
        "border" : {
          "color" : "#0c63ff",
          "opacity" : 100
        }
      },
      "hover" : {
        "background" : {
          "color" : "#5a93fd",
          "opacity" : 100
        },
        "text" : {
          "color" : "#fff",
          "opacity" : 100
        },
        "border" : {
          "color" : "#5a93fd",
          "opacity" : 100
        }
      },
      "cta" : null,
      "button_text" : "Preview Alto",
      "modal_target" : "demo",
      "link" : {
        "url" : {
          "href" : "http://sprocketrocket.co/presets/alto",
          "type" : "EXTERNAL",
          "content_id" : null
        },
        "no_follow" : false,
        "open_in_new_tab" : true
      },
      "payment" : { },
      "checkout_location" : "new_tab",
      "cta_size" : "md",
      "add_icon" : false,
      "icon" : {
        "icon" : {
          "name" : "arrow-right",
          "type" : "SOLID",
          "unicode" : "f061"
        },
        "position" : "right",
        "purpose" : "decorative"
      }
    } ]
  } ],
  "tab" : "CONTENT",
  "expanded" : false,
  "group_occurrence_meta" : null,
  "type" : "group",
  "display_width" : null,
  "default" : [ {
    "image" : {
      "size_type" : "exact",
      "src" : "https://www.sprocketrocket.co/hubfs/sr-assets/presets/alto-preview-sm.jpg",
      "alt" : "alto",
      "loading" : "lazy",
      "width" : 537,
      "height" : 594,
      "max_width" : 1074,
      "max_height" : 1188
    },
    "ctas" : [ {
      "cta_type" : "btn",
      "cta_style" : "gradient_one",
      "default" : {
        "background" : {
          "color" : "#0c63ff",
          "opacity" : 100
        },
        "text" : {
          "color" : "#fff",
          "opacity" : 100
        },
        "border" : {
          "color" : "#0c63ff",
          "opacity" : 100
        }
      },
      "hover" : {
        "background" : {
          "color" : "#5a93fd",
          "opacity" : 100
        },
        "text" : {
          "color" : "#fff",
          "opacity" : 100
        },
        "border" : {
          "color" : "#5a93fd",
          "opacity" : 100
        }
      },
      "cta" : null,
      "button_text" : "Preview Alto",
      "modal_target" : "demo",
      "link" : {
        "url" : {
          "href" : "http://sprocketrocket.co/presets/alto",
          "type" : "EXTERNAL",
          "content_id" : null
        },
        "no_follow" : false,
        "open_in_new_tab" : true
      },
      "payment" : { },
      "checkout_location" : "new_tab",
      "cta_size" : "md",
      "add_icon" : false,
      "icon" : {
        "icon" : {
          "name" : "arrow-right",
          "type" : "SOLID",
          "unicode" : "f061"
        },
        "position" : "right",
        "purpose" : "decorative"
      }
    } ]
  }, {
    "image" : {
      "size_type" : "exact",
      "src" : "https://www.lean-labs.com/hubfs/sr-assets/alto/nebula-preset.png",
      "alt" : "alto-preset",
      "loading" : "lazy",
      "width" : 537,
      "height" : 594,
      "max_width" : 1074,
      "max_height" : 1188
    },
    "ctas" : [ {
      "cta_type" : "btn",
      "cta_style" : "gradient_one",
      "default" : {
        "background" : {
          "color" : "#0c63ff",
          "opacity" : 100
        },
        "text" : {
          "color" : "#fff",
          "opacity" : 100
        },
        "border" : {
          "color" : "#0c63ff",
          "opacity" : 100
        }
      },
      "hover" : {
        "background" : {
          "color" : "#5a93fd",
          "opacity" : 100
        },
        "text" : {
          "color" : "#fff",
          "opacity" : 100
        },
        "border" : {
          "color" : "#5a93fd",
          "opacity" : 100
        }
      },
      "cta" : null,
      "button_text" : "Preview Nebula",
      "modal_target" : "demo",
      "link" : {
        "url" : {
          "href" : "http://sprocketrocket.co/presets/nebula",
          "type" : "EXTERNAL",
          "content_id" : null
        },
        "no_follow" : false,
        "open_in_new_tab" : true
      },
      "payment" : { },
      "checkout_location" : "new_tab",
      "cta_size" : "md",
      "add_icon" : false,
      "icon" : {
        "icon" : {
          "name" : "arrow-right",
          "type" : "SOLID",
          "unicode" : "f061"
        },
        "position" : "right",
        "purpose" : "decorative"
      }
    } ]
  }, {
    "image" : {
      "size_type" : "exact",
      "src" : "https://www.sprocketrocket.co/hubfs/sr-assets/presets/stardust-preview-sm.jpg",
      "alt" : "stardust",
      "loading" : "lazy",
      "width" : 537,
      "height" : 594,
      "max_width" : 1074,
      "max_height" : 1188
    },
    "ctas" : [ {
      "cta_type" : "btn",
      "cta_style" : "gradient_one",
      "default" : {
        "background" : {
          "color" : "#0c63ff",
          "opacity" : 100
        },
        "text" : {
          "color" : "#fff",
          "opacity" : 100
        },
        "border" : {
          "color" : "#0c63ff",
          "opacity" : 100
        }
      },
      "hover" : {
        "background" : {
          "color" : "#5a93fd",
          "opacity" : 100
        },
        "text" : {
          "color" : "#fff",
          "opacity" : 100
        },
        "border" : {
          "color" : "#5a93fd",
          "opacity" : 100
        }
      },
      "cta" : null,
      "button_text" : "Preview Stardust",
      "modal_target" : "demo",
      "link" : {
        "url" : {
          "href" : "http://sprocketrocket.co/presets/stardust",
          "type" : "EXTERNAL",
          "content_id" : null
        },
        "no_follow" : false,
        "open_in_new_tab" : true
      },
      "payment" : { },
      "checkout_location" : "new_tab",
      "cta_size" : "md",
      "add_icon" : false,
      "icon" : {
        "icon" : {
          "name" : "arrow-right",
          "type" : "SOLID",
          "unicode" : "f061"
        },
        "position" : "right",
        "purpose" : "decorative"
      }
    } ]
  } ]
} ]