[ {
  "picker" : "video",
  "id" : "background_video",
  "name" : "background_video",
  "label" : "Background Video",
  "help_text" : "Add multiple file formats in order to provide compatibility with a broad range of browsers",
  "required" : false,
  "locked" : false,
  "occurrence" : {
    "min" : 0,
    "max" : null,
    "sorting_label_field" : null,
    "default" : 1
  },
  "visibility" : {
    "controlling_field" : "design_settings.background_option",
    "controlling_field_path" : null,
    "controlling_value_regex" : "video",
    "property" : null,
    "operator" : "EQUAL",
    "access" : null
  },
  "type" : "file",
  "display_width" : null,
  "default" : [ "https://www.lean-labs.com/hubfs/sr-assets/videos/sr-bg-video.mp4" ]
}, {
  "picker" : "video",
  "id" : "background_video_md",
  "name" : "background_video_md",
  "label" : "Background Video Tablet",
  "help_text" : "This background video will only be used on tablet devices",
  "required" : false,
  "locked" : false,
  "occurrence" : {
    "min" : 0,
    "max" : null,
    "sorting_label_field" : null,
    "default" : 1
  },
  "visibility_rules" : "ADVANCED",
  "advanced_visibility" : {
    "boolean_operator" : "AND",
    "criteria" : [ {
      "controlling_field" : null,
      "controlling_field_path" : "design_settings.responsive_settings.mobile.mobile_background_option",
      "controlling_value_regex" : "custom",
      "property" : null,
      "operator" : "EQUAL",
      "access" : null
    }, {
      "controlling_field" : null,
      "controlling_field_path" : "design_settings.background_option",
      "controlling_value_regex" : "video",
      "property" : null,
      "operator" : "MATCHES_REGEX",
      "access" : null
    } ],
    "children" : [ ]
  },
  "type" : "file",
  "display_width" : null
}, {
  "picker" : "video",
  "id" : "background_video_sm",
  "name" : "background_video_sm",
  "label" : "Background Video Mobile",
  "help_text" : "This background video will only be used on mobile devices",
  "required" : false,
  "locked" : false,
  "occurrence" : {
    "min" : 0,
    "max" : null,
    "sorting_label_field" : null,
    "default" : 1
  },
  "visibility_rules" : "ADVANCED",
  "advanced_visibility" : {
    "boolean_operator" : "AND",
    "criteria" : [ {
      "controlling_field" : null,
      "controlling_field_path" : "design_settings.responsive_settings.mobile.mobile_background_option",
      "controlling_value_regex" : "custom",
      "property" : null,
      "operator" : "EQUAL",
      "access" : null
    }, {
      "controlling_field" : null,
      "controlling_field_path" : "design_settings.background_option",
      "controlling_value_regex" : "video",
      "property" : null,
      "operator" : "MATCHES_REGEX",
      "access" : null
    } ],
    "children" : [ ]
  },
  "type" : "file",
  "display_width" : null
}, {
  "id" : "enabled",
  "name" : "enabled",
  "label" : "Enabled",
  "required" : false,
  "locked" : false,
  "display" : "checkbox",
  "type" : "boolean",
  "display_width" : null,
  "default" : true
}, {
  "id" : "sr_module_id",
  "name" : "sr_module_id",
  "label" : "ID",
  "help_text" : "Assign a ID to the module",
  "required" : false,
  "locked" : false,
  "validation_regex" : "",
  "allow_new_line" : false,
  "show_emoji_picker" : false,
  "type" : "text",
  "display_width" : "half_width"
}, {
  "id" : "class",
  "name" : "class",
  "label" : "Class",
  "help_text" : "Assign a CLASS to the module",
  "required" : false,
  "locked" : false,
  "validation_regex" : "",
  "allow_new_line" : false,
  "show_emoji_picker" : false,
  "type" : "text",
  "display_width" : "half_width"
}, {
  "id" : "design_settings",
  "name" : "design_settings",
  "label" : "Design Settings",
  "required" : false,
  "locked" : false,
  "children" : [ {
    "id" : "design_settings.slider_styles",
    "name" : "slider_styles",
    "label" : "Slider Styles",
    "required" : false,
    "locked" : false,
    "children" : [ {
      "id" : "1eb89e94-3bf8-8187-c2ac-df211e903d97",
      "name" : "dots_color",
      "label" : "Dots Color",
      "required" : false,
      "locked" : false,
      "visibility" : {
        "controlling_field" : null,
        "controlling_field_path" : "carousel",
        "controlling_value_regex" : "true",
        "property" : null,
        "operator" : "EQUAL",
        "access" : null
      },
      "type" : "color",
      "display_width" : null,
      "default" : {
        "color" : "#A643F2",
        "opacity" : 100
      }
    } ],
    "tab" : "STYLE",
    "expanded" : false,
    "group_occurrence_meta" : null,
    "type" : "group",
    "display_width" : null,
    "default" : {
      "dots_color" : {
        "color" : "#A643F2",
        "opacity" : 100
      }
    }
  }, {
    "id" : "design_settings.card_styles",
    "name" : "card_styles",
    "label" : "Card Styles",
    "help_text" : "",
    "inline_help_text" : "",
    "required" : false,
    "locked" : false,
    "children" : [ {
      "id" : "card_styles.background_color",
      "name" : "background_color",
      "label" : "Background Color",
      "required" : true,
      "locked" : false,
      "display" : "select",
      "choices" : [ [ "auto", "Auto" ], [ "primary", "Primary" ], [ "secondary", "Secondary" ], [ "tertiary", "Tertiary" ], [ "white", "White" ], [ "black", "Black" ], [ "dark", "Dark" ], [ "light", "Light" ], [ "success", "Success" ], [ "info", "Info" ], [ "warning", "Warning" ], [ "danger", "Danger" ], [ "gradient", "Gradient" ], [ "gradient_one", "Gradient One" ], [ "gradient_two", "Gradient Two" ], [ "custom", "Custom" ], [ "none", "None" ] ],
      "multiple" : false,
      "reordering_enabled" : true,
      "preset" : null,
      "type" : "choice",
      "display_width" : null,
      "default" : "auto"
    }, {
      "id" : "card_styles.background_gradient",
      "name" : "background_gradient",
      "label" : "Gradient",
      "required" : false,
      "locked" : false,
      "visibility" : {
        "controlling_field" : "card_styles.background_color",
        "controlling_field_path" : null,
        "controlling_value_regex" : "gradient",
        "property" : null,
        "operator" : "EQUAL",
        "access" : null
      },
      "type" : "gradient",
      "display_width" : null,
      "default" : {
        "colors" : [ {
          "color" : {
            "a" : 1,
            "b" : 255,
            "g" : 99,
            "r" : 12
          }
        }, {
          "color" : {
            "a" : 1,
            "b" : 255,
            "g" : 151,
            "r" : 24
          }
        } ],
        "side_or_corner" : {
          "verticalSide" : "BOTTOM",
          "horizontalSide" : "RIGHT"
        }
      }
    }, {
      "id" : "card_styles.background_custom",
      "name" : "background_custom",
      "label" : "Background Color",
      "required" : false,
      "locked" : false,
      "visibility" : {
        "controlling_field" : "card_styles.background_color",
        "controlling_field_path" : null,
        "controlling_value_regex" : "custom",
        "property" : null,
        "operator" : "EQUAL",
        "access" : null
      },
      "type" : "color",
      "display_width" : null,
      "default" : {
        "color" : "#fff",
        "opacity" : 100
      }
    }, {
      "id" : "card_styles.text_color",
      "name" : "text_color",
      "label" : "Text Color",
      "required" : true,
      "locked" : false,
      "display" : "select",
      "choices" : [ [ "auto", "Auto" ], [ "primary", "Primary" ], [ "secondary", "Secondary" ], [ "tertiary", "Tertiary" ], [ "white", "White" ], [ "black", "Black" ], [ "dark", "Dark" ], [ "light", "Light" ], [ "success", "Success" ], [ "info", "Info" ], [ "warning", "Warning" ], [ "danger", "Danger" ], [ "gradient_one", "Gradient One" ], [ "gradient_two", "Gradient Two" ], [ "custom", "Custom" ] ],
      "multiple" : false,
      "reordering_enabled" : true,
      "preset" : null,
      "type" : "choice",
      "display_width" : null,
      "default" : "auto"
    }, {
      "id" : "card_styles.text_color_custom",
      "name" : "text_color_custom",
      "label" : "Text Color",
      "required" : false,
      "locked" : false,
      "visibility" : {
        "controlling_field" : "card_styles.text_color",
        "controlling_field_path" : null,
        "controlling_value_regex" : "custom",
        "property" : null,
        "operator" : "EQUAL",
        "access" : null
      },
      "type" : "color",
      "display_width" : null,
      "default" : {
        "color" : "#87909e",
        "opacity" : 100
      }
    }, {
      "id" : "card_styles.spacing",
      "name" : "spacing",
      "label" : "Spacing",
      "required" : false,
      "locked" : false,
      "type" : "spacing",
      "display_width" : null,
      "default" : {
        "margin" : null,
        "padding" : {
          "top" : {
            "value" : 50,
            "units" : "px"
          },
          "bottom" : {
            "value" : 50,
            "units" : "px"
          },
          "left" : {
            "value" : 50,
            "units" : "px"
          },
          "right" : {
            "value" : 50,
            "units" : "px"
          }
        }
      }
    }, {
      "id" : "design_settings.card_styles.border",
      "name" : "border",
      "label" : "Border",
      "required" : false,
      "locked" : false,
      "allow_custom_border_sides" : true,
      "type" : "border",
      "display_width" : null,
      "default" : { }
    }, {
      "id" : "design_settings.card_styles.border_radius",
      "name" : "border_radius",
      "label" : "Border Radius",
      "help_text" : "",
      "inline_help_text" : "",
      "required" : false,
      "locked" : false,
      "display" : "text",
      "step" : 1,
      "suffix" : "px",
      "type" : "number",
      "display_width" : null,
      "default" : 10
    }, {
      "id" : "design_settings.card_styles.shadow",
      "name" : "shadow",
      "label" : "Shadow",
      "help_text" : "",
      "required" : false,
      "locked" : false,
      "display" : "toggle",
      "type" : "boolean",
      "display_width" : null,
      "default" : true
    }, {
      "id" : "design_settings.card_styles.horizontal",
      "name" : "horizontal",
      "label" : "Horizontal",
      "help_text" : "A positive value puts the shadow on the right side of the box, a negative value puts the shadow on the left side of the box",
      "required" : false,
      "locked" : false,
      "visibility" : {
        "controlling_field" : "design_settings.card_styles.shadow",
        "controlling_field_path" : null,
        "controlling_value_regex" : "true",
        "property" : null,
        "operator" : "EQUAL",
        "access" : null
      },
      "display" : "text",
      "step" : 1,
      "prefix" : "",
      "suffix" : "px",
      "type" : "number",
      "display_width" : "half_width",
      "default" : 12
    }, {
      "id" : "design_settings.card_styles.vertical",
      "name" : "vertical",
      "label" : "Vertical",
      "help_text" : "The vertical offset of the shadow. A positive value puts the shadow below the box, a negative value puts the shadow above the box",
      "required" : false,
      "locked" : false,
      "visibility" : {
        "controlling_field" : "design_settings.card_styles.shadow",
        "controlling_field_path" : null,
        "controlling_value_regex" : "true",
        "property" : null,
        "operator" : "EQUAL",
        "access" : null
      },
      "display" : "text",
      "step" : 1,
      "prefix" : "",
      "suffix" : "px",
      "type" : "number",
      "display_width" : "half_width",
      "default" : 12
    }, {
      "id" : "design_settings.card_styles.blur",
      "name" : "blur",
      "label" : "Blur",
      "help_text" : "The blur radius. The higher the number, the more blurred the shadow will be",
      "required" : false,
      "locked" : false,
      "visibility" : {
        "controlling_field" : "design_settings.card_styles.shadow",
        "controlling_field_path" : null,
        "controlling_value_regex" : "true",
        "property" : null,
        "operator" : "EQUAL",
        "access" : null
      },
      "display" : "text",
      "step" : 1,
      "prefix" : "",
      "suffix" : "px",
      "type" : "number",
      "display_width" : "half_width",
      "default" : 40
    }, {
      "id" : "design_settings.card_styles.spread",
      "name" : "spread",
      "label" : "Spread",
      "help_text" : "The spread radius. A positive value increases the size of the shadow, a negative value decreases the size of the shadow",
      "required" : false,
      "locked" : false,
      "visibility" : {
        "controlling_field" : "design_settings.card_styles.shadow",
        "controlling_field_path" : null,
        "controlling_value_regex" : "true",
        "property" : null,
        "operator" : "EQUAL",
        "access" : null
      },
      "display" : "text",
      "step" : 1,
      "prefix" : "",
      "suffix" : "px",
      "type" : "number",
      "display_width" : "half_width",
      "default" : 0
    }, {
      "id" : "design_settings.card_styles.inset",
      "name" : "inset",
      "label" : "Inset",
      "help_text" : "Changes the shadow to an inner shadow",
      "required" : false,
      "locked" : false,
      "visibility" : {
        "controlling_field" : "design_settings.card_styles.shadow",
        "controlling_field_path" : null,
        "controlling_value_regex" : "true",
        "property" : null,
        "operator" : "EQUAL",
        "access" : null
      },
      "display" : "checkbox",
      "type" : "boolean",
      "display_width" : null,
      "default" : false
    }, {
      "id" : "design_settings.card_styles.color",
      "name" : "color",
      "label" : "Color",
      "help_text" : "The color of the shadow",
      "required" : false,
      "locked" : false,
      "visibility" : {
        "controlling_field" : "design_settings.card_styles.shadow",
        "controlling_field_path" : null,
        "controlling_value_regex" : "true",
        "property" : null,
        "operator" : "EQUAL",
        "access" : null
      },
      "type" : "color",
      "display_width" : null,
      "default" : {
        "color" : "#A643F2",
        "opacity" : 20
      }
    } ],
    "tab" : "STYLE",
    "expanded" : false,
    "group_occurrence_meta" : null,
    "type" : "group",
    "display_width" : null,
    "default" : {
      "background_color" : "auto",
      "background_gradient" : {
        "colors" : [ {
          "color" : {
            "a" : 1,
            "b" : 255,
            "g" : 99,
            "r" : 12
          }
        }, {
          "color" : {
            "a" : 1,
            "b" : 255,
            "g" : 151,
            "r" : 24
          }
        } ],
        "side_or_corner" : {
          "verticalSide" : "BOTTOM",
          "horizontalSide" : "RIGHT"
        }
      },
      "background_custom" : {
        "color" : "#fff",
        "opacity" : 100
      },
      "text_color" : "auto",
      "text_color_custom" : {
        "color" : "#87909e",
        "opacity" : 100
      },
      "spacing" : {
        "margin" : null,
        "padding" : {
          "top" : {
            "value" : 50,
            "units" : "px"
          },
          "bottom" : {
            "value" : 50,
            "units" : "px"
          },
          "left" : {
            "value" : 50,
            "units" : "px"
          },
          "right" : {
            "value" : 50,
            "units" : "px"
          }
        }
      },
      "border" : { },
      "border_radius" : 10,
      "shadow" : true,
      "horizontal" : 12,
      "vertical" : 12,
      "blur" : 40,
      "spread" : 0,
      "inset" : false,
      "color" : {
        "color" : "#A643F2",
        "opacity" : 20
      }
    }
  }, {
    "id" : "design_settings.layout",
    "name" : "layout",
    "label" : "Layout",
    "help_text" : "",
    "required" : true,
    "locked" : false,
    "display" : "select",
    "choices" : [ [ "container", "Default" ], [ "container container-small", "Small" ], [ "container container-large", "Large" ], [ "container-fluid", "Full Width" ] ],
    "multiple" : false,
    "reordering_enabled" : true,
    "preset" : null,
    "type" : "choice",
    "display_width" : null,
    "default" : "container container-large"
  }, {
    "id" : "design_settings.container_width",
    "name" : "container_width",
    "label" : "Container Width",
    "help_text" : "<strong>Maximum:</strong> 100% of the container<br><br>\n<strong>Wide:</strong> 83% of the container<br><br>\n<strong>Narrow:</strong> 66% of the container<br><br>\n<strong>Minimum:</strong> 50% of the container",
    "required" : true,
    "locked" : false,
    "display" : "select",
    "choices" : [ [ "min", "Minimum" ], [ "narrow", "Narrow" ], [ "wide", "Wide" ], [ "max", "Maximum" ] ],
    "multiple" : false,
    "reordering_enabled" : true,
    "preset" : null,
    "type" : "choice",
    "display_width" : null,
    "default" : "max"
  }, {
    "id" : "design_settings.top_bottom_padding",
    "name" : "top_bottom_padding",
    "label" : "Top Bottom Padding",
    "help_text" : "<strong>Use default values:</strong> Uses any inherit padding values<br><br><strong>No Padding:</strong> Set padding to 0<br><br><strong>Small:</strong> Uses a preset small padding<br><br><strong>Large:</strong> Uses a preset large padding<br><br><strong>Custom:</strong> Custom padding",
    "required" : true,
    "locked" : false,
    "display" : "select",
    "choices" : [ [ "auto", "Use default values" ], [ "zero", "No Padding" ], [ "half", "Small padding" ], [ "full", "Large padding" ], [ "custom", "Custom padding" ] ],
    "multiple" : false,
    "reordering_enabled" : true,
    "preset" : null,
    "type" : "choice",
    "display_width" : null,
    "default" : "custom"
  }, {
    "id" : "design_settings.spacing",
    "name" : "spacing",
    "label" : "Spacing",
    "required" : false,
    "locked" : false,
    "visibility" : {
      "controlling_field" : "design_settings.top_bottom_padding",
      "controlling_field_path" : null,
      "controlling_value_regex" : "custom",
      "property" : null,
      "operator" : "EQUAL",
      "access" : null
    },
    "type" : "spacing",
    "display_width" : null,
    "default" : {
      "margin" : {
        "top" : {
          "units" : "rem",
          "value" : 0
        },
        "bottom" : {
          "units" : "rem",
          "value" : 0
        }
      },
      "padding" : {
        "top" : {
          "value" : 150,
          "units" : "px"
        },
        "bottom" : {
          "value" : 150,
          "units" : "px"
        },
        "left" : {
          "units" : "rem",
          "value" : 0
        },
        "right" : {
          "units" : "rem",
          "value" : 0
        }
      }
    }
  }, {
    "id" : "design_settings.background_option",
    "name" : "background_option",
    "label" : "Background Option",
    "inline_help_text" : "For the <strong>Video</strong> option, return to the <strong>🖉 Content</strong> tab to edit the video source",
    "required" : true,
    "locked" : false,
    "display" : "select",
    "choices" : [ [ "image", "Image" ], [ "video", "Video" ], [ "color", "Color" ], [ "custom", "Custom" ], [ "gradient", "Gradient" ] ],
    "multiple" : false,
    "reordering_enabled" : true,
    "preset" : null,
    "type" : "choice",
    "display_width" : null,
    "default" : "color"
  }, {
    "id" : "design_settings.background_image",
    "name" : "background_image",
    "label" : "Background Image",
    "help_text" : "Source for background image or before the video loads",
    "required" : false,
    "locked" : false,
    "visibility" : {
      "controlling_field" : "design_settings.background_option",
      "controlling_field_path" : null,
      "controlling_value_regex" : "image|video",
      "property" : null,
      "operator" : "MATCHES_REGEX",
      "access" : null
    },
    "type" : "backgroundimage",
    "display_width" : null,
    "default" : {
      "src" : "https://www.lean-labs.com/hubfs/sr-assets/pattern-library/sr-hero-01/sr-hero-01-v2.jpg",
      "background_size" : "cover",
      "background_position" : "MIDDLE_CENTER"
    }
  }, {
    "id" : "design_settings.background_overlay_color",
    "name" : "background_overlay_color",
    "label" : "Background Overlay Color",
    "help_text" : "Overlay color on top of the image/video",
    "required" : false,
    "locked" : false,
    "visibility" : {
      "controlling_field" : "design_settings.background_option",
      "controlling_field_path" : null,
      "controlling_value_regex" : "image|video",
      "property" : null,
      "operator" : "MATCHES_REGEX",
      "access" : null
    },
    "type" : "color",
    "display_width" : null,
    "default" : {
      "color" : "#343a40",
      "opacity" : 30
    }
  }, {
    "id" : "design_settings.background_color",
    "name" : "background_color",
    "label" : "Background Color",
    "required" : true,
    "locked" : false,
    "visibility" : {
      "controlling_field" : "design_settings.background_option",
      "controlling_field_path" : null,
      "controlling_value_regex" : "color",
      "property" : null,
      "operator" : "EQUAL",
      "access" : null
    },
    "display" : "select",
    "choices" : [ [ "primary", "Primary" ], [ "secondary", "Secondary" ], [ "tertiary", "Tertiary" ], [ "white", "White" ], [ "black", "Black" ], [ "dark", "Dark" ], [ "light", "Light" ], [ "success", "Success" ], [ "info", "Info" ], [ "warning", "Warning" ], [ "danger", "Danger" ], [ "gradient_one", "Gradient One" ], [ "gradient_two", "Gradient Two" ], [ "none", "None" ] ],
    "multiple" : false,
    "reordering_enabled" : true,
    "preset" : null,
    "type" : "choice",
    "display_width" : null,
    "default" : "none"
  }, {
    "id" : "design_settings.background_custom",
    "name" : "background_custom",
    "label" : "Background Color",
    "help_text" : "For transparent images or before the image/video loads",
    "required" : false,
    "locked" : false,
    "visibility" : {
      "controlling_field" : "design_settings.background_option",
      "controlling_field_path" : null,
      "controlling_value_regex" : "custom|image|video",
      "property" : null,
      "operator" : "MATCHES_REGEX",
      "access" : null
    },
    "type" : "color",
    "display_width" : null,
    "default" : {
      "color" : "#fff",
      "opacity" : 100
    }
  }, {
    "id" : "design_settings.background_gradient",
    "name" : "background_gradient",
    "label" : "Background Gradient",
    "required" : false,
    "locked" : false,
    "visibility" : {
      "controlling_field" : "design_settings.background_option",
      "controlling_field_path" : null,
      "controlling_value_regex" : "gradient",
      "property" : null,
      "operator" : "EQUAL",
      "access" : null
    },
    "type" : "gradient",
    "display_width" : null,
    "default" : {
      "colors" : [ {
        "color" : {
          "a" : 1,
          "b" : 255,
          "g" : 99,
          "r" : 12
        }
      }, {
        "color" : {
          "a" : 1,
          "b" : 255,
          "g" : 151,
          "r" : 24
        }
      } ],
      "side_or_corner" : {
        "verticalSide" : "TOP",
        "horizontalSide" : "LEFT"
      }
    }
  }, {
    "id" : "b2775136-cbf8-999c-2281-662e175a3ff5",
    "name" : "fixed_background",
    "label" : "Fixed Background",
    "required" : false,
    "locked" : false,
    "visibility" : {
      "controlling_field" : "design_settings.background_option",
      "controlling_field_path" : null,
      "controlling_value_regex" : "image",
      "property" : null,
      "operator" : "EQUAL",
      "access" : null
    },
    "display" : "toggle",
    "type" : "boolean",
    "display_width" : null,
    "default" : false
  }, {
    "id" : "design_settings.text_align",
    "name" : "text_align",
    "label" : "Text Align",
    "required" : false,
    "locked" : false,
    "type" : "textalignment",
    "display_width" : "half_width",
    "default" : {
      "text_align" : "CENTER"
    }
  }, {
    "id" : "design_settings.text_color",
    "name" : "text_color",
    "label" : "Text Color",
    "help_text" : "Set to <strong>Auto</strong> to use the default text color<br><br>Set to <strong>Custom</strong> to set a custom text color",
    "required" : true,
    "locked" : false,
    "display" : "select",
    "choices" : [ [ "auto", "Auto" ], [ "primary", "Primary" ], [ "secondary", "Secondary" ], [ "tertiary", "Tertiary" ], [ "white", "White" ], [ "black", "Black" ], [ "dark", "Dark" ], [ "light", "Light" ], [ "success", "Success" ], [ "info", "Info" ], [ "warning", "Warning" ], [ "danger", "Danger" ], [ "gradient_one", "Gradient One" ], [ "gradient_two", "Gradient Two" ], [ "custom", "Custom" ] ],
    "multiple" : false,
    "reordering_enabled" : true,
    "preset" : null,
    "type" : "choice",
    "display_width" : "half_width",
    "default" : "auto"
  }, {
    "id" : "design_settings.text_color_custom",
    "name" : "text_color_custom",
    "label" : "Text Color",
    "required" : false,
    "locked" : false,
    "visibility" : {
      "controlling_field" : "design_settings.text_color",
      "controlling_field_path" : null,
      "controlling_value_regex" : "custom",
      "property" : null,
      "operator" : "EQUAL",
      "access" : null
    },
    "type" : "color",
    "display_width" : null,
    "default" : {
      "color" : "#87909e",
      "opacity" : 100
    }
  }, {
    "id" : "design_settings.border",
    "name" : "border",
    "label" : "Border",
    "required" : false,
    "locked" : false,
    "allow_custom_border_sides" : true,
    "type" : "border",
    "display_width" : null,
    "default" : {
      "top" : {
        "color" : "#e5e7ea",
        "style" : "none",
        "width" : {
          "units" : "px",
          "value" : 0
        },
        "opacity" : 100
      },
      "bottom" : {
        "color" : "#e5e7ea",
        "style" : "none",
        "width" : {
          "units" : "px",
          "value" : 0
        },
        "opacity" : 100
      }
    }
  }, {
    "id" : "design_settings.responsive_settings",
    "name" : "responsive_settings",
    "label" : "Responsive Settings",
    "required" : false,
    "locked" : false,
    "children" : [ {
      "id" : "design_settings.responsive_settings.tablet",
      "name" : "tablet",
      "label" : "Tablet",
      "inline_help_text" : "Breakpoint: 992px",
      "required" : false,
      "locked" : false,
      "children" : [ {
        "id" : "design_settings.responsive_settings.tablet.tablet_text_align",
        "name" : "tablet_text_align",
        "label" : "Text Align",
        "required" : false,
        "locked" : false,
        "type" : "textalignment",
        "display_width" : null,
        "default" : { }
      }, {
        "id" : "design_settings.responsive_settings.tablet.tablet_top_bottom_padding",
        "name" : "tablet_top_bottom_padding",
        "label" : "Top Bottom Padding",
        "required" : true,
        "locked" : false,
        "display" : "select",
        "choices" : [ [ "auto", "Use default values" ], [ "zero", "No Padding" ], [ "half", "Small padding" ], [ "full", "Large padding" ], [ "custom", "Custom Padding" ] ],
        "multiple" : false,
        "reordering_enabled" : true,
        "preset" : null,
        "type" : "choice",
        "display_width" : null,
        "default" : "custom"
      }, {
        "id" : "design_settings.responsive_settings.tablet.tablet_spacing",
        "name" : "tablet_spacing",
        "label" : "Tablet Spacing",
        "required" : false,
        "locked" : false,
        "visibility" : {
          "controlling_field" : "design_settings.responsive_settings.tablet.tablet_top_bottom_padding",
          "controlling_field_path" : null,
          "controlling_value_regex" : "custom",
          "property" : null,
          "operator" : "EQUAL",
          "access" : null
        },
        "type" : "spacing",
        "display_width" : null,
        "default" : {
          "margin" : {
            "top" : {
              "units" : "rem",
              "value" : 0
            },
            "bottom" : {
              "units" : "rem",
              "value" : 0
            }
          },
          "padding" : {
            "top" : {
              "units" : "px",
              "value" : 100
            },
            "left" : {
              "units" : "rem",
              "value" : 0
            },
            "right" : {
              "units" : "rem",
              "value" : 0
            },
            "bottom" : {
              "units" : "px",
              "value" : 100
            }
          }
        }
      }, {
        "id" : "design_settings.responsive_settings.tablet.tablet_background_option",
        "name" : "tablet_background_option",
        "label" : "Background Option",
        "inline_help_text" : "For the <strong>Video</strong> option, return to the <strong>🖉 Content</strong> tab to edit the video source",
        "required" : true,
        "locked" : false,
        "display" : "select",
        "choices" : [ [ "auto", "Auto" ], [ "custom", "Custom" ] ],
        "multiple" : false,
        "reordering_enabled" : true,
        "preset" : null,
        "type" : "choice",
        "display_width" : null,
        "default" : "auto"
      }, {
        "id" : "design_settings.responsive_settings.tablet.tablet_background_image",
        "name" : "tablet_background_image",
        "label" : "Background Image",
        "help_text" : "Source for background image or before the video loads",
        "required" : false,
        "locked" : false,
        "visibility_rules" : "ADVANCED",
        "advanced_visibility" : {
          "boolean_operator" : "AND",
          "criteria" : [ {
            "controlling_field" : null,
            "controlling_field_path" : "design_settings.responsive_settings.tablet.tablet_background_option",
            "controlling_value_regex" : "custom",
            "property" : null,
            "operator" : "EQUAL",
            "access" : null
          }, {
            "controlling_field" : null,
            "controlling_field_path" : "design_settings.background_option",
            "controlling_value_regex" : "image|video",
            "property" : null,
            "operator" : "MATCHES_REGEX",
            "access" : null
          } ],
          "children" : [ ]
        },
        "type" : "backgroundimage",
        "display_width" : null,
        "default" : {
          "src" : "https://www.lean-labs.com/hubfs/sr-assets/pattern-library/sr-hero-01/sr-hero-01-v2.jpg",
          "background_size" : "cover",
          "background_position" : "MIDDLE_CENTER"
        }
      }, {
        "id" : "design_settings.responsive_settings.tablet.tablet_background_overlay_color",
        "name" : "tablet_background_overlay_color",
        "label" : "Background Overlay Color",
        "help_text" : "Overlay color on top of the image/video",
        "required" : false,
        "locked" : false,
        "visibility_rules" : "ADVANCED",
        "advanced_visibility" : {
          "boolean_operator" : "AND",
          "criteria" : [ {
            "controlling_field" : null,
            "controlling_field_path" : "design_settings.responsive_settings.tablet.tablet_background_option",
            "controlling_value_regex" : "custom",
            "property" : null,
            "operator" : "EQUAL",
            "access" : null
          }, {
            "controlling_field" : null,
            "controlling_field_path" : "design_settings.background_option",
            "controlling_value_regex" : "image|video",
            "property" : null,
            "operator" : "MATCHES_REGEX",
            "access" : null
          } ],
          "children" : [ ]
        },
        "type" : "color",
        "display_width" : null,
        "default" : {
          "color" : "#343a40",
          "opacity" : 30
        }
      }, {
        "id" : "design_settings.responsive_settings.tablet.tablet_background_color",
        "name" : "tablet_background_color",
        "label" : "Background Color",
        "required" : true,
        "locked" : false,
        "visibility_rules" : "ADVANCED",
        "advanced_visibility" : {
          "boolean_operator" : "AND",
          "criteria" : [ {
            "controlling_field" : null,
            "controlling_field_path" : "design_settings.responsive_settings.tablet.tablet_background_option",
            "controlling_value_regex" : "custom",
            "property" : null,
            "operator" : "EQUAL",
            "access" : null
          }, {
            "controlling_field" : null,
            "controlling_field_path" : "design_settings.background_option",
            "controlling_value_regex" : "color",
            "property" : null,
            "operator" : "MATCHES_REGEX",
            "access" : null
          } ],
          "children" : [ ]
        },
        "display" : "select",
        "choices" : [ [ "primary", "Primary" ], [ "secondary", "Secondary" ], [ "tertiary", "Tertiary" ], [ "white", "White" ], [ "black", "Black" ], [ "dark", "Dark" ], [ "light", "Light" ], [ "success", "Success" ], [ "info", "Info" ], [ "warning", "Warning" ], [ "danger", "Danger" ], [ "none", "None" ] ],
        "multiple" : false,
        "reordering_enabled" : true,
        "preset" : null,
        "type" : "choice",
        "display_width" : null,
        "default" : "primary"
      }, {
        "id" : "design_settings.responsive_settings.tablet.tablet_background_custom",
        "name" : "tablet_background_custom",
        "label" : "Background Color",
        "help_text" : "For transparent images or before the image/video loads",
        "required" : false,
        "locked" : false,
        "visibility_rules" : "ADVANCED",
        "advanced_visibility" : {
          "boolean_operator" : "AND",
          "criteria" : [ {
            "controlling_field" : null,
            "controlling_field_path" : "design_settings.responsive_settings.tablet.tablet_background_option",
            "controlling_value_regex" : "custom",
            "property" : null,
            "operator" : "EQUAL",
            "access" : null
          }, {
            "controlling_field" : null,
            "controlling_field_path" : "design_settings.background_option",
            "controlling_value_regex" : "custom|image|video",
            "property" : null,
            "operator" : "MATCHES_REGEX",
            "access" : null
          } ],
          "children" : [ ]
        },
        "type" : "color",
        "display_width" : null,
        "default" : {
          "color" : "#fff",
          "opacity" : 100
        }
      }, {
        "id" : "design_settings.responsive_settings.tablet.tablet_background_gradient",
        "name" : "tablet_background_gradient",
        "label" : "Background Gradient",
        "required" : false,
        "locked" : false,
        "visibility_rules" : "ADVANCED",
        "advanced_visibility" : {
          "boolean_operator" : "AND",
          "criteria" : [ {
            "controlling_field" : null,
            "controlling_field_path" : "design_settings.responsive_settings.tablet.tablet_background_option",
            "controlling_value_regex" : "custom",
            "property" : null,
            "operator" : "EQUAL",
            "access" : null
          }, {
            "controlling_field" : null,
            "controlling_field_path" : "design_settings.background_option",
            "controlling_value_regex" : "gradient",
            "property" : null,
            "operator" : "MATCHES_REGEX",
            "access" : null
          } ],
          "children" : [ ]
        },
        "type" : "gradient",
        "display_width" : null,
        "default" : {
          "colors" : [ {
            "color" : {
              "a" : 1,
              "b" : 255,
              "g" : 99,
              "r" : 12
            }
          }, {
            "color" : {
              "a" : 1,
              "b" : 255,
              "g" : 151,
              "r" : 24
            }
          } ],
          "side_or_corner" : {
            "verticalSide" : "TOP",
            "horizontalSide" : "LEFT"
          }
        }
      }, {
        "id" : "design_settings.responsive_settings.tablet.tablet_fixed_background",
        "name" : "tablet_fixed_background",
        "label" : "Fixed Background",
        "required" : false,
        "locked" : false,
        "visibility_rules" : "ADVANCED",
        "advanced_visibility" : {
          "boolean_operator" : "AND",
          "criteria" : [ {
            "controlling_field" : null,
            "controlling_field_path" : "design_settings.responsive_settings.tablet.tablet_background_option",
            "controlling_value_regex" : "custom",
            "property" : null,
            "operator" : "EQUAL",
            "access" : null
          }, {
            "controlling_field" : null,
            "controlling_field_path" : "design_settings.background_option",
            "controlling_value_regex" : "image|video",
            "property" : null,
            "operator" : "MATCHES_REGEX",
            "access" : null
          } ],
          "children" : [ ]
        },
        "display" : "toggle",
        "type" : "boolean",
        "display_width" : null,
        "default" : false
      } ],
      "tab" : "STYLE",
      "expanded" : true,
      "group_occurrence_meta" : null,
      "type" : "group",
      "display_width" : null,
      "default" : {
        "tablet_text_align" : { },
        "tablet_top_bottom_padding" : "custom",
        "tablet_spacing" : {
          "margin" : {
            "top" : {
              "units" : "rem",
              "value" : 0
            },
            "bottom" : {
              "units" : "rem",
              "value" : 0
            }
          },
          "padding" : {
            "top" : {
              "units" : "px",
              "value" : 100
            },
            "left" : {
              "units" : "rem",
              "value" : 0
            },
            "right" : {
              "units" : "rem",
              "value" : 0
            },
            "bottom" : {
              "units" : "px",
              "value" : 100
            }
          }
        },
        "tablet_background_option" : "auto",
        "tablet_background_image" : {
          "src" : "https://www.lean-labs.com/hubfs/sr-assets/pattern-library/sr-hero-01/sr-hero-01-v2.jpg",
          "background_size" : "cover",
          "background_position" : "MIDDLE_CENTER"
        },
        "tablet_background_overlay_color" : {
          "color" : "#343a40",
          "opacity" : 30
        },
        "tablet_background_color" : "primary",
        "tablet_background_custom" : {
          "color" : "#fff",
          "opacity" : 100
        },
        "tablet_background_gradient" : {
          "colors" : [ {
            "color" : {
              "a" : 1,
              "b" : 255,
              "g" : 99,
              "r" : 12
            }
          }, {
            "color" : {
              "a" : 1,
              "b" : 255,
              "g" : 151,
              "r" : 24
            }
          } ],
          "side_or_corner" : {
            "verticalSide" : "TOP",
            "horizontalSide" : "LEFT"
          }
        },
        "tablet_fixed_background" : false
      }
    }, {
      "id" : "design_settings.responsive_settings.mobile",
      "name" : "mobile",
      "label" : "Mobile",
      "inline_help_text" : "Breakpoint: 768px",
      "required" : false,
      "locked" : false,
      "children" : [ {
        "id" : "design_settings.responsive_settings.mobile.mobile_text_align",
        "name" : "mobile_text_align",
        "label" : "Text Align",
        "required" : false,
        "locked" : false,
        "type" : "textalignment",
        "display_width" : null,
        "default" : { }
      }, {
        "id" : "design_settings.responsive_settings.mobile.mobile_top_bottom_padding",
        "name" : "mobile_top_bottom_padding",
        "label" : "Top Bottom Padding",
        "required" : true,
        "locked" : false,
        "display" : "select",
        "choices" : [ [ "auto", "Use default values" ], [ "zero", "No Padding" ], [ "half", "Small padding" ], [ "full", "Large padding" ], [ "custom", "Custom Padding" ] ],
        "multiple" : false,
        "reordering_enabled" : true,
        "preset" : null,
        "type" : "choice",
        "display_width" : null,
        "default" : "custom"
      }, {
        "id" : "design_settings.responsive_settings.mobile.mobile_spacing",
        "name" : "mobile_spacing",
        "label" : "Mobile Spacing",
        "required" : false,
        "locked" : false,
        "visibility" : {
          "controlling_field" : "design_settings.responsive_settings.mobile.mobile_top_bottom_padding",
          "controlling_field_path" : null,
          "controlling_value_regex" : "custom",
          "property" : null,
          "operator" : "EQUAL",
          "access" : null
        },
        "type" : "spacing",
        "display_width" : null,
        "default" : {
          "margin" : {
            "top" : {
              "units" : "rem",
              "value" : 0
            },
            "bottom" : {
              "units" : "rem",
              "value" : 0
            }
          },
          "padding" : {
            "top" : {
              "units" : "px",
              "value" : 75
            },
            "left" : {
              "units" : "rem",
              "value" : 0
            },
            "right" : {
              "units" : "rem",
              "value" : 0
            },
            "bottom" : {
              "units" : "px",
              "value" : 75
            }
          }
        }
      }, {
        "id" : "design_settings.responsive_settings.mobile.mobile_background_option",
        "name" : "mobile_background_option",
        "label" : "Background Option",
        "inline_help_text" : "For the <strong>Video</strong> option, return to the <strong>🖉 Content</strong> tab to edit the video source",
        "required" : true,
        "locked" : false,
        "display" : "select",
        "choices" : [ [ "auto", "Auto" ], [ "custom", "Custom" ] ],
        "multiple" : false,
        "reordering_enabled" : true,
        "preset" : null,
        "type" : "choice",
        "display_width" : null,
        "default" : "auto"
      }, {
        "id" : "design_settings.responsive_settings.mobile.mobile_background_image",
        "name" : "mobile_background_image",
        "label" : "Background Image",
        "help_text" : "Source for background image or before the video loads",
        "required" : false,
        "locked" : false,
        "visibility_rules" : "ADVANCED",
        "advanced_visibility" : {
          "boolean_operator" : "AND",
          "criteria" : [ {
            "controlling_field" : null,
            "controlling_field_path" : "design_settings.responsive_settings.mobile.mobile_background_option",
            "controlling_value_regex" : "custom",
            "property" : null,
            "operator" : "EQUAL",
            "access" : null
          }, {
            "controlling_field" : null,
            "controlling_field_path" : "design_settings.background_option",
            "controlling_value_regex" : "image|video",
            "property" : null,
            "operator" : "MATCHES_REGEX",
            "access" : null
          } ],
          "children" : [ ]
        },
        "type" : "backgroundimage",
        "display_width" : null,
        "default" : {
          "src" : "https://www.lean-labs.com/hubfs/sr-assets/pattern-library/sr-hero-01/sr-hero-01-v2.jpg",
          "background_size" : "cover",
          "background_position" : "MIDDLE_CENTER"
        }
      }, {
        "id" : "design_settings.responsive_settings.mobile.mobile_background_overlay_color",
        "name" : "mobile_background_overlay_color",
        "label" : "Background Overlay Color",
        "help_text" : "Overlay color on top of the image/video",
        "required" : false,
        "locked" : false,
        "visibility_rules" : "ADVANCED",
        "advanced_visibility" : {
          "boolean_operator" : "AND",
          "criteria" : [ {
            "controlling_field" : null,
            "controlling_field_path" : "design_settings.responsive_settings.mobile.mobile_background_option",
            "controlling_value_regex" : "custom",
            "property" : null,
            "operator" : "EQUAL",
            "access" : null
          }, {
            "controlling_field" : null,
            "controlling_field_path" : "design_settings.background_option",
            "controlling_value_regex" : "image|video",
            "property" : null,
            "operator" : "MATCHES_REGEX",
            "access" : null
          } ],
          "children" : [ ]
        },
        "type" : "color",
        "display_width" : null,
        "default" : {
          "color" : "#343a40",
          "opacity" : 30
        }
      }, {
        "id" : "design_settings.responsive_settings.mobile.mobile_background_color",
        "name" : "mobile_background_color",
        "label" : "Background Color",
        "required" : true,
        "locked" : false,
        "visibility_rules" : "ADVANCED",
        "advanced_visibility" : {
          "boolean_operator" : "AND",
          "criteria" : [ {
            "controlling_field" : null,
            "controlling_field_path" : "design_settings.responsive_settings.mobile.mobile_background_option",
            "controlling_value_regex" : "custom",
            "property" : null,
            "operator" : "EQUAL",
            "access" : null
          }, {
            "controlling_field" : null,
            "controlling_field_path" : "design_settings.background_option",
            "controlling_value_regex" : "color",
            "property" : null,
            "operator" : "MATCHES_REGEX",
            "access" : null
          } ],
          "children" : [ ]
        },
        "display" : "select",
        "choices" : [ [ "primary", "Primary" ], [ "secondary", "Secondary" ], [ "tertiary", "Tertiary" ], [ "white", "White" ], [ "black", "Black" ], [ "dark", "Dark" ], [ "light", "Light" ], [ "success", "Success" ], [ "info", "Info" ], [ "warning", "Warning" ], [ "danger", "Danger" ], [ "none", "None" ] ],
        "multiple" : false,
        "reordering_enabled" : true,
        "preset" : null,
        "type" : "choice",
        "display_width" : null,
        "default" : "primary"
      }, {
        "id" : "design_settings.responsive_settings.mobile.mobile_background_custom",
        "name" : "mobile_background_custom",
        "label" : "Background Color",
        "help_text" : "For transparent images or before the image/video loads",
        "required" : false,
        "locked" : false,
        "visibility_rules" : "ADVANCED",
        "advanced_visibility" : {
          "boolean_operator" : "AND",
          "criteria" : [ {
            "controlling_field" : null,
            "controlling_field_path" : "design_settings.responsive_settings.mobile.mobile_background_option",
            "controlling_value_regex" : "custom",
            "property" : null,
            "operator" : "EQUAL",
            "access" : null
          }, {
            "controlling_field" : null,
            "controlling_field_path" : "design_settings.background_option",
            "controlling_value_regex" : "custom|image|video",
            "property" : null,
            "operator" : "MATCHES_REGEX",
            "access" : null
          } ],
          "children" : [ ]
        },
        "type" : "color",
        "display_width" : null,
        "default" : {
          "color" : "#fff",
          "opacity" : 100
        }
      }, {
        "id" : "design_settings.responsive_settings.mobile.mobile_background_gradient",
        "name" : "mobile_background_gradient",
        "label" : "Background Gradient",
        "required" : false,
        "locked" : false,
        "visibility_rules" : "ADVANCED",
        "advanced_visibility" : {
          "boolean_operator" : "AND",
          "criteria" : [ {
            "controlling_field" : null,
            "controlling_field_path" : "design_settings.responsive_settings.mobile.mobile_background_option",
            "controlling_value_regex" : "custom",
            "property" : null,
            "operator" : "EQUAL",
            "access" : null
          }, {
            "controlling_field" : null,
            "controlling_field_path" : "design_settings.background_option",
            "controlling_value_regex" : "gradient",
            "property" : null,
            "operator" : "MATCHES_REGEX",
            "access" : null
          } ],
          "children" : [ ]
        },
        "type" : "gradient",
        "display_width" : null,
        "default" : {
          "colors" : [ {
            "color" : {
              "a" : 1,
              "b" : 255,
              "g" : 99,
              "r" : 12
            }
          }, {
            "color" : {
              "a" : 1,
              "b" : 255,
              "g" : 151,
              "r" : 24
            }
          } ],
          "side_or_corner" : {
            "verticalSide" : "TOP",
            "horizontalSide" : "LEFT"
          }
        }
      } ],
      "tab" : "STYLE",
      "expanded" : true,
      "group_occurrence_meta" : null,
      "type" : "group",
      "display_width" : null,
      "default" : {
        "mobile_text_align" : { },
        "mobile_top_bottom_padding" : "custom",
        "mobile_spacing" : {
          "margin" : {
            "top" : {
              "units" : "rem",
              "value" : 0
            },
            "bottom" : {
              "units" : "rem",
              "value" : 0
            }
          },
          "padding" : {
            "top" : {
              "units" : "rem",
              "value" : 3.25
            },
            "left" : {
              "units" : "rem",
              "value" : 0
            },
            "right" : {
              "units" : "rem",
              "value" : 0
            },
            "bottom" : {
              "units" : "rem",
              "value" : 3.25
            }
          }
        },
        "mobile_background_option" : "auto",
        "mobile_background_image" : {
          "src" : "https://www.lean-labs.com/hubfs/sr-assets/pattern-library/sr-hero-01/sr-hero-01-v2.jpg",
          "background_size" : "cover",
          "background_position" : "MIDDLE_CENTER"
        },
        "mobile_background_overlay_color" : {
          "color" : "#343a40",
          "opacity" : 30
        },
        "mobile_background_color" : "primary",
        "mobile_background_custom" : {
          "color" : "#fff",
          "opacity" : 100
        },
        "mobile_background_gradient" : {
          "colors" : [ {
            "color" : {
              "a" : 1,
              "b" : 255,
              "g" : 99,
              "r" : 12
            }
          }, {
            "color" : {
              "a" : 1,
              "b" : 255,
              "g" : 151,
              "r" : 24
            }
          } ],
          "side_or_corner" : {
            "verticalSide" : "TOP",
            "horizontalSide" : "LEFT"
          }
        }
      }
    } ],
    "tab" : "STYLE",
    "expanded" : false,
    "group_occurrence_meta" : null,
    "type" : "group",
    "display_width" : null,
    "default" : {
      "tablet" : {
        "tablet_text_align" : { },
        "tablet_top_bottom_padding" : "custom",
        "tablet_spacing" : {
          "margin" : {
            "top" : {
              "units" : "rem",
              "value" : 0
            },
            "bottom" : {
              "units" : "rem",
              "value" : 0
            }
          },
          "padding" : {
            "top" : {
              "units" : "px",
              "value" : 100
            },
            "left" : {
              "units" : "rem",
              "value" : 0
            },
            "right" : {
              "units" : "rem",
              "value" : 0
            },
            "bottom" : {
              "units" : "px",
              "value" : 100
            }
          }
        },
        "tablet_background_option" : "auto",
        "tablet_background_image" : {
          "src" : "https://www.lean-labs.com/hubfs/sr-assets/pattern-library/sr-hero-01/sr-hero-01-v2.jpg",
          "background_size" : "cover",
          "background_position" : "MIDDLE_CENTER"
        },
        "tablet_background_overlay_color" : {
          "color" : "#343a40",
          "opacity" : 30
        },
        "tablet_background_color" : "primary",
        "tablet_background_custom" : {
          "color" : "#fff",
          "opacity" : 100
        },
        "tablet_background_gradient" : {
          "colors" : [ {
            "color" : {
              "a" : 1,
              "b" : 255,
              "g" : 99,
              "r" : 12
            }
          }, {
            "color" : {
              "a" : 1,
              "b" : 255,
              "g" : 151,
              "r" : 24
            }
          } ],
          "side_or_corner" : {
            "verticalSide" : "TOP",
            "horizontalSide" : "LEFT"
          }
        },
        "tablet_fixed_background" : false
      },
      "mobile" : {
        "mobile_text_align" : { },
        "mobile_top_bottom_padding" : "custom",
        "mobile_spacing" : {
          "margin" : {
            "top" : {
              "units" : "rem",
              "value" : 0
            },
            "bottom" : {
              "units" : "rem",
              "value" : 0
            }
          },
          "padding" : {
            "top" : {
              "units" : "px",
              "value" : 75
            },
            "left" : {
              "units" : "rem",
              "value" : 0
            },
            "right" : {
              "units" : "rem",
              "value" : 0
            },
            "bottom" : {
              "units" : "px",
              "value" : 75
            }
          }
        },
        "mobile_background_option" : "auto",
        "mobile_background_image" : {
          "src" : "https://www.lean-labs.com/hubfs/sr-assets/pattern-library/sr-hero-01/sr-hero-01-v2.jpg",
          "background_size" : "cover",
          "background_position" : "MIDDLE_CENTER"
        },
        "mobile_background_overlay_color" : {
          "color" : "#343a40",
          "opacity" : 30
        },
        "mobile_background_color" : "primary",
        "mobile_background_custom" : {
          "color" : "#fff",
          "opacity" : 100
        },
        "mobile_background_gradient" : {
          "colors" : [ {
            "color" : {
              "a" : 1,
              "b" : 255,
              "g" : 99,
              "r" : 12
            }
          }, {
            "color" : {
              "a" : 1,
              "b" : 255,
              "g" : 151,
              "r" : 24
            }
          } ],
          "side_or_corner" : {
            "verticalSide" : "TOP",
            "horizontalSide" : "LEFT"
          }
        }
      }
    }
  } ],
  "tab" : "STYLE",
  "expanded" : false,
  "group_occurrence_meta" : null,
  "type" : "group",
  "display_width" : null,
  "default" : {
    "card_styles" : {
      "background_color" : "auto",
      "background_gradient" : {
        "colors" : [ {
          "color" : {
            "a" : 1,
            "b" : 255,
            "g" : 99,
            "r" : 12
          }
        }, {
          "color" : {
            "a" : 1,
            "b" : 255,
            "g" : 151,
            "r" : 24
          }
        } ],
        "side_or_corner" : {
          "verticalSide" : "BOTTOM",
          "horizontalSide" : "RIGHT"
        }
      },
      "background_custom" : {
        "color" : "#fff",
        "opacity" : 100
      },
      "text_color" : "auto",
      "text_color_custom" : {
        "color" : "#87909e",
        "opacity" : 100
      },
      "spacing" : {
        "margin" : null,
        "padding" : {
          "top" : {
            "value" : 50,
            "units" : "px"
          },
          "bottom" : {
            "value" : 50,
            "units" : "px"
          },
          "left" : {
            "value" : 50,
            "units" : "px"
          },
          "right" : {
            "value" : 50,
            "units" : "px"
          }
        }
      },
      "border" : { },
      "border_radius" : 10,
      "shadow" : true,
      "horizontal" : 12,
      "vertical" : 12,
      "blur" : 40,
      "spread" : 0,
      "inset" : false,
      "color" : {
        "color" : "#A643F2",
        "opacity" : 20
      }
    },
    "slide_styles" : {
      "dots_color" : {
        "color" : "#A643F2",
        "opacity" : 100
      }
    },
    "layout" : "container container-large",
    "container_width" : "max",
    "top_bottom_padding" : "custom",
    "spacing" : {
      "margin" : {
        "top" : {
          "units" : "rem",
          "value" : 0
        },
        "bottom" : {
          "units" : "rem",
          "value" : 0
        }
      },
      "padding" : {
        "top" : {
          "value" : 150,
          "units" : "px"
        },
        "bottom" : {
          "value" : 150,
          "units" : "px"
        },
        "left" : {
          "units" : "rem",
          "value" : 0
        },
        "right" : {
          "units" : "rem",
          "value" : 0
        }
      }
    },
    "background_option" : "color",
    "background_image" : {
      "src" : "https://www.lean-labs.com/hubfs/sr-assets/pattern-library/sr-hero-01/sr-hero-01-v2.jpg",
      "background_size" : "cover",
      "background_position" : "MIDDLE_CENTER"
    },
    "background_overlay_color" : {
      "color" : "#343a40",
      "opacity" : 30
    },
    "background_color" : "none",
    "background_custom" : {
      "color" : "#fff",
      "opacity" : 100
    },
    "background_gradient" : {
      "colors" : [ {
        "color" : {
          "a" : 1,
          "b" : 255,
          "g" : 99,
          "r" : 12
        }
      }, {
        "color" : {
          "a" : 1,
          "b" : 255,
          "g" : 151,
          "r" : 24
        }
      } ],
      "side_or_corner" : {
        "verticalSide" : "TOP",
        "horizontalSide" : "LEFT"
      }
    },
    "fixed_background" : false,
    "text_align" : {
      "text_align" : "CENTER"
    },
    "text_color" : "auto",
    "text_color_custom" : {
      "color" : "#87909e",
      "opacity" : 100
    },
    "border" : {
      "top" : {
        "color" : "#e5e7ea",
        "style" : "none",
        "width" : {
          "units" : "px",
          "value" : 0
        },
        "opacity" : 100
      },
      "bottom" : {
        "color" : "#e5e7ea",
        "style" : "none",
        "width" : {
          "units" : "px",
          "value" : 0
        },
        "opacity" : 100
      }
    },
    "responsive_settings" : {
      "tablet" : {
        "tablet_text_align" : { },
        "tablet_top_bottom_padding" : "custom",
        "tablet_spacing" : {
          "margin" : {
            "top" : {
              "units" : "rem",
              "value" : 0
            },
            "bottom" : {
              "units" : "rem",
              "value" : 0
            }
          },
          "padding" : {
            "top" : {
              "units" : "px",
              "value" : 100
            },
            "left" : {
              "units" : "rem",
              "value" : 0
            },
            "right" : {
              "units" : "rem",
              "value" : 0
            },
            "bottom" : {
              "units" : "rem",
              "value" : 100
            }
          }
        },
        "tablet_background_option" : "auto",
        "tablet_background_image" : {
          "src" : "https://www.lean-labs.com/hubfs/sr-assets/pattern-library/sr-hero-01/sr-hero-01-v2.jpg",
          "background_size" : "cover",
          "background_position" : "MIDDLE_CENTER"
        },
        "tablet_background_overlay_color" : {
          "color" : "#343a40",
          "opacity" : 30
        },
        "tablet_background_color" : "primary",
        "tablet_background_custom" : {
          "color" : "#fff",
          "opacity" : 100
        },
        "tablet_background_gradient" : {
          "colors" : [ {
            "color" : {
              "a" : 1,
              "b" : 255,
              "g" : 99,
              "r" : 12
            }
          }, {
            "color" : {
              "a" : 1,
              "b" : 255,
              "g" : 151,
              "r" : 24
            }
          } ],
          "side_or_corner" : {
            "verticalSide" : "TOP",
            "horizontalSide" : "LEFT"
          }
        },
        "tablet_fixed_background" : false
      },
      "mobile" : {
        "mobile_text_align" : { },
        "mobile_top_bottom_padding" : "custom",
        "mobile_spacing" : {
          "margin" : {
            "top" : {
              "units" : "rem",
              "value" : 0
            },
            "bottom" : {
              "units" : "rem",
              "value" : 0
            }
          },
          "padding" : {
            "top" : {
              "units" : "px",
              "value" : 75
            },
            "left" : {
              "units" : "rem",
              "value" : 0
            },
            "right" : {
              "units" : "rem",
              "value" : 0
            },
            "bottom" : {
              "units" : "px",
              "value" : 75
            }
          }
        },
        "mobile_background_option" : "auto",
        "mobile_background_image" : {
          "src" : "https://www.lean-labs.com/hubfs/sr-assets/pattern-library/sr-hero-01/sr-hero-01-v2.jpg",
          "background_size" : "cover",
          "background_position" : "MIDDLE_CENTER"
        },
        "mobile_background_overlay_color" : {
          "color" : "#343a40",
          "opacity" : 30
        },
        "mobile_background_color" : "primary",
        "mobile_background_custom" : {
          "color" : "#fff",
          "opacity" : 100
        },
        "mobile_background_gradient" : {
          "colors" : [ {
            "color" : {
              "a" : 1,
              "b" : 255,
              "g" : 99,
              "r" : 12
            }
          }, {
            "color" : {
              "a" : 1,
              "b" : 255,
              "g" : 151,
              "r" : 24
            }
          } ],
          "side_or_corner" : {
            "verticalSide" : "TOP",
            "horizontalSide" : "LEFT"
          }
        }
      }
    }
  }
}, {
  "id" : "heading",
  "name" : "heading",
  "label" : "Heading",
  "required" : false,
  "locked" : false,
  "occurrence" : {
    "min" : 0,
    "max" : null,
    "sorting_label_field" : null,
    "default" : 1
  },
  "children" : [ {
    "id" : "heading.heading",
    "name" : "heading",
    "label" : "Heading",
    "required" : false,
    "locked" : false,
    "validation_regex" : "",
    "allow_new_line" : false,
    "show_emoji_picker" : false,
    "type" : "text",
    "display_width" : null,
    "default" : "Why people love Sprocket Rocket."
  }, {
    "id" : "heading.heading_size",
    "name" : "heading_size",
    "label" : "Size",
    "help_text" : "HTML heading size",
    "required" : true,
    "locked" : false,
    "display" : "select",
    "choices" : [ [ "h1", "H1" ], [ "h2", "H2" ], [ "h3", "H3" ], [ "h4", "H4" ], [ "h5", "H5" ], [ "h6", "H6" ], [ "p", "P" ] ],
    "multiple" : false,
    "reordering_enabled" : true,
    "preset" : null,
    "type" : "choice",
    "display_width" : "half_width",
    "default" : "h2"
  }, {
    "id" : "heading.heading_display_size",
    "name" : "heading_display_size",
    "label" : "Display Size",
    "help_text" : "Size that heading is displayed at",
    "required" : true,
    "locked" : false,
    "display" : "select",
    "choices" : [ [ "auto", "Auto" ], [ "h1", "H1" ], [ "h2", "H2" ], [ "h3", "H3" ], [ "h4", "H4" ], [ "h5", "H5" ], [ "h6", "H6" ], [ "p", "P" ], [ "display-4", "L" ], [ "display-3", "XL" ], [ "display-2", "XXL" ], [ "display-1", "XXXL" ] ],
    "multiple" : false,
    "reordering_enabled" : true,
    "preset" : null,
    "type" : "choice",
    "display_width" : "half_width",
    "default" : "auto"
  }, {
    "id" : "heading.heading_color",
    "name" : "heading_color",
    "label" : "Color",
    "required" : true,
    "locked" : false,
    "display" : "select",
    "choices" : [ [ "auto", "Auto" ], [ "primary", "Primary" ], [ "secondary", "Secondary" ], [ "tertiary", "Tertiary" ], [ "white", "White" ], [ "black", "Black" ], [ "dark", "Dark" ], [ "light", "Light" ], [ "success", "Success" ], [ "info", "Info" ], [ "warning", "Warning" ], [ "danger", "Danger" ], [ "gradient_one", "Gradient One" ], [ "gradient_two", "Gradient Two" ], [ "custom", "Custom" ] ],
    "multiple" : false,
    "reordering_enabled" : true,
    "preset" : null,
    "type" : "choice",
    "display_width" : null,
    "default" : "auto"
  }, {
    "id" : "heading.heading_color_custom",
    "name" : "heading_color_custom",
    "label" : "Color",
    "required" : false,
    "locked" : false,
    "visibility" : {
      "controlling_field" : "heading.heading_color",
      "controlling_field_path" : null,
      "controlling_value_regex" : "custom",
      "property" : null,
      "operator" : "EQUAL",
      "access" : null
    },
    "type" : "color",
    "display_width" : null,
    "default" : {
      "color" : "#30343b",
      "opacity" : 100
    }
  }, {
    "id" : "heading.heading_align",
    "name" : "heading_align",
    "label" : "Align",
    "required" : true,
    "locked" : false,
    "display" : "select",
    "choices" : [ [ "auto", "Auto" ], [ "left", "Left" ], [ "center", "Center" ], [ "right", "Right" ] ],
    "multiple" : false,
    "reordering_enabled" : true,
    "preset" : null,
    "type" : "choice",
    "display_width" : null,
    "default" : "auto"
  }, {
    "id" : "heading.class",
    "name" : "class",
    "label" : "CSS Class",
    "required" : false,
    "locked" : false,
    "validation_regex" : "",
    "allow_new_line" : false,
    "show_emoji_picker" : false,
    "type" : "text",
    "display_width" : null
  } ],
  "tab" : "CONTENT",
  "expanded" : false,
  "group_occurrence_meta" : null,
  "type" : "group",
  "display_width" : null,
  "default" : [ {
    "heading" : "Why people love Sprocket Rocket.",
    "heading_size" : "h2",
    "heading_display_size" : "h1",
    "heading_color" : "auto",
    "heading_color_custom" : {
      "color" : "#30343b",
      "opacity" : 100
    },
    "heading_align" : "auto"
  } ]
}, {
  "id" : "description",
  "name" : "description",
  "label" : "Description",
  "required" : false,
  "locked" : false,
  "type" : "richtext",
  "display_width" : null,
  "default" : ""
}, {
  "id" : "lead_text",
  "name" : "lead_text",
  "label" : "Lead Text",
  "help_text" : "Turn on to make the Description text larger",
  "required" : false,
  "locked" : false,
  "display" : "toggle",
  "type" : "boolean",
  "display_width" : null,
  "default" : false
}, {
  "id" : "1",
  "name" : "slides",
  "label" : "Slides",
  "required" : false,
  "locked" : false,
  "occurrence" : {
    "min" : 1,
    "max" : null,
    "sorting_label_field" : "slides.slide_content",
    "default" : 6
  },
  "children" : [ {
    "id" : "c7a2a39c-ed44-c8b8-a521-97bae0411431",
    "name" : "icon",
    "label" : "Icon",
    "required" : false,
    "locked" : false,
    "children" : [ {
      "id" : "4e821369-77c9-3612-77d9-bf9a0746ab53",
      "name" : "icon_type",
      "label" : "Icon Type",
      "required" : true,
      "locked" : false,
      "display" : "select",
      "choices" : [ [ "icon", "Icon" ], [ "svg", "SVG" ], [ "none", "None" ] ],
      "multiple" : false,
      "reordering_enabled" : true,
      "preset" : null,
      "type" : "choice",
      "display_width" : null,
      "default" : "svg"
    }, {
      "id" : "44b30267-6a02-afd7-374c-95a2b1ac94b1",
      "name" : "icon",
      "label" : "Icon",
      "required" : false,
      "locked" : false,
      "visibility" : {
        "controlling_field" : "4e821369-77c9-3612-77d9-bf9a0746ab53",
        "controlling_field_path" : null,
        "controlling_value_regex" : "icon",
        "property" : null,
        "operator" : "EQUAL",
        "access" : null
      },
      "icon_set" : "fontawesome-6.4.2",
      "type" : "icon",
      "display_width" : null,
      "default" : {
        "name" : "Quote Left",
        "unicode" : "f10d",
        "type" : "SOLID"
      }
    }, {
      "id" : "d2377fca-26ae-ee25-e3d6-c61a61fab532",
      "name" : "svg",
      "label" : "SVG",
      "required" : false,
      "locked" : false,
      "validation_regex" : "",
      "visibility" : {
        "controlling_field" : "4e821369-77c9-3612-77d9-bf9a0746ab53",
        "controlling_field_path" : null,
        "controlling_value_regex" : "svg",
        "property" : null,
        "operator" : "EQUAL",
        "access" : null
      },
      "allow_new_line" : false,
      "show_emoji_picker" : false,
      "type" : "text",
      "display_width" : null,
      "default" : "<svg width=\"48\" height=\"36\" viewBox=\"0 0 48 36\" fill=\"none\" xmlns=\"http://www.w3.org/2000/svg\"> <path d=\"M36.4583 0.25C42.7866 0.25 47.9166 5.38007 47.9166 11.7083C47.9166 16.3825 45.4834 20.905 41.8518 21.7777C40.4509 22.1143 39.3353 23.912 39.575 25.9642C39.8959 28.7111 42.3799 31.4862 47.2982 33.6732C48.3933 34.1601 47.9348 35.8075 46.7456 35.6586C33.9277 34.0538 25.0427 25.6974 25.0001 13.8747C25 5.74385 29.8037 0.25 36.4583 0.25Z\" fill=\"#A643F2\"/> <path d=\"M11.4582 0.25C17.7864 0.25 22.9165 5.38007 22.9165 11.7083C22.9165 16.3825 20.4833 20.905 16.8517 21.7777C15.4508 22.1143 14.3352 23.912 14.5749 25.9642C14.8958 28.7111 17.3798 31.4862 22.2981 33.6732C23.3932 34.1601 22.9346 35.8075 21.7454 35.6586C8.9276 34.0538 0.042625 25.6974 3.67963e-09 13.8747C-0.000153517 5.74385 4.80358 0.25 11.4582 0.25Z\" fill=\"#A643F2\"/> </svg>"
    }, {
      "id" : "5d70937e-fbd6-38c9-eb07-d5d76938ddce",
      "name" : "size",
      "label" : "Size",
      "required" : false,
      "locked" : false,
      "visibility" : {
        "controlling_field" : null,
        "controlling_field_path" : "slides.icon.icon_type",
        "controlling_value_regex" : "icon",
        "property" : null,
        "operator" : "EQUAL",
        "access" : null
      },
      "display" : "text",
      "step" : 1,
      "suffix" : "px",
      "type" : "number",
      "display_width" : null,
      "default" : 46
    }, {
      "id" : "e09a356e-e9d5-f2b7-1814-90d1091ed2de",
      "name" : "color",
      "label" : "Color",
      "required" : false,
      "locked" : false,
      "visibility" : {
        "controlling_field" : "4e821369-77c9-3612-77d9-bf9a0746ab53",
        "controlling_field_path" : null,
        "controlling_value_regex" : "none",
        "property" : null,
        "operator" : "NOT_EQUAL",
        "access" : null
      },
      "type" : "color",
      "display_width" : null,
      "default" : {
        "color" : "#A643F2",
        "opacity" : 100
      }
    }, {
      "id" : "c7a2a39c-ed44-c8b8-a521-97bae0411431.purpose",
      "name" : "purpose",
      "label" : "Purpose",
      "help_text" : "The purpose of the icon, used for accessibility. If set to decorative, an additional attribute of aria-hidden=\"true\" will be added to the icon.",
      "required" : true,
      "locked" : false,
      "display" : "select",
      "choices" : [ [ "decorative", "Decorative" ], [ "semantic", "Semantic" ] ],
      "multiple" : false,
      "reordering_enabled" : true,
      "preset" : null,
      "type" : "choice",
      "display_width" : null,
      "default" : "decorative"
    } ],
    "tab" : "CONTENT",
    "expanded" : false,
    "group_occurrence_meta" : null,
    "type" : "group",
    "display_width" : null,
    "default" : {
      "icon_type" : "svg",
      "icon" : {
        "name" : "Quote Left",
        "unicode" : "f10d",
        "type" : "SOLID"
      },
      "svg" : "<svg width=\"48\" height=\"36\" viewBox=\"0 0 48 36\" fill=\"none\" xmlns=\"http://www.w3.org/2000/svg\"> <path d=\"M36.4583 0.25C42.7866 0.25 47.9166 5.38007 47.9166 11.7083C47.9166 16.3825 45.4834 20.905 41.8518 21.7777C40.4509 22.1143 39.3353 23.912 39.575 25.9642C39.8959 28.7111 42.3799 31.4862 47.2982 33.6732C48.3933 34.1601 47.9348 35.8075 46.7456 35.6586C33.9277 34.0538 25.0427 25.6974 25.0001 13.8747C25 5.74385 29.8037 0.25 36.4583 0.25Z\" fill=\"#A643F2\"/> <path d=\"M11.4582 0.25C17.7864 0.25 22.9165 5.38007 22.9165 11.7083C22.9165 16.3825 20.4833 20.905 16.8517 21.7777C15.4508 22.1143 14.3352 23.912 14.5749 25.9642C14.8958 28.7111 17.3798 31.4862 22.2981 33.6732C23.3932 34.1601 22.9346 35.8075 21.7454 35.6586C8.9276 34.0538 0.042625 25.6974 3.67963e-09 13.8747C-0.000153517 5.74385 4.80358 0.25 11.4582 0.25Z\" fill=\"#A643F2\"/> </svg>",
      "size" : 48,
      "color" : {
        "color" : "#A643F2",
        "opacity" : 100
      },
      "purpose" : "decorative"
    }
  }, {
    "id" : "slides.slide_content",
    "name" : "slide_content",
    "label" : "Slide Content",
    "required" : false,
    "locked" : false,
    "type" : "richtext",
    "display_width" : null,
    "default" : "<p><em>I had a great experience working with the team. I quickly learned how to use the tool on my own and if I ever got stuck, they were there to answer my questions. Would definitely recommend!</em></p>"
  }, {
    "id" : "slides.slide_author_image",
    "name" : "slide_author_image",
    "label" : "Slide Author Image",
    "help_text" : "Recommended Minimum Size: 120x120px",
    "required" : false,
    "locked" : false,
    "responsive" : true,
    "resizable" : true,
    "show_loading" : true,
    "type" : "image",
    "display_width" : null,
    "default" : {
      "alt" : "testimonial-thumb-1",
      "height" : 50,
      "loading" : "lazy",
      "max_height" : 100,
      "max_width" : 100,
      "src" : "https://www.lean-labs.com/hubfs/marketplace/sr-theme-fintalent/testimonial-thumb-1.png",
      "width" : 50
    }
  }, {
    "id" : "slides.slide_author_name",
    "name" : "slide_author_name",
    "label" : "Slide Author Name",
    "required" : false,
    "locked" : false,
    "validation_regex" : "",
    "allow_new_line" : false,
    "show_emoji_picker" : false,
    "type" : "text",
    "display_width" : null,
    "default" : "Denisse Atkinson"
  }, {
    "id" : "slides.slide_author_title",
    "name" : "slide_author_title",
    "label" : "Slide Author Title",
    "required" : false,
    "locked" : false,
    "validation_regex" : "",
    "allow_new_line" : false,
    "show_emoji_picker" : false,
    "type" : "text",
    "display_width" : null,
    "default" : "Product Designer, Google"
  } ],
  "tab" : "CONTENT",
  "expanded" : false,
  "group_occurrence_meta" : null,
  "type" : "group",
  "display_width" : null,
  "default" : [ {
    "icon" : {
      "color" : {
        "color" : "#A643F2",
        "opacity" : 100
      },
      "icon" : {
        "name" : "Quote Left",
        "type" : "SOLID",
        "unicode" : "f10d"
      },
      "icon_type" : "svg",
      "size" : 48,
      "svg" : "<svg width=\"48\" height=\"36\" viewBox=\"0 0 48 36\" fill=\"none\" xmlns=\"http://www.w3.org/2000/svg\"> <path d=\"M36.4583 0.25C42.7866 0.25 47.9166 5.38007 47.9166 11.7083C47.9166 16.3825 45.4834 20.905 41.8518 21.7777C40.4509 22.1143 39.3353 23.912 39.575 25.9642C39.8959 28.7111 42.3799 31.4862 47.2982 33.6732C48.3933 34.1601 47.9348 35.8075 46.7456 35.6586C33.9277 34.0538 25.0427 25.6974 25.0001 13.8747C25 5.74385 29.8037 0.25 36.4583 0.25Z\" fill=\"#A643F2\"/> <path d=\"M11.4582 0.25C17.7864 0.25 22.9165 5.38007 22.9165 11.7083C22.9165 16.3825 20.4833 20.905 16.8517 21.7777C15.4508 22.1143 14.3352 23.912 14.5749 25.9642C14.8958 28.7111 17.3798 31.4862 22.2981 33.6732C23.3932 34.1601 22.9346 35.8075 21.7454 35.6586C8.9276 34.0538 0.042625 25.6974 3.67963e-09 13.8747C-0.000153517 5.74385 4.80358 0.25 11.4582 0.25Z\" fill=\"#A643F2\"/> </svg>"
    },
    "slide_author_image" : {
      "alt" : "testimonial-thumb-1",
      "height" : 50,
      "loading" : "lazy",
      "max_height" : 100,
      "max_width" : 100,
      "src" : "https://www.lean-labs.com/hubfs/marketplace/sr-theme-fintalent/testimonial-thumb-1.png",
      "width" : 50
    },
    "slide_author_name" : "Denisse Atkinson",
    "slide_author_title" : "Product Designer, Google",
    "slide_content" : "<p><em>I had a great experience working with the team. I quickly learned how to use the tool on my own and if I ever got stuck, they were there to answer my questions. Would definitely recommend!</em></p>"
  }, {
    "icon" : {
      "color" : {
        "color" : "#A643F2",
        "opacity" : 100
      },
      "icon" : {
        "name" : "Quote Left",
        "type" : "SOLID",
        "unicode" : "f10d"
      },
      "icon_type" : "svg",
      "svg" : "<svg width=\"48\" height=\"36\" viewBox=\"0 0 48 36\" fill=\"none\" xmlns=\"http://www.w3.org/2000/svg\"> <path d=\"M36.4583 0.25C42.7866 0.25 47.9166 5.38007 47.9166 11.7083C47.9166 16.3825 45.4834 20.905 41.8518 21.7777C40.4509 22.1143 39.3353 23.912 39.575 25.9642C39.8959 28.7111 42.3799 31.4862 47.2982 33.6732C48.3933 34.1601 47.9348 35.8075 46.7456 35.6586C33.9277 34.0538 25.0427 25.6974 25.0001 13.8747C25 5.74385 29.8037 0.25 36.4583 0.25Z\" fill=\"#A643F2\"/> <path d=\"M11.4582 0.25C17.7864 0.25 22.9165 5.38007 22.9165 11.7083C22.9165 16.3825 20.4833 20.905 16.8517 21.7777C15.4508 22.1143 14.3352 23.912 14.5749 25.9642C14.8958 28.7111 17.3798 31.4862 22.2981 33.6732C23.3932 34.1601 22.9346 35.8075 21.7454 35.6586C8.9276 34.0538 0.042625 25.6974 3.67963e-09 13.8747C-0.000153517 5.74385 4.80358 0.25 11.4582 0.25Z\" fill=\"#A643F2\"/> </svg>"
    },
    "slide_author_image" : {
      "alt" : "Denisse Atkinson",
      "height" : 50,
      "loading" : "lazy",
      "src" : "https://f.hubspotusercontent20.net/hubfs/275827/sr-assets/pattern-library/sr-cards-testimonial-slider-02/02.jpg",
      "width" : 50
    },
    "slide_author_name" : "Chris Sanford",
    "slide_author_title" : "Product Designer, Google",
    "slide_content" : "<p><em>The template is really nice and offers quite a large set of options. It’s beautiful and the coding is done quickly and seamlessly. Thank you!</em></p>"
  }, {
    "icon" : {
      "color" : {
        "color" : "#A643F2",
        "opacity" : 100
      },
      "icon" : {
        "name" : "Quote Left",
        "type" : "SOLID",
        "unicode" : "f10d"
      },
      "icon_type" : "svg",
      "svg" : "<svg width=\"48\" height=\"36\" viewBox=\"0 0 48 36\" fill=\"none\" xmlns=\"http://www.w3.org/2000/svg\"> <path d=\"M36.4583 0.25C42.7866 0.25 47.9166 5.38007 47.9166 11.7083C47.9166 16.3825 45.4834 20.905 41.8518 21.7777C40.4509 22.1143 39.3353 23.912 39.575 25.9642C39.8959 28.7111 42.3799 31.4862 47.2982 33.6732C48.3933 34.1601 47.9348 35.8075 46.7456 35.6586C33.9277 34.0538 25.0427 25.6974 25.0001 13.8747C25 5.74385 29.8037 0.25 36.4583 0.25Z\" fill=\"#A643F2\"/> <path d=\"M11.4582 0.25C17.7864 0.25 22.9165 5.38007 22.9165 11.7083C22.9165 16.3825 20.4833 20.905 16.8517 21.7777C15.4508 22.1143 14.3352 23.912 14.5749 25.9642C14.8958 28.7111 17.3798 31.4862 22.2981 33.6732C23.3932 34.1601 22.9346 35.8075 21.7454 35.6586C8.9276 34.0538 0.042625 25.6974 3.67963e-09 13.8747C-0.000153517 5.74385 4.80358 0.25 11.4582 0.25Z\" fill=\"#A643F2\"/> </svg>"
    },
    "slide_author_image" : {
      "alt" : "testimonial-thumb-3",
      "height" : 50,
      "loading" : "lazy",
      "max_height" : 100,
      "max_width" : 100,
      "src" : "https://www.lean-labs.com/hubfs/marketplace/sr-theme-fintalent/testimonial-thumb-3.png",
      "width" : 50
    },
    "slide_author_name" : "Gabrielle Francis",
    "slide_author_title" : "Product Designer, Google",
    "slide_content" : "<p><em>I’ve had the pleasure of working with Sprocket Rocket since its inception and find it to be an invaluable tool in helping modernize our HubSpot build process.</em></p>"
  }, {
    "icon" : {
      "color" : {
        "color" : "#A643F2",
        "opacity" : 100
      },
      "icon" : {
        "name" : "Quote Left",
        "type" : "SOLID",
        "unicode" : "f10d"
      },
      "icon_type" : "svg",
      "size" : 48,
      "svg" : "<svg width=\"48\" height=\"36\" viewBox=\"0 0 48 36\" fill=\"none\" xmlns=\"http://www.w3.org/2000/svg\"> <path d=\"M36.4583 0.25C42.7866 0.25 47.9166 5.38007 47.9166 11.7083C47.9166 16.3825 45.4834 20.905 41.8518 21.7777C40.4509 22.1143 39.3353 23.912 39.575 25.9642C39.8959 28.7111 42.3799 31.4862 47.2982 33.6732C48.3933 34.1601 47.9348 35.8075 46.7456 35.6586C33.9277 34.0538 25.0427 25.6974 25.0001 13.8747C25 5.74385 29.8037 0.25 36.4583 0.25Z\" fill=\"#A643F2\"/> <path d=\"M11.4582 0.25C17.7864 0.25 22.9165 5.38007 22.9165 11.7083C22.9165 16.3825 20.4833 20.905 16.8517 21.7777C15.4508 22.1143 14.3352 23.912 14.5749 25.9642C14.8958 28.7111 17.3798 31.4862 22.2981 33.6732C23.3932 34.1601 22.9346 35.8075 21.7454 35.6586C8.9276 34.0538 0.042625 25.6974 3.67963e-09 13.8747C-0.000153517 5.74385 4.80358 0.25 11.4582 0.25Z\" fill=\"#A643F2\"/> </svg>"
    },
    "slide_author_image" : {
      "alt" : "testimonial-thumb-1",
      "height" : 50,
      "loading" : "lazy",
      "max_height" : 100,
      "max_width" : 100,
      "src" : "https://www.lean-labs.com/hubfs/marketplace/sr-theme-fintalent/testimonial-thumb-1.png",
      "width" : 50
    },
    "slide_author_name" : "Denisse Atkinson",
    "slide_author_title" : "Product Designer, Google",
    "slide_content" : "<p><em>I had a great experience working with the team. I quickly learned how to use the tool on my own and if I ever got stuck, they were there to answer my questions. Would definitely recommend!</em></p>"
  }, {
    "icon" : {
      "color" : {
        "color" : "#A643F2",
        "opacity" : 100
      },
      "icon" : {
        "name" : "Quote Left",
        "type" : "SOLID",
        "unicode" : "f10d"
      },
      "icon_type" : "svg",
      "svg" : "<svg width=\"48\" height=\"36\" viewBox=\"0 0 48 36\" fill=\"none\" xmlns=\"http://www.w3.org/2000/svg\"> <path d=\"M36.4583 0.25C42.7866 0.25 47.9166 5.38007 47.9166 11.7083C47.9166 16.3825 45.4834 20.905 41.8518 21.7777C40.4509 22.1143 39.3353 23.912 39.575 25.9642C39.8959 28.7111 42.3799 31.4862 47.2982 33.6732C48.3933 34.1601 47.9348 35.8075 46.7456 35.6586C33.9277 34.0538 25.0427 25.6974 25.0001 13.8747C25 5.74385 29.8037 0.25 36.4583 0.25Z\" fill=\"#A643F2\"/> <path d=\"M11.4582 0.25C17.7864 0.25 22.9165 5.38007 22.9165 11.7083C22.9165 16.3825 20.4833 20.905 16.8517 21.7777C15.4508 22.1143 14.3352 23.912 14.5749 25.9642C14.8958 28.7111 17.3798 31.4862 22.2981 33.6732C23.3932 34.1601 22.9346 35.8075 21.7454 35.6586C8.9276 34.0538 0.042625 25.6974 3.67963e-09 13.8747C-0.000153517 5.74385 4.80358 0.25 11.4582 0.25Z\" fill=\"#A643F2\"/> </svg>"
    },
    "slide_author_image" : {
      "alt" : "Denisse Atkinson",
      "height" : 50,
      "loading" : "lazy",
      "src" : "https://f.hubspotusercontent20.net/hubfs/275827/sr-assets/pattern-library/sr-cards-testimonial-slider-02/02.jpg",
      "width" : 50
    },
    "slide_author_name" : "Chris Sanford",
    "slide_author_title" : "Product Designer, Google",
    "slide_content" : "<p><em>The template is really nice and offers quite a large set of options. It’s beautiful and the coding is done quickly and seamlessly. Thank you!</em></p>"
  }, {
    "icon" : {
      "color" : {
        "color" : "#A643F2",
        "opacity" : 100
      },
      "icon" : {
        "name" : "Quote Left",
        "type" : "SOLID",
        "unicode" : "f10d"
      },
      "icon_type" : "svg",
      "svg" : "<svg width=\"48\" height=\"36\" viewBox=\"0 0 48 36\" fill=\"none\" xmlns=\"http://www.w3.org/2000/svg\"> <path d=\"M36.4583 0.25C42.7866 0.25 47.9166 5.38007 47.9166 11.7083C47.9166 16.3825 45.4834 20.905 41.8518 21.7777C40.4509 22.1143 39.3353 23.912 39.575 25.9642C39.8959 28.7111 42.3799 31.4862 47.2982 33.6732C48.3933 34.1601 47.9348 35.8075 46.7456 35.6586C33.9277 34.0538 25.0427 25.6974 25.0001 13.8747C25 5.74385 29.8037 0.25 36.4583 0.25Z\" fill=\"#A643F2\"/> <path d=\"M11.4582 0.25C17.7864 0.25 22.9165 5.38007 22.9165 11.7083C22.9165 16.3825 20.4833 20.905 16.8517 21.7777C15.4508 22.1143 14.3352 23.912 14.5749 25.9642C14.8958 28.7111 17.3798 31.4862 22.2981 33.6732C23.3932 34.1601 22.9346 35.8075 21.7454 35.6586C8.9276 34.0538 0.042625 25.6974 3.67963e-09 13.8747C-0.000153517 5.74385 4.80358 0.25 11.4582 0.25Z\" fill=\"#A643F2\"/> </svg>"
    },
    "slide_author_image" : {
      "alt" : "testimonial-thumb-3",
      "height" : 50,
      "loading" : "lazy",
      "max_height" : 100,
      "max_width" : 100,
      "src" : "https://www.lean-labs.com/hubfs/marketplace/sr-theme-fintalent/testimonial-thumb-3.png",
      "width" : 50
    },
    "slide_author_name" : "Gabrielle Francis",
    "slide_author_title" : "Product Designer, Google",
    "slide_content" : "<p><em>I’ve had the pleasure of working with Sprocket Rocket since its inception and find it to be an invaluable tool in helping modernize our HubSpot build process.</em></p>"
  } ]
}, {
  "id" : "carousel",
  "name" : "carousel",
  "label" : "Carousel",
  "required" : false,
  "locked" : false,
  "display" : "checkbox",
  "type" : "boolean",
  "display_width" : null,
  "default" : true
}, {
  "id" : "76aa0be2-6300-07b4-597c-c7df91cf6ee7",
  "name" : "carousel_settings",
  "label" : "Carousel Settings",
  "required" : false,
  "locked" : false,
  "visibility" : {
    "controlling_field" : null,
    "controlling_field_path" : "carousel",
    "controlling_value_regex" : "true",
    "property" : null,
    "operator" : "EQUAL",
    "access" : null
  },
  "children" : [ {
    "id" : "33f086c7-41dd-a4f0-8dfb-e9be22b017c7",
    "name" : "dots",
    "label" : "Dots",
    "required" : false,
    "locked" : false,
    "display" : "checkbox",
    "type" : "boolean",
    "display_width" : "half_width",
    "default" : true
  }, {
    "id" : "dbf95792-1f00-b43e-7ade-43aca35a2bfb",
    "name" : "autoplay",
    "label" : "Autoplay",
    "required" : false,
    "locked" : false,
    "display" : "checkbox",
    "type" : "boolean",
    "display_width" : "half_width",
    "default" : true
  }, {
    "id" : "dbf95792-1f00-b43e-7ade-43aca35a2bf1",
    "name" : "autoscroll",
    "label" : "Auto Scroll",
    "help_text" : "Continuously scrolls the carousel",
    "required" : false,
    "locked" : false,
    "visibility" : {
      "controlling_field" : "dbf95792-1f00-b43e-7ade-43aca35a2bfb",
      "controlling_field_path" : null,
      "controlling_value_regex" : "true",
      "property" : null,
      "operator" : "EQUAL",
      "access" : null
    },
    "display" : "checkbox",
    "type" : "boolean",
    "display_width" : "half_width",
    "default" : false
  }, {
    "id" : "e4e91ff5-7fa2-3356-c2c6-d8acb86697fe",
    "name" : "scroll_speed",
    "label" : "Scroll Speed",
    "help_text" : "Adjust the scroll speed: lower numbers are slower. Negative numbers reverse the scroll direction.",
    "required" : false,
    "locked" : false,
    "visibility_rules" : "ADVANCED",
    "advanced_visibility" : {
      "boolean_operator" : "AND",
      "criteria" : [ {
        "controlling_field" : "dbf95792-1f00-b43e-7ade-43aca35a2bfb",
        "controlling_field_path" : null,
        "controlling_value_regex" : "true",
        "property" : null,
        "operator" : "EQUAL",
        "access" : null
      }, {
        "controlling_field" : "dbf95792-1f00-b43e-7ade-43aca35a2bf1",
        "controlling_field_path" : null,
        "controlling_value_regex" : "true",
        "property" : null,
        "operator" : "EQUAL",
        "access" : null
      } ],
      "children" : [ ]
    },
    "display" : "text",
    "step" : 1,
    "type" : "number",
    "display_width" : null,
    "default" : 0.25
  }, {
    "id" : "e4e91ff5-7fa2-3356-c2c6-d8acb86697ff",
    "name" : "autoplay_speed",
    "label" : "Autoplay Speed",
    "help_text" : "Set to 0 for continuous autoplay",
    "required" : false,
    "locked" : false,
    "visibility_rules" : "ADVANCED",
    "advanced_visibility" : {
      "boolean_operator" : "AND",
      "criteria" : [ {
        "controlling_field" : "dbf95792-1f00-b43e-7ade-43aca35a2bfb",
        "controlling_field_path" : null,
        "controlling_value_regex" : "true",
        "property" : null,
        "operator" : "EQUAL",
        "access" : null
      }, {
        "controlling_field" : "dbf95792-1f00-b43e-7ade-43aca35a2bf1",
        "controlling_field_path" : null,
        "controlling_value_regex" : "false",
        "property" : null,
        "operator" : "EQUAL",
        "access" : null
      } ],
      "children" : [ ]
    },
    "display" : "text",
    "step" : 1,
    "suffix" : " Seconds",
    "type" : "number",
    "display_width" : null,
    "default" : 6
  }, {
    "id" : "f1347616-f6b0-261e-f13f-4578c563ef1c",
    "name" : "logos_to_show",
    "label" : "Slides to Show",
    "required" : false,
    "locked" : false,
    "display" : "text",
    "min" : 0,
    "step" : 1,
    "type" : "number",
    "display_width" : null,
    "default" : 3
  } ],
  "tab" : "CONTENT",
  "expanded" : true,
  "group_occurrence_meta" : null,
  "type" : "group",
  "display_width" : null,
  "default" : {
    "dots" : false,
    "autoplay" : false,
    "autoscroll" : false,
    "scroll_speed" : 0.25,
    "autoplay_speed" : 6,
    "logos_to_show" : 2
  }
} ]