[ {
  "picker" : "video",
  "id" : "background_video",
  "name" : "background_video",
  "label" : "Background Video",
  "help_text" : "Add multiple file formats in order to provide compatibility with a broad range of browsers",
  "required" : false,
  "locked" : false,
  "occurrence" : {
    "min" : 0,
    "max" : null,
    "sorting_label_field" : null,
    "default" : 1
  },
  "visibility" : {
    "controlling_field" : "design_settings.background_option",
    "controlling_field_path" : null,
    "controlling_value_regex" : "video",
    "property" : null,
    "operator" : "EQUAL",
    "access" : null
  },
  "type" : "file",
  "display_width" : null,
  "default" : [ "https://www.lean-labs.com/hubfs/sr-assets/videos/sr-bg-video.mp4" ]
}, {
  "picker" : "video",
  "id" : "background_video_md",
  "name" : "background_video_md",
  "label" : "Background Video Tablet",
  "help_text" : "This background video will only be used on tablet devices",
  "required" : false,
  "locked" : false,
  "occurrence" : {
    "min" : 0,
    "max" : null,
    "sorting_label_field" : null,
    "default" : 1
  },
  "visibility_rules" : "ADVANCED",
  "advanced_visibility" : {
    "boolean_operator" : "AND",
    "criteria" : [ {
      "controlling_field" : null,
      "controlling_field_path" : "design_settings.responsive_settings.mobile.mobile_background_option",
      "controlling_value_regex" : "custom",
      "property" : null,
      "operator" : "EQUAL",
      "access" : null
    }, {
      "controlling_field" : null,
      "controlling_field_path" : "design_settings.background_option",
      "controlling_value_regex" : "video",
      "property" : null,
      "operator" : "MATCHES_REGEX",
      "access" : null
    } ],
    "children" : [ ]
  },
  "type" : "file",
  "display_width" : null
}, {
  "picker" : "video",
  "id" : "background_video_sm",
  "name" : "background_video_sm",
  "label" : "Background Video Mobile",
  "help_text" : "This background video will only be used on mobile devices",
  "required" : false,
  "locked" : false,
  "occurrence" : {
    "min" : 0,
    "max" : null,
    "sorting_label_field" : null,
    "default" : 1
  },
  "visibility_rules" : "ADVANCED",
  "advanced_visibility" : {
    "boolean_operator" : "AND",
    "criteria" : [ {
      "controlling_field" : null,
      "controlling_field_path" : "design_settings.responsive_settings.mobile.mobile_background_option",
      "controlling_value_regex" : "custom",
      "property" : null,
      "operator" : "EQUAL",
      "access" : null
    }, {
      "controlling_field" : null,
      "controlling_field_path" : "design_settings.background_option",
      "controlling_value_regex" : "video",
      "property" : null,
      "operator" : "MATCHES_REGEX",
      "access" : null
    } ],
    "children" : [ ]
  },
  "type" : "file",
  "display_width" : null
}, {
  "id" : "enabled",
  "name" : "enabled",
  "label" : "Enabled",
  "required" : false,
  "locked" : false,
  "display" : "checkbox",
  "type" : "boolean",
  "display_width" : null,
  "default" : true
}, {
  "id" : "sr_module_id",
  "name" : "sr_module_id",
  "label" : "ID",
  "help_text" : "Assign a ID to the module",
  "required" : false,
  "locked" : false,
  "validation_regex" : "",
  "allow_new_line" : false,
  "show_emoji_picker" : false,
  "type" : "text",
  "display_width" : "half_width"
}, {
  "id" : "class",
  "name" : "class",
  "label" : "Class",
  "help_text" : "Assign a CLASS to the module",
  "required" : false,
  "locked" : false,
  "validation_regex" : "",
  "allow_new_line" : false,
  "show_emoji_picker" : false,
  "type" : "text",
  "display_width" : "half_width"
}, {
  "id" : "design_settings",
  "name" : "design_settings",
  "label" : "Design Settings",
  "required" : false,
  "locked" : false,
  "children" : [ {
    "id" : "design_settings.slider_styles",
    "name" : "slider_styles",
    "label" : "Slider Styles",
    "required" : false,
    "locked" : false,
    "children" : [ {
      "id" : "slider_styles.arrow_left",
      "name" : "arrow_left_icon",
      "label" : "Arrow Left Icon",
      "required" : false,
      "locked" : false,
      "visibility" : {
        "controlling_field" : null,
        "controlling_field_path" : "carousel_settings.arrows",
        "controlling_value_regex" : "true",
        "property" : null,
        "operator" : "EQUAL",
        "access" : null
      },
      "icon_set" : "fontawesome-6.4.2",
      "type" : "icon",
      "display_width" : null,
      "default" : {
        "name" : "Angle Right",
        "unicode" : "f104",
        "type" : "SOLID"
      }
    }, {
      "id" : "slider_styles.arrow_right",
      "name" : "arrow_right_icon",
      "label" : "Arrow Right Icon",
      "required" : false,
      "locked" : false,
      "visibility" : {
        "controlling_field" : null,
        "controlling_field_path" : "carousel_settings.arrows",
        "controlling_value_regex" : "true",
        "property" : null,
        "operator" : "EQUAL",
        "access" : null
      },
      "icon_set" : "fontawesome-6.4.2",
      "type" : "icon",
      "display_width" : null,
      "default" : {
        "name" : "Angle Right",
        "unicode" : "f105",
        "type" : "SOLID"
      }
    }, {
      "id" : "slider_styles.arrow_color",
      "name" : "arrows_color",
      "label" : "Arrows Color",
      "required" : false,
      "locked" : false,
      "visibility" : {
        "controlling_field" : null,
        "controlling_field_path" : "carousel_settings.arrows",
        "controlling_value_regex" : "true",
        "property" : null,
        "operator" : "EQUAL",
        "access" : null
      },
      "type" : "color",
      "display_width" : null,
      "default" : {
        "color" : "#02EB8E",
        "opacity" : 100
      }
    }, {
      "id" : "slider_styles.dots_color",
      "name" : "dots_color",
      "label" : "Dots Color",
      "required" : false,
      "locked" : false,
      "visibility" : {
        "controlling_field" : null,
        "controlling_field_path" : "carousel_settings.dots",
        "controlling_value_regex" : "true",
        "property" : null,
        "operator" : "EQUAL",
        "access" : null
      },
      "type" : "color",
      "display_width" : null,
      "default" : {
        "color" : "#02EB8E",
        "opacity" : 100
      }
    }, {
      "id" : "column_styles.background_color",
      "name" : "background_color",
      "label" : "Background Color",
      "required" : true,
      "locked" : false,
      "display" : "select",
      "choices" : [ [ "auto", "Auto" ], [ "primary", "Primary" ], [ "secondary", "Secondary" ], [ "tertiary", "Tertiary" ], [ "white", "White" ], [ "black", "Black" ], [ "dark", "Dark" ], [ "light", "Light" ], [ "success", "Success" ], [ "info", "Info" ], [ "warning", "Warning" ], [ "danger", "Danger" ], [ "gradient", "Gradient" ], [ "gradient_one", "Gradient One" ], [ "gradient_two", "Gradient Two" ], [ "custom", "Custom" ], [ "none", "None" ] ],
      "multiple" : false,
      "reordering_enabled" : true,
      "preset" : null,
      "type" : "choice",
      "display_width" : null,
      "default" : "secondary"
    }, {
      "id" : "column_styles.background_custom",
      "name" : "background_custom",
      "label" : "Background Color",
      "required" : false,
      "locked" : false,
      "visibility" : {
        "controlling_field" : "column_styles.background_color",
        "controlling_field_path" : null,
        "controlling_value_regex" : "custom",
        "property" : null,
        "operator" : "EQUAL",
        "access" : null
      },
      "type" : "color",
      "display_width" : null,
      "default" : {
        "color" : "#fff",
        "opacity" : 100
      }
    }, {
      "id" : "column_styles.background_gradient",
      "name" : "background_gradient",
      "label" : "Gradient",
      "required" : false,
      "locked" : false,
      "visibility" : {
        "controlling_field" : "column_styles.background_color",
        "controlling_field_path" : null,
        "controlling_value_regex" : "gradient",
        "property" : null,
        "operator" : "EQUAL",
        "access" : null
      },
      "type" : "gradient",
      "display_width" : null,
      "default" : {
        "colors" : [ {
          "color" : {
            "a" : 1,
            "b" : 255,
            "g" : 99,
            "r" : 12
          }
        }, {
          "color" : {
            "a" : 1,
            "b" : 255,
            "g" : 151,
            "r" : 24
          }
        } ],
        "side_or_corner" : {
          "verticalSide" : "BOTTOM",
          "horizontalSide" : "RIGHT"
        }
      }
    }, {
      "id" : "column_styles.spacing",
      "name" : "spacing",
      "label" : "Spacing",
      "required" : false,
      "locked" : false,
      "type" : "spacing",
      "display_width" : null,
      "default" : {
        "margin" : null,
        "padding" : {
          "top" : {
            "value" : 50,
            "units" : "px"
          },
          "bottom" : {
            "value" : 50,
            "units" : "px"
          },
          "left" : {
            "value" : 0,
            "units" : "px"
          },
          "right" : {
            "value" : 0,
            "units" : "px"
          }
        }
      }
    }, {
      "id" : "column_styles.border",
      "name" : "border",
      "label" : "Border",
      "required" : false,
      "locked" : false,
      "allow_custom_border_sides" : true,
      "type" : "border",
      "display_width" : null,
      "default" : { }
    }, {
      "id" : "design_settings.column_styles.border_radius",
      "name" : "border_radius",
      "label" : "Border Radius",
      "help_text" : "",
      "inline_help_text" : "",
      "required" : false,
      "locked" : false,
      "display" : "text",
      "step" : 1,
      "suffix" : "px",
      "type" : "number",
      "display_width" : null,
      "default" : 50
    }, {
      "id" : "design_settings.column_styles.shadow",
      "name" : "shadow",
      "label" : "Shadow",
      "help_text" : "",
      "required" : false,
      "locked" : false,
      "display" : "toggle",
      "type" : "boolean",
      "display_width" : null,
      "default" : false
    }, {
      "id" : "design_settings.column_styles.horizontal",
      "name" : "horizontal",
      "label" : "Horizontal",
      "help_text" : "A positive value puts the shadow on the right side of the box, a negative value puts the shadow on the left side of the box",
      "required" : false,
      "locked" : false,
      "visibility" : {
        "controlling_field" : "design_settings.column_styles.shadow",
        "controlling_field_path" : null,
        "controlling_value_regex" : "true",
        "property" : null,
        "operator" : "EQUAL",
        "access" : null
      },
      "display" : "text",
      "step" : 1,
      "prefix" : "",
      "suffix" : "px",
      "type" : "number",
      "display_width" : "half_width",
      "default" : 15
    }, {
      "id" : "design_settings.column_styles.vertical",
      "name" : "vertical",
      "label" : "Vertical",
      "help_text" : "The vertical offset of the shadow. A positive value puts the shadow below the box, a negative value puts the shadow above the box",
      "required" : false,
      "locked" : false,
      "visibility" : {
        "controlling_field" : "design_settings.column_styles.shadow",
        "controlling_field_path" : null,
        "controlling_value_regex" : "true",
        "property" : null,
        "operator" : "EQUAL",
        "access" : null
      },
      "display" : "text",
      "step" : 1,
      "prefix" : "",
      "suffix" : "px",
      "type" : "number",
      "display_width" : "half_width",
      "default" : 25
    }, {
      "id" : "design_settings.column_styles.blur",
      "name" : "blur",
      "label" : "Blur",
      "help_text" : "The blur radius. The higher the number, the more blurred the shadow will be",
      "required" : false,
      "locked" : false,
      "visibility" : {
        "controlling_field" : "design_settings.column_styles.shadow",
        "controlling_field_path" : null,
        "controlling_value_regex" : "true",
        "property" : null,
        "operator" : "EQUAL",
        "access" : null
      },
      "display" : "text",
      "step" : 1,
      "prefix" : "",
      "suffix" : "px",
      "type" : "number",
      "display_width" : "half_width",
      "default" : 60
    }, {
      "id" : "design_settings.column_styles.spread",
      "name" : "spread",
      "label" : "Spread",
      "help_text" : "The spread radius. A positive value increases the size of the shadow, a negative value decreases the size of the shadow",
      "required" : false,
      "locked" : false,
      "visibility" : {
        "controlling_field" : "design_settings.column_styles.shadow",
        "controlling_field_path" : null,
        "controlling_value_regex" : "true",
        "property" : null,
        "operator" : "EQUAL",
        "access" : null
      },
      "display" : "text",
      "step" : 1,
      "prefix" : "",
      "suffix" : "px",
      "type" : "number",
      "display_width" : "half_width",
      "default" : 0
    }, {
      "id" : "design_settings.column_styles.inset",
      "name" : "inset",
      "label" : "Inset",
      "help_text" : "Changes the shadow to an inner shadow",
      "required" : false,
      "locked" : false,
      "visibility" : {
        "controlling_field" : "design_settings.column_styles.shadow",
        "controlling_field_path" : null,
        "controlling_value_regex" : "true",
        "property" : null,
        "operator" : "EQUAL",
        "access" : null
      },
      "display" : "checkbox",
      "type" : "boolean",
      "display_width" : null,
      "default" : false
    }, {
      "id" : "design_settings.column_styles.color",
      "name" : "color",
      "label" : "Color",
      "help_text" : "The color of the shadow",
      "required" : false,
      "locked" : false,
      "visibility" : {
        "controlling_field" : "design_settings.column_styles.shadow",
        "controlling_field_path" : null,
        "controlling_value_regex" : "true",
        "property" : null,
        "operator" : "EQUAL",
        "access" : null
      },
      "type" : "color",
      "display_width" : null,
      "default" : {
        "color" : "#000",
        "opacity" : 10
      }
    } ],
    "tab" : "STYLE",
    "expanded" : false,
    "group_occurrence_meta" : null,
    "type" : "group",
    "display_width" : null,
    "default" : {
      "arrow_left_icon" : {
        "name" : "Angle Right",
        "unicode" : "f104",
        "type" : "SOLID"
      },
      "arrow_right_icon" : {
        "name" : "Angle Right",
        "unicode" : "f105",
        "type" : "SOLID"
      },
      "arrows_color" : {
        "color" : "#02EB8E",
        "opacity" : 100
      },
      "dots_color" : {
        "color" : "#02EB8E",
        "opacity" : 100
      },
      "background_color" : "secondary",
      "background_custom" : {
        "color" : "#fff",
        "opacity" : 100
      },
      "background_gradient" : {
        "colors" : [ {
          "color" : {
            "a" : 1,
            "b" : 255,
            "g" : 99,
            "r" : 12
          }
        }, {
          "color" : {
            "a" : 1,
            "b" : 255,
            "g" : 151,
            "r" : 24
          }
        } ],
        "side_or_corner" : {
          "verticalSide" : "BOTTOM",
          "horizontalSide" : "RIGHT"
        }
      },
      "spacing" : {
        "margin" : null,
        "padding" : {
          "top" : {
            "value" : 50,
            "units" : "px"
          },
          "bottom" : {
            "value" : 50,
            "units" : "px"
          },
          "left" : {
            "value" : 0,
            "units" : "px"
          },
          "right" : {
            "value" : 0,
            "units" : "px"
          }
        }
      },
      "border" : { },
      "border_radius" : 50,
      "shadow" : false,
      "horizontal" : 15,
      "vertical" : 25,
      "blur" : 60,
      "spread" : 0,
      "inset" : false,
      "color" : {
        "color" : "#000",
        "opacity" : 10
      }
    }
  }, {
    "id" : "15db38ae-f716-b71b-9177-1c48a450770c",
    "name" : "logo_styles",
    "label" : "Logo Styles",
    "required" : false,
    "locked" : false,
    "children" : [ {
      "id" : "logos_per_row",
      "name" : "logos_per_row",
      "label" : "Logos Per Row",
      "required" : true,
      "locked" : false,
      "visibility" : {
        "controlling_field" : null,
        "controlling_field_path" : "carousel",
        "controlling_value_regex" : "false",
        "property" : null,
        "operator" : "EQUAL",
        "access" : null
      },
      "display" : "select",
      "aliases_mapping" : {
        "property_aliases_paths" : {
          "logos_per_row" : [ "logos_per_row" ]
        }
      },
      "placeholder" : "",
      "choices" : [ [ "25", "4" ], [ "20", "5" ], [ "16.5", "6" ], [ "auto", "Auto" ] ],
      "multiple" : false,
      "reordering_enabled" : true,
      "preset" : null,
      "type" : "choice",
      "display_width" : null,
      "default" : "auto"
    }, {
      "id" : "df872a6d-b3b5-5242-d81f-a15af7a099d9",
      "name" : "alignment",
      "label" : "Alignment",
      "required" : true,
      "locked" : false,
      "visibility" : {
        "controlling_field" : "carousel",
        "controlling_field_path" : null,
        "controlling_value_regex" : "false",
        "property" : null,
        "operator" : "EQUAL",
        "access" : null
      },
      "display" : "select",
      "choices" : [ [ "start", "Left" ], [ "center", "Center" ], [ "end", "Right" ] ],
      "multiple" : false,
      "reordering_enabled" : true,
      "preset" : null,
      "type" : "choice",
      "display_width" : null,
      "default" : "center"
    }, {
      "id" : "grayscale",
      "name" : "grayscale",
      "label" : "Grayscale",
      "required" : true,
      "locked" : false,
      "display" : "select",
      "choices" : [ [ "none", "None" ], [ "always_gray", "Always Gray" ], [ "color_on_hover", "Color on Hover" ] ],
      "multiple" : false,
      "reordering_enabled" : true,
      "preset" : null,
      "type" : "choice",
      "display_width" : null,
      "default" : "none"
    }, {
      "id" : "ac769cfb-3ea9-af55-3aa9-dc20b49d42ae",
      "name" : "column_gap",
      "label" : "Column Gap",
      "required" : false,
      "locked" : false,
      "visibility" : {
        "controlling_field" : "logos_per_row",
        "controlling_field_path" : "carousel",
        "controlling_value_regex" : "false",
        "property" : null,
        "operator" : "EQUAL",
        "access" : null
      },
      "display" : "text",
      "step" : 1,
      "suffix" : "px",
      "type" : "number",
      "display_width" : "half_width",
      "default" : 46
    }, {
      "id" : "73f8bc27-0782-bfb4-88b9-78ea7a0d1d81",
      "name" : "row_gap",
      "label" : "Row Gap",
      "required" : false,
      "locked" : false,
      "visibility" : {
        "controlling_field" : "carousel",
        "controlling_field_path" : null,
        "controlling_value_regex" : "false",
        "property" : null,
        "operator" : "EQUAL",
        "access" : null
      },
      "display" : "text",
      "step" : 1,
      "suffix" : "px",
      "type" : "number",
      "display_width" : "half_width",
      "default" : 28
    } ],
    "tab" : "STYLE",
    "expanded" : false,
    "group_occurrence_meta" : null,
    "type" : "group",
    "display_width" : null,
    "default" : {
      "logos_per_row" : "auto",
      "alignment" : "center",
      "grayscale" : "none",
      "column_gap" : 46,
      "row_gap" : 28
    }
  }, {
    "id" : "design_settings.layout",
    "name" : "layout",
    "label" : "Layout",
    "help_text" : "",
    "required" : true,
    "locked" : false,
    "display" : "select",
    "choices" : [ [ "container", "Default" ], [ "container container-small", "Small" ], [ "container container-large", "Large" ], [ "container-fluid", "Full Width" ] ],
    "multiple" : false,
    "reordering_enabled" : true,
    "preset" : null,
    "type" : "choice",
    "display_width" : null,
    "default" : "container-fluid"
  }, {
    "id" : "design_settings.container_width",
    "name" : "container_width",
    "label" : "Container Width",
    "help_text" : "<strong>Maximum:</strong> 100% of the container<br><br>\n<strong>Wide:</strong> 83% of the container<br><br>\n<strong>Narrow:</strong> 66% of the container<br><br>\n<strong>Minimum:</strong> 50% of the container",
    "required" : true,
    "locked" : false,
    "display" : "select",
    "choices" : [ [ "min", "Minimum" ], [ "narrow", "Narrow" ], [ "wide", "Wide" ], [ "max", "Maximum" ] ],
    "multiple" : false,
    "reordering_enabled" : true,
    "preset" : null,
    "type" : "choice",
    "display_width" : null,
    "default" : "max"
  }, {
    "id" : "design_settings.top_bottom_padding",
    "name" : "top_bottom_padding",
    "label" : "Top Bottom Padding",
    "help_text" : "<strong>Use default values:</strong> Uses any inherit padding values<br><br><strong>No Padding:</strong> Set padding to 0<br><br><strong>Small:</strong> Uses a preset small padding<br><br><strong>Large:</strong> Uses a preset large padding<br><br><strong>Custom:</strong> Custom padding",
    "required" : true,
    "locked" : false,
    "display" : "select",
    "choices" : [ [ "auto", "Use default values" ], [ "zero", "No Padding" ], [ "half", "Small padding" ], [ "full", "Large padding" ], [ "custom", "Custom padding" ] ],
    "multiple" : false,
    "reordering_enabled" : true,
    "preset" : null,
    "type" : "choice",
    "display_width" : null,
    "default" : "half"
  }, {
    "id" : "design_settings.spacing",
    "name" : "spacing",
    "label" : "Spacing",
    "required" : false,
    "locked" : false,
    "visibility" : {
      "controlling_field" : "design_settings.top_bottom_padding",
      "controlling_field_path" : null,
      "controlling_value_regex" : "custom",
      "property" : null,
      "operator" : "EQUAL",
      "access" : null
    },
    "type" : "spacing",
    "display_width" : null,
    "default" : {
      "margin" : {
        "top" : {
          "units" : "rem",
          "value" : 0
        },
        "bottom" : {
          "units" : "rem",
          "value" : 0
        }
      },
      "padding" : {
        "top" : {
          "units" : "rem",
          "value" : 6.25
        },
        "left" : {
          "units" : "rem",
          "value" : 0
        },
        "right" : {
          "units" : "rem",
          "value" : 0
        },
        "bottom" : {
          "units" : "rem",
          "value" : 6.25
        }
      }
    }
  }, {
    "id" : "design_settings.background_option",
    "name" : "background_option",
    "label" : "Background Option",
    "inline_help_text" : "For the <strong>Video</strong> option, return to the <strong>🖉 Content</strong> tab to edit the video source",
    "required" : true,
    "locked" : false,
    "display" : "select",
    "choices" : [ [ "image", "Image" ], [ "video", "Video" ], [ "color", "Color" ], [ "custom", "Custom" ], [ "gradient", "Gradient" ] ],
    "multiple" : false,
    "reordering_enabled" : true,
    "preset" : null,
    "type" : "choice",
    "display_width" : null,
    "default" : "color"
  }, {
    "id" : "design_settings.background_image",
    "name" : "background_image",
    "label" : "Background Image",
    "help_text" : "Source for background image or before the video loads",
    "required" : false,
    "locked" : false,
    "visibility" : {
      "controlling_field" : "design_settings.background_option",
      "controlling_field_path" : null,
      "controlling_value_regex" : "image|video",
      "property" : null,
      "operator" : "MATCHES_REGEX",
      "access" : null
    },
    "type" : "backgroundimage",
    "display_width" : null,
    "default" : {
      "src" : "https://www.lean-labs.com/hubfs/sr-assets/pattern-library/sr-hero-01/sr-hero-01-v2.jpg",
      "background_size" : "cover",
      "background_position" : "MIDDLE_CENTER"
    }
  }, {
    "id" : "design_settings.background_overlay_color",
    "name" : "background_overlay_color",
    "label" : "Background Overlay Color",
    "help_text" : "Overlay color on top of the image/video",
    "required" : false,
    "locked" : false,
    "visibility" : {
      "controlling_field" : "design_settings.background_option",
      "controlling_field_path" : null,
      "controlling_value_regex" : "image|video",
      "property" : null,
      "operator" : "MATCHES_REGEX",
      "access" : null
    },
    "type" : "color",
    "display_width" : null,
    "default" : {
      "color" : "#343a40",
      "opacity" : 30
    }
  }, {
    "id" : "design_settings.background_color",
    "name" : "background_color",
    "label" : "Background Color",
    "required" : true,
    "locked" : false,
    "visibility" : {
      "controlling_field" : "design_settings.background_option",
      "controlling_field_path" : null,
      "controlling_value_regex" : "color",
      "property" : null,
      "operator" : "EQUAL",
      "access" : null
    },
    "display" : "select",
    "choices" : [ [ "primary", "Primary" ], [ "secondary", "Secondary" ], [ "tertiary", "Tertiary" ], [ "white", "White" ], [ "black", "Black" ], [ "dark", "Dark" ], [ "light", "Light" ], [ "success", "Success" ], [ "info", "Info" ], [ "warning", "Warning" ], [ "danger", "Danger" ], [ "gradient_one", "Gradient One" ], [ "gradient_two", "Gradient Two" ], [ "none", "None" ] ],
    "multiple" : false,
    "reordering_enabled" : true,
    "preset" : null,
    "type" : "choice",
    "display_width" : null,
    "default" : "none"
  }, {
    "id" : "design_settings.background_custom",
    "name" : "background_custom",
    "label" : "Background Color",
    "help_text" : "For transparent images or before the image/video loads",
    "required" : false,
    "locked" : false,
    "visibility" : {
      "controlling_field" : "design_settings.background_option",
      "controlling_field_path" : null,
      "controlling_value_regex" : "custom|image|video",
      "property" : null,
      "operator" : "MATCHES_REGEX",
      "access" : null
    },
    "type" : "color",
    "display_width" : null,
    "default" : {
      "color" : "#fff",
      "opacity" : 100
    }
  }, {
    "id" : "design_settings.background_gradient",
    "name" : "background_gradient",
    "label" : "Background Gradient",
    "required" : false,
    "locked" : false,
    "visibility" : {
      "controlling_field" : "design_settings.background_option",
      "controlling_field_path" : null,
      "controlling_value_regex" : "gradient",
      "property" : null,
      "operator" : "EQUAL",
      "access" : null
    },
    "type" : "gradient",
    "display_width" : null,
    "default" : {
      "colors" : [ {
        "color" : {
          "a" : 1,
          "b" : 255,
          "g" : 99,
          "r" : 12
        }
      }, {
        "color" : {
          "a" : 1,
          "b" : 255,
          "g" : 151,
          "r" : 24
        }
      } ],
      "side_or_corner" : {
        "verticalSide" : "TOP",
        "horizontalSide" : "LEFT"
      }
    }
  }, {
    "id" : "b2775136-cbf8-999c-2281-662e175a3ff5",
    "name" : "fixed_background",
    "label" : "Fixed Background",
    "required" : false,
    "locked" : false,
    "visibility" : {
      "controlling_field" : "design_settings.background_option",
      "controlling_field_path" : null,
      "controlling_value_regex" : "image",
      "property" : null,
      "operator" : "EQUAL",
      "access" : null
    },
    "display" : "toggle",
    "type" : "boolean",
    "display_width" : null,
    "default" : false
  }, {
    "id" : "design_settings.text_align",
    "name" : "text_align",
    "label" : "Text Align",
    "required" : false,
    "locked" : false,
    "type" : "textalignment",
    "display_width" : "half_width",
    "default" : {
      "text_align" : "CENTER"
    }
  }, {
    "id" : "design_settings.text_color",
    "name" : "text_color",
    "label" : "Text Color",
    "help_text" : "Set to <strong>Auto</strong> to use the default text color<br><br>Set to <strong>Custom</strong> to set a custom text color",
    "required" : true,
    "locked" : false,
    "display" : "select",
    "choices" : [ [ "auto", "Auto" ], [ "primary", "Primary" ], [ "secondary", "Secondary" ], [ "tertiary", "Tertiary" ], [ "white", "White" ], [ "black", "Black" ], [ "dark", "Dark" ], [ "light", "Light" ], [ "success", "Success" ], [ "info", "Info" ], [ "warning", "Warning" ], [ "danger", "Danger" ], [ "gradient_one", "Gradient One" ], [ "gradient_two", "Gradient Two" ], [ "custom", "Custom" ] ],
    "multiple" : false,
    "reordering_enabled" : true,
    "preset" : null,
    "type" : "choice",
    "display_width" : "half_width",
    "default" : "auto"
  }, {
    "id" : "design_settings.text_color_custom",
    "name" : "text_color_custom",
    "label" : "Text Color",
    "required" : false,
    "locked" : false,
    "visibility" : {
      "controlling_field" : "design_settings.text_color",
      "controlling_field_path" : null,
      "controlling_value_regex" : "custom",
      "property" : null,
      "operator" : "EQUAL",
      "access" : null
    },
    "type" : "color",
    "display_width" : null,
    "default" : {
      "color" : "#87909e",
      "opacity" : 100
    }
  }, {
    "id" : "design_settings.border",
    "name" : "border",
    "label" : "Border",
    "required" : false,
    "locked" : false,
    "allow_custom_border_sides" : true,
    "type" : "border",
    "display_width" : null,
    "default" : {
      "top" : {
        "color" : "#e5e7ea",
        "style" : "none",
        "width" : {
          "units" : "px",
          "value" : 0
        },
        "opacity" : 100
      },
      "bottom" : {
        "color" : "#e5e7ea",
        "style" : "none",
        "width" : {
          "units" : "px",
          "value" : 0
        },
        "opacity" : 100
      }
    }
  }, {
    "id" : "design_settings.responsive_settings",
    "name" : "responsive_settings",
    "label" : "Responsive Settings",
    "required" : false,
    "locked" : false,
    "children" : [ {
      "id" : "design_settings.responsive_settings.tablet",
      "name" : "tablet",
      "label" : "Tablet",
      "inline_help_text" : "Breakpoint: 992px",
      "required" : false,
      "locked" : false,
      "children" : [ {
        "id" : "design_settings.responsive_settings.tablet.tablet_text_align",
        "name" : "tablet_text_align",
        "label" : "Text Align",
        "required" : false,
        "locked" : false,
        "type" : "textalignment",
        "display_width" : null,
        "default" : { }
      }, {
        "id" : "design_settings.responsive_settings.tablet.tablet_top_bottom_padding",
        "name" : "tablet_top_bottom_padding",
        "label" : "Top Bottom Padding",
        "required" : true,
        "locked" : false,
        "display" : "select",
        "choices" : [ [ "auto", "Use default values" ], [ "zero", "No Padding" ], [ "half", "Small padding" ], [ "full", "Large padding" ], [ "custom", "Custom Padding" ] ],
        "multiple" : false,
        "reordering_enabled" : true,
        "preset" : null,
        "type" : "choice",
        "display_width" : null,
        "default" : "auto"
      }, {
        "id" : "design_settings.responsive_settings.tablet.tablet_spacing",
        "name" : "tablet_spacing",
        "label" : "Tablet Spacing",
        "required" : false,
        "locked" : false,
        "visibility" : {
          "controlling_field" : "design_settings.responsive_settings.tablet.tablet_top_bottom_padding",
          "controlling_field_path" : null,
          "controlling_value_regex" : "custom",
          "property" : null,
          "operator" : "EQUAL",
          "access" : null
        },
        "type" : "spacing",
        "display_width" : null,
        "default" : {
          "margin" : {
            "top" : {
              "units" : "rem",
              "value" : 0
            },
            "bottom" : {
              "units" : "rem",
              "value" : 0
            }
          },
          "padding" : {
            "top" : {
              "units" : "rem",
              "value" : 3.25
            },
            "left" : {
              "units" : "rem",
              "value" : 0
            },
            "right" : {
              "units" : "rem",
              "value" : 0
            },
            "bottom" : {
              "units" : "rem",
              "value" : 3.25
            }
          }
        }
      }, {
        "id" : "design_settings.responsive_settings.tablet.tablet_background_option",
        "name" : "tablet_background_option",
        "label" : "Background Option",
        "inline_help_text" : "For the <strong>Video</strong> option, return to the <strong>🖉 Content</strong> tab to edit the video source",
        "required" : true,
        "locked" : false,
        "display" : "select",
        "choices" : [ [ "auto", "Auto" ], [ "custom", "Custom" ] ],
        "multiple" : false,
        "reordering_enabled" : true,
        "preset" : null,
        "type" : "choice",
        "display_width" : null,
        "default" : "auto"
      }, {
        "id" : "design_settings.responsive_settings.tablet.tablet_background_image",
        "name" : "tablet_background_image",
        "label" : "Background Image",
        "help_text" : "Source for background image or before the video loads",
        "required" : false,
        "locked" : false,
        "visibility_rules" : "ADVANCED",
        "advanced_visibility" : {
          "boolean_operator" : "AND",
          "criteria" : [ {
            "controlling_field" : null,
            "controlling_field_path" : "design_settings.responsive_settings.tablet.tablet_background_option",
            "controlling_value_regex" : "custom",
            "property" : null,
            "operator" : "EQUAL",
            "access" : null
          }, {
            "controlling_field" : null,
            "controlling_field_path" : "design_settings.background_option",
            "controlling_value_regex" : "image|video",
            "property" : null,
            "operator" : "MATCHES_REGEX",
            "access" : null
          } ],
          "children" : [ ]
        },
        "type" : "backgroundimage",
        "display_width" : null,
        "default" : {
          "src" : "https://www.lean-labs.com/hubfs/sr-assets/pattern-library/sr-hero-01/sr-hero-01-v2.jpg",
          "background_size" : "cover",
          "background_position" : "MIDDLE_CENTER"
        }
      }, {
        "id" : "design_settings.responsive_settings.tablet.tablet_background_overlay_color",
        "name" : "tablet_background_overlay_color",
        "label" : "Background Overlay Color",
        "help_text" : "Overlay color on top of the image/video",
        "required" : false,
        "locked" : false,
        "visibility_rules" : "ADVANCED",
        "advanced_visibility" : {
          "boolean_operator" : "AND",
          "criteria" : [ {
            "controlling_field" : null,
            "controlling_field_path" : "design_settings.responsive_settings.tablet.tablet_background_option",
            "controlling_value_regex" : "custom",
            "property" : null,
            "operator" : "EQUAL",
            "access" : null
          }, {
            "controlling_field" : null,
            "controlling_field_path" : "design_settings.background_option",
            "controlling_value_regex" : "image|video",
            "property" : null,
            "operator" : "MATCHES_REGEX",
            "access" : null
          } ],
          "children" : [ ]
        },
        "type" : "color",
        "display_width" : null,
        "default" : {
          "color" : "#343a40",
          "opacity" : 30
        }
      }, {
        "id" : "design_settings.responsive_settings.tablet.tablet_background_color",
        "name" : "tablet_background_color",
        "label" : "Background Color",
        "required" : true,
        "locked" : false,
        "visibility_rules" : "ADVANCED",
        "advanced_visibility" : {
          "boolean_operator" : "AND",
          "criteria" : [ {
            "controlling_field" : null,
            "controlling_field_path" : "design_settings.responsive_settings.tablet.tablet_background_option",
            "controlling_value_regex" : "custom",
            "property" : null,
            "operator" : "EQUAL",
            "access" : null
          }, {
            "controlling_field" : null,
            "controlling_field_path" : "design_settings.background_option",
            "controlling_value_regex" : "color",
            "property" : null,
            "operator" : "MATCHES_REGEX",
            "access" : null
          } ],
          "children" : [ ]
        },
        "display" : "select",
        "choices" : [ [ "primary", "Primary" ], [ "secondary", "Secondary" ], [ "tertiary", "Tertiary" ], [ "white", "White" ], [ "black", "Black" ], [ "dark", "Dark" ], [ "light", "Light" ], [ "success", "Success" ], [ "info", "Info" ], [ "warning", "Warning" ], [ "danger", "Danger" ], [ "none", "None" ] ],
        "multiple" : false,
        "reordering_enabled" : true,
        "preset" : null,
        "type" : "choice",
        "display_width" : null,
        "default" : "primary"
      }, {
        "id" : "design_settings.responsive_settings.tablet.tablet_background_custom",
        "name" : "tablet_background_custom",
        "label" : "Background Color",
        "help_text" : "For transparent images or before the image/video loads",
        "required" : false,
        "locked" : false,
        "visibility_rules" : "ADVANCED",
        "advanced_visibility" : {
          "boolean_operator" : "AND",
          "criteria" : [ {
            "controlling_field" : null,
            "controlling_field_path" : "design_settings.responsive_settings.tablet.tablet_background_option",
            "controlling_value_regex" : "custom",
            "property" : null,
            "operator" : "EQUAL",
            "access" : null
          }, {
            "controlling_field" : null,
            "controlling_field_path" : "design_settings.background_option",
            "controlling_value_regex" : "custom|image|video",
            "property" : null,
            "operator" : "MATCHES_REGEX",
            "access" : null
          } ],
          "children" : [ ]
        },
        "type" : "color",
        "display_width" : null,
        "default" : {
          "color" : "#fff",
          "opacity" : 100
        }
      }, {
        "id" : "design_settings.responsive_settings.tablet.tablet_background_gradient",
        "name" : "tablet_background_gradient",
        "label" : "Background Gradient",
        "required" : false,
        "locked" : false,
        "visibility_rules" : "ADVANCED",
        "advanced_visibility" : {
          "boolean_operator" : "AND",
          "criteria" : [ {
            "controlling_field" : null,
            "controlling_field_path" : "design_settings.responsive_settings.tablet.tablet_background_option",
            "controlling_value_regex" : "custom",
            "property" : null,
            "operator" : "EQUAL",
            "access" : null
          }, {
            "controlling_field" : null,
            "controlling_field_path" : "design_settings.background_option",
            "controlling_value_regex" : "gradient",
            "property" : null,
            "operator" : "MATCHES_REGEX",
            "access" : null
          } ],
          "children" : [ ]
        },
        "type" : "gradient",
        "display_width" : null,
        "default" : {
          "colors" : [ {
            "color" : {
              "a" : 1,
              "b" : 255,
              "g" : 99,
              "r" : 12
            }
          }, {
            "color" : {
              "a" : 1,
              "b" : 255,
              "g" : 151,
              "r" : 24
            }
          } ],
          "side_or_corner" : {
            "verticalSide" : "TOP",
            "horizontalSide" : "LEFT"
          }
        }
      }, {
        "id" : "design_settings.responsive_settings.tablet.tablet_fixed_background",
        "name" : "tablet_fixed_background",
        "label" : "Fixed Background",
        "required" : false,
        "locked" : false,
        "visibility_rules" : "ADVANCED",
        "advanced_visibility" : {
          "boolean_operator" : "AND",
          "criteria" : [ {
            "controlling_field" : null,
            "controlling_field_path" : "design_settings.responsive_settings.tablet.tablet_background_option",
            "controlling_value_regex" : "custom",
            "property" : null,
            "operator" : "EQUAL",
            "access" : null
          }, {
            "controlling_field" : null,
            "controlling_field_path" : "design_settings.background_option",
            "controlling_value_regex" : "image|video",
            "property" : null,
            "operator" : "MATCHES_REGEX",
            "access" : null
          } ],
          "children" : [ ]
        },
        "display" : "toggle",
        "type" : "boolean",
        "display_width" : null,
        "default" : false
      }, {
        "id" : "d47b5364-8593-d60a-2dcf-25404d82f513",
        "name" : "slider_styles",
        "label" : "Slider Styles",
        "required" : false,
        "locked" : false,
        "children" : [ {
          "id" : "e11fd7f1-1c9e-cde0-9cac-fe39299841c2",
          "name" : "spacing",
          "label" : "Spacing",
          "required" : false,
          "locked" : false,
          "type" : "spacing",
          "display_width" : null,
          "default" : {
            "margin" : {
              "top" : {
                "units" : "rem",
                "value" : 0
              },
              "bottom" : {
                "units" : "rem",
                "value" : 0
              }
            },
            "padding" : {
              "top" : {
                "units" : "px",
                "value" : 40
              },
              "left" : {
                "units" : "rem",
                "value" : 0
              },
              "right" : {
                "units" : "rem",
                "value" : 0
              },
              "bottom" : {
                "units" : "px",
                "value" : 40
              }
            }
          }
        } ],
        "tab" : "STYLE",
        "expanded" : false,
        "group_occurrence_meta" : null,
        "type" : "group",
        "display_width" : null,
        "default" : {
          "spacing" : {
            "margin" : {
              "top" : {
                "units" : "rem",
                "value" : 0
              },
              "bottom" : {
                "units" : "rem",
                "value" : 0
              }
            },
            "padding" : {
              "top" : {
                "units" : "px",
                "value" : 40
              },
              "left" : {
                "units" : "rem",
                "value" : 0
              },
              "right" : {
                "units" : "rem",
                "value" : 0
              },
              "bottom" : {
                "units" : "px",
                "value" : 40
              }
            }
          }
        }
      } ],
      "tab" : "STYLE",
      "expanded" : true,
      "group_occurrence_meta" : null,
      "type" : "group",
      "display_width" : null,
      "default" : {
        "tablet_text_align" : { },
        "tablet_top_bottom_padding" : "auto",
        "tablet_spacing" : {
          "margin" : {
            "top" : {
              "units" : "rem",
              "value" : 0
            },
            "bottom" : {
              "units" : "rem",
              "value" : 0
            }
          },
          "padding" : {
            "top" : {
              "units" : "rem",
              "value" : 3.25
            },
            "left" : {
              "units" : "rem",
              "value" : 0
            },
            "right" : {
              "units" : "rem",
              "value" : 0
            },
            "bottom" : {
              "units" : "rem",
              "value" : 3.25
            }
          }
        },
        "tablet_background_option" : "auto",
        "tablet_background_image" : {
          "src" : "https://www.lean-labs.com/hubfs/sr-assets/pattern-library/sr-hero-01/sr-hero-01-v2.jpg",
          "background_size" : "cover",
          "background_position" : "MIDDLE_CENTER"
        },
        "tablet_background_overlay_color" : {
          "color" : "#343a40",
          "opacity" : 30
        },
        "tablet_background_color" : "primary",
        "tablet_background_custom" : {
          "color" : "#fff",
          "opacity" : 100
        },
        "tablet_background_gradient" : {
          "colors" : [ {
            "color" : {
              "a" : 1,
              "b" : 255,
              "g" : 99,
              "r" : 12
            }
          }, {
            "color" : {
              "a" : 1,
              "b" : 255,
              "g" : 151,
              "r" : 24
            }
          } ],
          "side_or_corner" : {
            "verticalSide" : "TOP",
            "horizontalSide" : "LEFT"
          }
        },
        "tablet_fixed_background" : false
      }
    }, {
      "id" : "design_settings.responsive_settings.mobile",
      "name" : "mobile",
      "label" : "Mobile",
      "inline_help_text" : "Breakpoint: 768px",
      "required" : false,
      "locked" : false,
      "children" : [ {
        "id" : "design_settings.responsive_settings.mobile.mobile_text_align",
        "name" : "mobile_text_align",
        "label" : "Text Align",
        "required" : false,
        "locked" : false,
        "type" : "textalignment",
        "display_width" : null,
        "default" : { }
      }, {
        "id" : "design_settings.responsive_settings.mobile.mobile_top_bottom_padding",
        "name" : "mobile_top_bottom_padding",
        "label" : "Top Bottom Padding",
        "required" : true,
        "locked" : false,
        "display" : "select",
        "choices" : [ [ "auto", "Use default values" ], [ "zero", "No Padding" ], [ "half", "Small padding" ], [ "full", "Large padding" ], [ "custom", "Custom Padding" ] ],
        "multiple" : false,
        "reordering_enabled" : true,
        "preset" : null,
        "type" : "choice",
        "display_width" : null,
        "default" : "auto"
      }, {
        "id" : "design_settings.responsive_settings.mobile.mobile_spacing",
        "name" : "mobile_spacing",
        "label" : "Mobile Spacing",
        "required" : false,
        "locked" : false,
        "visibility" : {
          "controlling_field" : "design_settings.responsive_settings.mobile.mobile_top_bottom_padding",
          "controlling_field_path" : null,
          "controlling_value_regex" : "custom",
          "property" : null,
          "operator" : "EQUAL",
          "access" : null
        },
        "type" : "spacing",
        "display_width" : null,
        "default" : {
          "margin" : {
            "top" : {
              "units" : "rem",
              "value" : 0
            },
            "bottom" : {
              "units" : "rem",
              "value" : 0
            }
          },
          "padding" : {
            "top" : {
              "units" : "rem",
              "value" : 3.25
            },
            "left" : {
              "units" : "rem",
              "value" : 0
            },
            "right" : {
              "units" : "rem",
              "value" : 0
            },
            "bottom" : {
              "units" : "rem",
              "value" : 3.25
            }
          }
        }
      }, {
        "id" : "design_settings.responsive_settings.mobile.mobile_background_option",
        "name" : "mobile_background_option",
        "label" : "Background Option",
        "inline_help_text" : "For the <strong>Video</strong> option, return to the <strong>🖉 Content</strong> tab to edit the video source",
        "required" : true,
        "locked" : false,
        "display" : "select",
        "choices" : [ [ "auto", "Auto" ], [ "custom", "Custom" ] ],
        "multiple" : false,
        "reordering_enabled" : true,
        "preset" : null,
        "type" : "choice",
        "display_width" : null,
        "default" : "auto"
      }, {
        "id" : "design_settings.responsive_settings.mobile.mobile_background_image",
        "name" : "mobile_background_image",
        "label" : "Background Image",
        "help_text" : "Source for background image or before the video loads",
        "required" : false,
        "locked" : false,
        "visibility_rules" : "ADVANCED",
        "advanced_visibility" : {
          "boolean_operator" : "AND",
          "criteria" : [ {
            "controlling_field" : null,
            "controlling_field_path" : "design_settings.responsive_settings.mobile.mobile_background_option",
            "controlling_value_regex" : "custom",
            "property" : null,
            "operator" : "EQUAL",
            "access" : null
          }, {
            "controlling_field" : null,
            "controlling_field_path" : "design_settings.background_option",
            "controlling_value_regex" : "image|video",
            "property" : null,
            "operator" : "MATCHES_REGEX",
            "access" : null
          } ],
          "children" : [ ]
        },
        "type" : "backgroundimage",
        "display_width" : null,
        "default" : {
          "src" : "https://www.lean-labs.com/hubfs/sr-assets/pattern-library/sr-hero-01/sr-hero-01-v2.jpg",
          "background_size" : "cover",
          "background_position" : "MIDDLE_CENTER"
        }
      }, {
        "id" : "design_settings.responsive_settings.mobile.mobile_background_overlay_color",
        "name" : "mobile_background_overlay_color",
        "label" : "Background Overlay Color",
        "help_text" : "Overlay color on top of the image/video",
        "required" : false,
        "locked" : false,
        "visibility_rules" : "ADVANCED",
        "advanced_visibility" : {
          "boolean_operator" : "AND",
          "criteria" : [ {
            "controlling_field" : null,
            "controlling_field_path" : "design_settings.responsive_settings.mobile.mobile_background_option",
            "controlling_value_regex" : "custom",
            "property" : null,
            "operator" : "EQUAL",
            "access" : null
          }, {
            "controlling_field" : null,
            "controlling_field_path" : "design_settings.background_option",
            "controlling_value_regex" : "image|video",
            "property" : null,
            "operator" : "MATCHES_REGEX",
            "access" : null
          } ],
          "children" : [ ]
        },
        "type" : "color",
        "display_width" : null,
        "default" : {
          "color" : "#343a40",
          "opacity" : 30
        }
      }, {
        "id" : "design_settings.responsive_settings.mobile.mobile_background_color",
        "name" : "mobile_background_color",
        "label" : "Background Color",
        "required" : true,
        "locked" : false,
        "visibility_rules" : "ADVANCED",
        "advanced_visibility" : {
          "boolean_operator" : "AND",
          "criteria" : [ {
            "controlling_field" : null,
            "controlling_field_path" : "design_settings.responsive_settings.mobile.mobile_background_option",
            "controlling_value_regex" : "custom",
            "property" : null,
            "operator" : "EQUAL",
            "access" : null
          }, {
            "controlling_field" : null,
            "controlling_field_path" : "design_settings.background_option",
            "controlling_value_regex" : "color",
            "property" : null,
            "operator" : "MATCHES_REGEX",
            "access" : null
          } ],
          "children" : [ ]
        },
        "display" : "select",
        "choices" : [ [ "primary", "Primary" ], [ "secondary", "Secondary" ], [ "tertiary", "Tertiary" ], [ "white", "White" ], [ "black", "Black" ], [ "dark", "Dark" ], [ "light", "Light" ], [ "success", "Success" ], [ "info", "Info" ], [ "warning", "Warning" ], [ "danger", "Danger" ], [ "none", "None" ] ],
        "multiple" : false,
        "reordering_enabled" : true,
        "preset" : null,
        "type" : "choice",
        "display_width" : null,
        "default" : "primary"
      }, {
        "id" : "design_settings.responsive_settings.mobile.mobile_background_custom",
        "name" : "mobile_background_custom",
        "label" : "Background Color",
        "help_text" : "For transparent images or before the image/video loads",
        "required" : false,
        "locked" : false,
        "visibility_rules" : "ADVANCED",
        "advanced_visibility" : {
          "boolean_operator" : "AND",
          "criteria" : [ {
            "controlling_field" : null,
            "controlling_field_path" : "design_settings.responsive_settings.mobile.mobile_background_option",
            "controlling_value_regex" : "custom",
            "property" : null,
            "operator" : "EQUAL",
            "access" : null
          }, {
            "controlling_field" : null,
            "controlling_field_path" : "design_settings.background_option",
            "controlling_value_regex" : "custom|image|video",
            "property" : null,
            "operator" : "MATCHES_REGEX",
            "access" : null
          } ],
          "children" : [ ]
        },
        "type" : "color",
        "display_width" : null,
        "default" : {
          "color" : "#fff",
          "opacity" : 100
        }
      }, {
        "id" : "design_settings.responsive_settings.mobile.mobile_background_gradient",
        "name" : "mobile_background_gradient",
        "label" : "Background Gradient",
        "required" : false,
        "locked" : false,
        "visibility_rules" : "ADVANCED",
        "advanced_visibility" : {
          "boolean_operator" : "AND",
          "criteria" : [ {
            "controlling_field" : null,
            "controlling_field_path" : "design_settings.responsive_settings.mobile.mobile_background_option",
            "controlling_value_regex" : "custom",
            "property" : null,
            "operator" : "EQUAL",
            "access" : null
          }, {
            "controlling_field" : null,
            "controlling_field_path" : "design_settings.background_option",
            "controlling_value_regex" : "gradient",
            "property" : null,
            "operator" : "MATCHES_REGEX",
            "access" : null
          } ],
          "children" : [ ]
        },
        "type" : "gradient",
        "display_width" : null,
        "default" : {
          "colors" : [ {
            "color" : {
              "a" : 1,
              "b" : 255,
              "g" : 99,
              "r" : 12
            }
          }, {
            "color" : {
              "a" : 1,
              "b" : 255,
              "g" : 151,
              "r" : 24
            }
          } ],
          "side_or_corner" : {
            "verticalSide" : "TOP",
            "horizontalSide" : "LEFT"
          }
        }
      }, {
        "id" : "d47b5364-8593-d60a-2dcf-25404d82f511",
        "name" : "slider_styles",
        "label" : "Slider Styles",
        "required" : false,
        "locked" : false,
        "children" : [ {
          "id" : "e11fd7f1-1c9e-cde0-9cac-fe39299841c1",
          "name" : "spacing",
          "label" : "Spacing",
          "required" : false,
          "locked" : false,
          "type" : "spacing",
          "display_width" : null,
          "default" : {
            "margin" : {
              "top" : {
                "units" : "rem",
                "value" : 0
              },
              "bottom" : {
                "units" : "rem",
                "value" : 0
              }
            },
            "padding" : {
              "top" : {
                "units" : "px",
                "value" : 20
              },
              "left" : {
                "units" : "rem",
                "value" : 0
              },
              "right" : {
                "units" : "rem",
                "value" : 0
              },
              "bottom" : {
                "units" : "px",
                "value" : 20
              }
            }
          }
        } ],
        "tab" : "STYLE",
        "expanded" : false,
        "group_occurrence_meta" : null,
        "type" : "group",
        "display_width" : null,
        "default" : {
          "spacing" : {
            "margin" : {
              "top" : {
                "units" : "rem",
                "value" : 0
              },
              "bottom" : {
                "units" : "rem",
                "value" : 0
              }
            },
            "padding" : {
              "top" : {
                "units" : "px",
                "value" : 20
              },
              "left" : {
                "units" : "rem",
                "value" : 0
              },
              "right" : {
                "units" : "rem",
                "value" : 0
              },
              "bottom" : {
                "units" : "px",
                "value" : 20
              }
            }
          }
        }
      } ],
      "tab" : "STYLE",
      "expanded" : true,
      "group_occurrence_meta" : null,
      "type" : "group",
      "display_width" : null,
      "default" : {
        "mobile_text_align" : { },
        "mobile_top_bottom_padding" : "auto",
        "mobile_spacing" : {
          "margin" : {
            "top" : {
              "units" : "rem",
              "value" : 0
            },
            "bottom" : {
              "units" : "rem",
              "value" : 0
            }
          },
          "padding" : {
            "top" : {
              "units" : "rem",
              "value" : 3.25
            },
            "left" : {
              "units" : "rem",
              "value" : 0
            },
            "right" : {
              "units" : "rem",
              "value" : 0
            },
            "bottom" : {
              "units" : "rem",
              "value" : 3.25
            }
          }
        },
        "mobile_background_option" : "auto",
        "mobile_background_image" : {
          "src" : "https://www.lean-labs.com/hubfs/sr-assets/pattern-library/sr-hero-01/sr-hero-01-v2.jpg",
          "background_size" : "cover",
          "background_position" : "MIDDLE_CENTER"
        },
        "mobile_background_overlay_color" : {
          "color" : "#343a40",
          "opacity" : 30
        },
        "mobile_background_color" : "primary",
        "mobile_background_custom" : {
          "color" : "#fff",
          "opacity" : 100
        },
        "mobile_background_gradient" : {
          "colors" : [ {
            "color" : {
              "a" : 1,
              "b" : 255,
              "g" : 99,
              "r" : 12
            }
          }, {
            "color" : {
              "a" : 1,
              "b" : 255,
              "g" : 151,
              "r" : 24
            }
          } ],
          "side_or_corner" : {
            "verticalSide" : "TOP",
            "horizontalSide" : "LEFT"
          }
        }
      }
    } ],
    "tab" : "STYLE",
    "expanded" : false,
    "group_occurrence_meta" : null,
    "type" : "group",
    "display_width" : null,
    "default" : {
      "tablet" : {
        "tablet_text_align" : { },
        "tablet_top_bottom_padding" : "auto",
        "tablet_spacing" : {
          "margin" : {
            "top" : {
              "units" : "rem",
              "value" : 0
            },
            "bottom" : {
              "units" : "rem",
              "value" : 0
            }
          },
          "padding" : {
            "top" : {
              "units" : "rem",
              "value" : 3.25
            },
            "left" : {
              "units" : "rem",
              "value" : 0
            },
            "right" : {
              "units" : "rem",
              "value" : 0
            },
            "bottom" : {
              "units" : "rem",
              "value" : 3.25
            }
          }
        },
        "tablet_background_option" : "auto",
        "tablet_background_image" : {
          "src" : "https://www.lean-labs.com/hubfs/sr-assets/pattern-library/sr-hero-01/sr-hero-01-v2.jpg",
          "background_size" : "cover",
          "background_position" : "MIDDLE_CENTER"
        },
        "tablet_background_overlay_color" : {
          "color" : "#343a40",
          "opacity" : 30
        },
        "tablet_background_color" : "primary",
        "tablet_background_custom" : {
          "color" : "#fff",
          "opacity" : 100
        },
        "tablet_background_gradient" : {
          "colors" : [ {
            "color" : {
              "a" : 1,
              "b" : 255,
              "g" : 99,
              "r" : 12
            }
          }, {
            "color" : {
              "a" : 1,
              "b" : 255,
              "g" : 151,
              "r" : 24
            }
          } ],
          "side_or_corner" : {
            "verticalSide" : "TOP",
            "horizontalSide" : "LEFT"
          }
        },
        "tablet_fixed_background" : false
      },
      "mobile" : {
        "mobile_text_align" : { },
        "mobile_top_bottom_padding" : "auto",
        "mobile_spacing" : {
          "margin" : {
            "top" : {
              "units" : "rem",
              "value" : 0
            },
            "bottom" : {
              "units" : "rem",
              "value" : 0
            }
          },
          "padding" : {
            "top" : {
              "units" : "rem",
              "value" : 3.25
            },
            "left" : {
              "units" : "rem",
              "value" : 0
            },
            "right" : {
              "units" : "rem",
              "value" : 0
            },
            "bottom" : {
              "units" : "rem",
              "value" : 3.25
            }
          }
        },
        "mobile_background_option" : "auto",
        "mobile_background_image" : {
          "src" : "https://www.lean-labs.com/hubfs/sr-assets/pattern-library/sr-hero-01/sr-hero-01-v2.jpg",
          "background_size" : "cover",
          "background_position" : "MIDDLE_CENTER"
        },
        "mobile_background_overlay_color" : {
          "color" : "#343a40",
          "opacity" : 30
        },
        "mobile_background_color" : "primary",
        "mobile_background_custom" : {
          "color" : "#fff",
          "opacity" : 100
        },
        "mobile_background_gradient" : {
          "colors" : [ {
            "color" : {
              "a" : 1,
              "b" : 255,
              "g" : 99,
              "r" : 12
            }
          }, {
            "color" : {
              "a" : 1,
              "b" : 255,
              "g" : 151,
              "r" : 24
            }
          } ],
          "side_or_corner" : {
            "verticalSide" : "TOP",
            "horizontalSide" : "LEFT"
          }
        }
      }
    }
  } ],
  "tab" : "STYLE",
  "expanded" : false,
  "group_occurrence_meta" : null,
  "type" : "group",
  "display_width" : null,
  "default" : {
    "slider_styles" : {
      "arrow_left_icon" : {
        "name" : "Angle Right",
        "unicode" : "f104",
        "type" : "SOLID"
      },
      "arrow_right_icon" : {
        "name" : "Angle Right",
        "unicode" : "f105",
        "type" : "SOLID"
      },
      "arrows_color" : {
        "color" : "#02EB8E",
        "opacity" : 100
      },
      "dots_color" : {
        "color" : "#02EB8E",
        "opacity" : 100
      },
      "background_color" : "secondary",
      "background_custom" : {
        "color" : "#fff",
        "opacity" : 100
      },
      "background_gradient" : {
        "colors" : [ {
          "color" : {
            "a" : 1,
            "b" : 255,
            "g" : 99,
            "r" : 12
          }
        }, {
          "color" : {
            "a" : 1,
            "b" : 255,
            "g" : 151,
            "r" : 24
          }
        } ],
        "side_or_corner" : {
          "verticalSide" : "BOTTOM",
          "horizontalSide" : "RIGHT"
        }
      },
      "spacing" : {
        "margin" : null,
        "padding" : {
          "top" : {
            "value" : 50,
            "units" : "px"
          },
          "bottom" : {
            "value" : 50,
            "units" : "px"
          },
          "left" : {
            "value" : 0,
            "units" : "px"
          },
          "right" : {
            "value" : 0,
            "units" : "px"
          }
        }
      },
      "border" : { },
      "border_radius" : 50,
      "shadow" : false,
      "horizontal" : 15,
      "vertical" : 25,
      "blur" : 60,
      "spread" : 0,
      "inset" : false,
      "color" : {
        "color" : "#000",
        "opacity" : 10
      }
    },
    "logo_styles" : {
      "logos_per_row" : "auto",
      "alignment" : "center",
      "grayscale" : "none",
      "column_gap" : 46,
      "row_gap" : 28
    },
    "layout" : "container-fluid",
    "container_width" : "max",
    "top_bottom_padding" : "half",
    "spacing" : {
      "margin" : {
        "top" : {
          "units" : "rem",
          "value" : 0
        },
        "bottom" : {
          "units" : "rem",
          "value" : 0
        }
      },
      "padding" : {
        "top" : {
          "units" : "rem",
          "value" : 6.25
        },
        "left" : {
          "units" : "rem",
          "value" : 0
        },
        "right" : {
          "units" : "rem",
          "value" : 0
        },
        "bottom" : {
          "units" : "rem",
          "value" : 6.25
        }
      }
    },
    "background_option" : "color",
    "background_image" : {
      "src" : "https://www.lean-labs.com/hubfs/sr-assets/pattern-library/sr-hero-01/sr-hero-01-v2.jpg",
      "background_size" : "cover",
      "background_position" : "MIDDLE_CENTER"
    },
    "background_overlay_color" : {
      "color" : "#343a40",
      "opacity" : 30
    },
    "background_color" : "none",
    "background_custom" : {
      "color" : "#fff",
      "opacity" : 100
    },
    "background_gradient" : {
      "colors" : [ {
        "color" : {
          "a" : 1,
          "b" : 255,
          "g" : 99,
          "r" : 12
        }
      }, {
        "color" : {
          "a" : 1,
          "b" : 255,
          "g" : 151,
          "r" : 24
        }
      } ],
      "side_or_corner" : {
        "verticalSide" : "TOP",
        "horizontalSide" : "LEFT"
      }
    },
    "fixed_background" : false,
    "text_align" : {
      "text_align" : "CENTER"
    },
    "text_color" : "auto",
    "text_color_custom" : {
      "color" : "#87909e",
      "opacity" : 100
    },
    "border" : {
      "top" : {
        "color" : "#e5e7ea",
        "style" : "none",
        "width" : {
          "units" : "px",
          "value" : 0
        },
        "opacity" : 100
      },
      "bottom" : {
        "color" : "#e5e7ea",
        "style" : "none",
        "width" : {
          "units" : "px",
          "value" : 0
        },
        "opacity" : 100
      }
    },
    "responsive_settings" : {
      "tablet" : {
        "tablet_text_align" : { },
        "tablet_top_bottom_padding" : "auto",
        "tablet_spacing" : {
          "margin" : {
            "top" : {
              "units" : "rem",
              "value" : 0
            },
            "bottom" : {
              "units" : "rem",
              "value" : 0
            }
          },
          "padding" : {
            "top" : {
              "units" : "rem",
              "value" : 3.25
            },
            "left" : {
              "units" : "rem",
              "value" : 0
            },
            "right" : {
              "units" : "rem",
              "value" : 0
            },
            "bottom" : {
              "units" : "rem",
              "value" : 3.25
            }
          }
        },
        "tablet_background_option" : "auto",
        "tablet_background_image" : {
          "src" : "https://www.lean-labs.com/hubfs/sr-assets/pattern-library/sr-hero-01/sr-hero-01-v2.jpg",
          "background_size" : "cover",
          "background_position" : "MIDDLE_CENTER"
        },
        "tablet_background_overlay_color" : {
          "color" : "#343a40",
          "opacity" : 30
        },
        "tablet_background_color" : "primary",
        "tablet_background_custom" : {
          "color" : "#fff",
          "opacity" : 100
        },
        "tablet_background_gradient" : {
          "colors" : [ {
            "color" : {
              "a" : 1,
              "b" : 255,
              "g" : 99,
              "r" : 12
            }
          }, {
            "color" : {
              "a" : 1,
              "b" : 255,
              "g" : 151,
              "r" : 24
            }
          } ],
          "side_or_corner" : {
            "verticalSide" : "TOP",
            "horizontalSide" : "LEFT"
          }
        },
        "tablet_fixed_background" : false
      },
      "mobile" : {
        "mobile_text_align" : { },
        "mobile_top_bottom_padding" : "auto",
        "mobile_spacing" : {
          "margin" : {
            "top" : {
              "units" : "rem",
              "value" : 0
            },
            "bottom" : {
              "units" : "rem",
              "value" : 0
            }
          },
          "padding" : {
            "top" : {
              "units" : "rem",
              "value" : 3.25
            },
            "left" : {
              "units" : "rem",
              "value" : 0
            },
            "right" : {
              "units" : "rem",
              "value" : 0
            },
            "bottom" : {
              "units" : "rem",
              "value" : 3.25
            }
          }
        },
        "mobile_background_option" : "auto",
        "mobile_background_image" : {
          "src" : "https://www.lean-labs.com/hubfs/sr-assets/pattern-library/sr-hero-01/sr-hero-01-v2.jpg",
          "background_size" : "cover",
          "background_position" : "MIDDLE_CENTER"
        },
        "mobile_background_overlay_color" : {
          "color" : "#343a40",
          "opacity" : 30
        },
        "mobile_background_color" : "primary",
        "mobile_background_custom" : {
          "color" : "#fff",
          "opacity" : 100
        },
        "mobile_background_gradient" : {
          "colors" : [ {
            "color" : {
              "a" : 1,
              "b" : 255,
              "g" : 99,
              "r" : 12
            }
          }, {
            "color" : {
              "a" : 1,
              "b" : 255,
              "g" : 151,
              "r" : 24
            }
          } ],
          "side_or_corner" : {
            "verticalSide" : "TOP",
            "horizontalSide" : "LEFT"
          }
        }
      }
    }
  }
}, {
  "id" : "heading",
  "name" : "heading",
  "label" : "Heading",
  "required" : false,
  "locked" : false,
  "occurrence" : {
    "min" : 0,
    "max" : null,
    "sorting_label_field" : null,
    "default" : 1
  },
  "children" : [ {
    "id" : "heading.heading",
    "name" : "heading",
    "label" : "Heading",
    "required" : false,
    "locked" : false,
    "validation_regex" : "",
    "allow_new_line" : false,
    "show_emoji_picker" : false,
    "type" : "text",
    "display_width" : null,
    "default" : "DOWNLOADED OVER 27,000 TIMES. NOW 10X FASTER TO CUSTOMIZE!"
  }, {
    "id" : "heading.heading_size",
    "name" : "heading_size",
    "label" : "Size",
    "help_text" : "HTML heading size",
    "required" : true,
    "locked" : false,
    "display" : "select",
    "choices" : [ [ "h1", "H1" ], [ "h2", "H2" ], [ "h3", "H3" ], [ "h4", "H4" ], [ "h5", "H5" ], [ "h6", "H6" ], [ "p", "P" ] ],
    "multiple" : false,
    "reordering_enabled" : true,
    "preset" : null,
    "type" : "choice",
    "display_width" : "half_width",
    "default" : "p"
  }, {
    "id" : "heading.heading_display_size",
    "name" : "heading_display_size",
    "label" : "Display Size",
    "help_text" : "Size that heading is displayed at",
    "required" : true,
    "locked" : false,
    "display" : "select",
    "choices" : [ [ "auto", "Auto" ], [ "h1", "H1" ], [ "h2", "H2" ], [ "h3", "H3" ], [ "h4", "H4" ], [ "h5", "H5" ], [ "h6", "H6" ], [ "p", "P" ], [ "display-4", "L" ], [ "display-3", "XL" ], [ "display-2", "XXL" ], [ "display-1", "XXXL" ] ],
    "multiple" : false,
    "reordering_enabled" : true,
    "preset" : null,
    "type" : "choice",
    "display_width" : "half_width",
    "default" : "h6"
  }, {
    "id" : "heading.heading_color",
    "name" : "heading_color",
    "label" : "Color",
    "required" : true,
    "locked" : false,
    "display" : "select",
    "choices" : [ [ "auto", "Auto" ], [ "primary", "Primary" ], [ "secondary", "Secondary" ], [ "tertiary", "Tertiary" ], [ "white", "White" ], [ "black", "Black" ], [ "dark", "Dark" ], [ "light", "Light" ], [ "success", "Success" ], [ "info", "Info" ], [ "warning", "Warning" ], [ "danger", "Danger" ], [ "gradient_one", "Gradient One" ], [ "gradient_two", "Gradient Two" ], [ "custom", "Custom" ] ],
    "multiple" : false,
    "reordering_enabled" : true,
    "preset" : null,
    "type" : "choice",
    "display_width" : null,
    "default" : "auto"
  }, {
    "id" : "heading.heading_color_custom",
    "name" : "heading_color_custom",
    "label" : "Color",
    "required" : false,
    "locked" : false,
    "visibility" : {
      "controlling_field" : "heading.heading_color",
      "controlling_field_path" : null,
      "controlling_value_regex" : "custom",
      "property" : null,
      "operator" : "EQUAL",
      "access" : null
    },
    "type" : "color",
    "display_width" : null,
    "default" : {
      "color" : "#30343b",
      "opacity" : 100
    }
  }, {
    "id" : "heading.heading_align",
    "name" : "heading_align",
    "label" : "Align",
    "required" : true,
    "locked" : false,
    "display" : "select",
    "choices" : [ [ "auto", "Auto" ], [ "left", "Left" ], [ "center", "Center" ], [ "right", "Right" ] ],
    "multiple" : false,
    "reordering_enabled" : true,
    "preset" : null,
    "type" : "choice",
    "display_width" : null,
    "default" : "auto"
  }, {
    "id" : "heading.class",
    "name" : "class",
    "label" : "CSS Class",
    "required" : false,
    "locked" : false,
    "validation_regex" : "",
    "allow_new_line" : false,
    "show_emoji_picker" : false,
    "type" : "text",
    "display_width" : null,
    "default" : "font-btn"
  } ],
  "tab" : "CONTENT",
  "expanded" : false,
  "group_occurrence_meta" : null,
  "type" : "group",
  "display_width" : null,
  "default" : [ {
    "heading" : "DOWNLOADED OVER 27,000 TIMES. NOW 10X FASTER TO CUSTOMIZE!",
    "heading_size" : "p",
    "heading_display_size" : "h6",
    "heading_color" : "auto",
    "heading_color_custom" : {
      "color" : "#30343b",
      "opacity" : 100
    },
    "heading_align" : "auto",
    "class" : "font-btn"
  } ]
}, {
  "id" : "description",
  "name" : "description",
  "label" : "Description",
  "required" : false,
  "locked" : false,
  "type" : "richtext",
  "display_width" : null
}, {
  "id" : "lead_text",
  "name" : "lead_text",
  "label" : "Lead Text",
  "help_text" : "Turn on to make the Description text larger",
  "required" : false,
  "locked" : false,
  "display" : "toggle",
  "type" : "boolean",
  "display_width" : null,
  "default" : false
}, {
  "id" : "1",
  "name" : "logos",
  "label" : "Logos",
  "required" : false,
  "locked" : false,
  "occurrence" : {
    "min" : null,
    "max" : null,
    "sorting_label_field" : null,
    "default" : 9
  },
  "children" : [ {
    "id" : "logos.image",
    "name" : "image",
    "label" : "Image",
    "required" : false,
    "locked" : false,
    "responsive" : true,
    "resizable" : true,
    "show_loading" : true,
    "type" : "image",
    "display_width" : null,
    "default" : {
      "alt" : "airbnb",
      "height" : 50,
      "loading" : "lazy",
      "max_height" : 50,
      "max_width" : 120,
      "src" : "https://www.lean-labs.com/hubfs/sr-assets/alto/airbnb.svg",
      "width" : 120
    }
  }, {
    "id" : "1ff0795a-dd41-5247-845f-d74396e073fd",
    "name" : "link",
    "label" : "Link",
    "required" : false,
    "locked" : false,
    "supported_types" : [ "EXTERNAL", "CONTENT", "FILE", "EMAIL_ADDRESS", "BLOG", "CALL_TO_ACTION", "PHONE_NUMBER", "PAYMENT" ],
    "show_advanced_rel_options" : true,
    "type" : "link",
    "display_width" : null,
    "default" : {
      "url" : {
        "href" : "",
        "type" : "EXTERNAL",
        "content_id" : null
      },
      "no_follow" : false,
      "open_in_new_tab" : false
    }
  }, {
    "id" : "logos.aria_label",
    "name" : "aria_label",
    "label" : "Aria Label",
    "help_text" : "The aria-label attribute is used on links that have no accessible name to give it meaning to screen readers.",
    "required" : false,
    "locked" : false,
    "validation_regex" : "",
    "allow_new_line" : false,
    "show_emoji_picker" : false,
    "type" : "text",
    "display_width" : null,
    "default" : "Logo link"
  } ],
  "tab" : "CONTENT",
  "expanded" : false,
  "group_occurrence_meta" : null,
  "type" : "group",
  "display_width" : null,
  "default" : [ {
    "aria_label" : "Logo link",
    "image" : {
      "alt" : "fitbit",
      "height" : 50,
      "loading" : "lazy",
      "max_height" : 50,
      "max_width" : 120,
      "src" : "https://www.lean-labs.com/hubfs/sr-assets/alto/fitbit.svg",
      "width" : 120
    },
    "link" : {
      "no_follow" : false,
      "open_in_new_tab" : false,
      "url" : {
        "href" : "",
        "type" : "EXTERNAL"
      }
    }
  }, {
    "aria_label" : "Logo link",
    "image" : {
      "alt" : "spotify",
      "height" : 50,
      "loading" : "lazy",
      "max_height" : 50,
      "max_width" : 120,
      "src" : "https://www.lean-labs.com/hubfs/sr-assets/alto/spotify.svg",
      "width" : 120
    },
    "link" : {
      "no_follow" : false,
      "open_in_new_tab" : false,
      "url" : {
        "href" : "",
        "type" : "EXTERNAL"
      }
    }
  }, {
    "aria_label" : "Logo link",
    "image" : {
      "alt" : "slack",
      "height" : 50,
      "loading" : "lazy",
      "max_height" : 50,
      "max_width" : 120,
      "src" : "https://www.lean-labs.com/hubfs/sr-assets/alto/slack.svg",
      "width" : 120
    },
    "link" : {
      "no_follow" : false,
      "open_in_new_tab" : false,
      "url" : {
        "href" : "",
        "type" : "EXTERNAL"
      }
    }
  }, {
    "aria_label" : "Logo link",
    "image" : {
      "alt" : "alphabet",
      "height" : 50,
      "loading" : "lazy",
      "max_height" : 50,
      "max_width" : 120,
      "src" : "https://www.lean-labs.com/hubfs/sr-assets/alto/alphabet.svg",
      "width" : 120
    },
    "link" : {
      "no_follow" : false,
      "open_in_new_tab" : false,
      "url" : {
        "href" : "",
        "type" : "EXTERNAL"
      }
    }
  }, {
    "aria_label" : "Logo link",
    "image" : {
      "alt" : "airbnb",
      "height" : 50,
      "loading" : "lazy",
      "max_height" : 50,
      "max_width" : 120,
      "src" : "https://www.lean-labs.com/hubfs/sr-assets/alto/airbnb.svg",
      "width" : 120
    },
    "link" : {
      "no_follow" : false,
      "open_in_new_tab" : false,
      "url" : {
        "href" : "",
        "type" : "EXTERNAL"
      }
    }
  }, {
    "aria_label" : "Logo link",
    "image" : {
      "alt" : "fitbit",
      "height" : 50,
      "loading" : "lazy",
      "max_height" : 50,
      "max_width" : 120,
      "src" : "https://www.lean-labs.com/hubfs/sr-assets/alto/fitbit.svg",
      "width" : 120
    },
    "link" : {
      "no_follow" : false,
      "open_in_new_tab" : false,
      "url" : {
        "href" : "",
        "type" : "EXTERNAL"
      }
    }
  }, {
    "aria_label" : "Logo link",
    "image" : {
      "alt" : "spotify",
      "height" : 50,
      "loading" : "lazy",
      "max_height" : 50,
      "max_width" : 120,
      "src" : "https://www.lean-labs.com/hubfs/sr-assets/alto/spotify.svg",
      "width" : 120
    },
    "link" : {
      "no_follow" : false,
      "open_in_new_tab" : false,
      "url" : {
        "href" : "",
        "type" : "EXTERNAL"
      }
    }
  }, {
    "aria_label" : "Logo link",
    "image" : {
      "alt" : "slack",
      "height" : 50,
      "loading" : "lazy",
      "max_height" : 50,
      "max_width" : 120,
      "src" : "https://www.lean-labs.com/hubfs/sr-assets/alto/slack.svg",
      "width" : 120
    },
    "link" : {
      "no_follow" : false,
      "open_in_new_tab" : false,
      "url" : {
        "href" : "",
        "type" : "EXTERNAL"
      }
    }
  }, {
    "aria_label" : "Logo link",
    "image" : {
      "alt" : "alphabet",
      "height" : 50,
      "loading" : "lazy",
      "max_height" : 50,
      "max_width" : 120,
      "src" : "https://www.lean-labs.com/hubfs/sr-assets/alto/alphabet.svg",
      "width" : 120
    },
    "link" : {
      "no_follow" : false,
      "open_in_new_tab" : false,
      "url" : {
        "href" : "",
        "type" : "EXTERNAL"
      }
    }
  }, {
    "aria_label" : "Logo link",
    "image" : {
      "alt" : "airbnb",
      "height" : 50,
      "loading" : "lazy",
      "max_height" : 50,
      "max_width" : 120,
      "src" : "https://www.lean-labs.com/hubfs/sr-assets/alto/airbnb.svg",
      "width" : 120
    },
    "link" : {
      "no_follow" : false,
      "open_in_new_tab" : false,
      "url" : {
        "href" : "",
        "type" : "EXTERNAL"
      }
    }
  } ]
}, {
  "id" : "carousel",
  "name" : "carousel",
  "label" : "Carousel",
  "required" : false,
  "locked" : false,
  "display" : "checkbox",
  "type" : "boolean",
  "display_width" : null,
  "default" : true
}, {
  "id" : "76aa0be2-6300-07b4-597c-c7df91cf6ee7",
  "name" : "carousel_settings",
  "label" : "Carousel Settings",
  "required" : false,
  "locked" : false,
  "visibility" : {
    "controlling_field" : null,
    "controlling_field_path" : "carousel",
    "controlling_value_regex" : "true",
    "property" : null,
    "operator" : "EQUAL",
    "access" : null
  },
  "children" : [ {
    "id" : "33f086c7-41dd-a4f0-8dfb-e9be22b017c7",
    "name" : "dots",
    "label" : "Dots",
    "required" : false,
    "locked" : false,
    "display" : "checkbox",
    "type" : "boolean",
    "display_width" : "half_width",
    "default" : false
  }, {
    "id" : "63a50d0a-0c8d-4689-34d2-38a614f13206",
    "name" : "arrows",
    "label" : "Arrows",
    "required" : false,
    "locked" : false,
    "display" : "checkbox",
    "type" : "boolean",
    "display_width" : "half_width",
    "default" : false
  }, {
    "id" : "dbf95792-1f00-b43e-7ade-43aca35a2bfb",
    "name" : "autoplay",
    "label" : "Autoplay",
    "required" : false,
    "locked" : false,
    "display" : "checkbox",
    "type" : "boolean",
    "display_width" : "half_width",
    "default" : true
  }, {
    "id" : "dbf95792-1f00-b43e-7ade-43aca35a2bf1",
    "name" : "autoscroll",
    "label" : "Auto Scroll",
    "help_text" : "Continuously scrolls the carousel",
    "required" : false,
    "locked" : false,
    "visibility" : {
      "controlling_field" : "dbf95792-1f00-b43e-7ade-43aca35a2bfb",
      "controlling_field_path" : null,
      "controlling_value_regex" : "true",
      "property" : null,
      "operator" : "EQUAL",
      "access" : null
    },
    "display" : "checkbox",
    "type" : "boolean",
    "display_width" : "half_width",
    "default" : true
  }, {
    "id" : "e4e91ff5-7fa2-3356-c2c6-d8acb86697fe",
    "name" : "scroll_speed",
    "label" : "Scroll Speed",
    "help_text" : "Adjust the scroll speed: lower numbers are slower. Negative numbers reverse the scroll direction.",
    "required" : false,
    "locked" : false,
    "visibility_rules" : "ADVANCED",
    "advanced_visibility" : {
      "boolean_operator" : "AND",
      "criteria" : [ {
        "controlling_field" : "dbf95792-1f00-b43e-7ade-43aca35a2bfb",
        "controlling_field_path" : null,
        "controlling_value_regex" : "true",
        "property" : null,
        "operator" : "EQUAL",
        "access" : null
      }, {
        "controlling_field" : "dbf95792-1f00-b43e-7ade-43aca35a2bf1",
        "controlling_field_path" : null,
        "controlling_value_regex" : "true",
        "property" : null,
        "operator" : "EQUAL",
        "access" : null
      } ],
      "children" : [ ]
    },
    "display" : "text",
    "step" : 1,
    "type" : "number",
    "display_width" : null,
    "default" : 0.25
  }, {
    "id" : "e4e91ff5-7fa2-3356-c2c6-d8acb86697ff",
    "name" : "autoplay_speed",
    "label" : "Autoplay Speed",
    "help_text" : "Set to 0 for continuous autoplay",
    "required" : false,
    "locked" : false,
    "visibility_rules" : "ADVANCED",
    "advanced_visibility" : {
      "boolean_operator" : "AND",
      "criteria" : [ {
        "controlling_field" : "dbf95792-1f00-b43e-7ade-43aca35a2bfb",
        "controlling_field_path" : null,
        "controlling_value_regex" : "true",
        "property" : null,
        "operator" : "EQUAL",
        "access" : null
      }, {
        "controlling_field" : "dbf95792-1f00-b43e-7ade-43aca35a2bf1",
        "controlling_field_path" : null,
        "controlling_value_regex" : "false",
        "property" : null,
        "operator" : "EQUAL",
        "access" : null
      } ],
      "children" : [ ]
    },
    "display" : "text",
    "step" : 1,
    "suffix" : " Seconds",
    "type" : "number",
    "display_width" : null,
    "default" : 6
  }, {
    "id" : "f1347616-f6b0-261e-f13f-4578c563ef1c",
    "name" : "logos_to_show",
    "label" : "Logos to Show",
    "required" : false,
    "locked" : false,
    "display" : "text",
    "min" : 0,
    "step" : 1,
    "type" : "number",
    "display_width" : null,
    "default" : 8
  } ],
  "tab" : "CONTENT",
  "expanded" : true,
  "group_occurrence_meta" : null,
  "type" : "group",
  "display_width" : null,
  "default" : {
    "dots" : false,
    "arrows" : false,
    "autoplay" : true,
    "autoscroll" : true,
    "scroll_speed" : 0.25,
    "autoplay_speed" : 6,
    "logos_to_show" : 8
  }
} ]