[ {
  "id" : "link",
  "name" : "link",
  "label" : "Button link",
  "required" : false,
  "locked" : false,
  "supported_types" : [ "EXTERNAL", "CONTENT", "FILE", "EMAIL_ADDRESS", "CALL_TO_ACTION" ],
  "show_advanced_rel_options" : false,
  "type" : "link",
  "display_width" : null,
  "default" : {
    "url" : {
      "href" : "",
      "type" : "EXTERNAL"
    },
    "no_follow" : false,
    "open_in_new_tab" : false
  }
}, {
  "id" : "button_text",
  "name" : "button_text",
  "label" : "Button text",
  "required" : true,
  "locked" : false,
  "validation_regex" : "",
  "allow_new_line" : false,
  "show_emoji_picker" : false,
  "type" : "text",
  "display_width" : null,
  "default" : "Add a button link here"
}, {
  "id" : "styles",
  "name" : "styles",
  "label" : "Styles",
  "required" : false,
  "locked" : false,
  "children" : [ {
    "id" : "styles.text",
    "name" : "text",
    "label" : "Text",
    "required" : false,
    "locked" : false,
    "children" : [ {
      "id" : "styles.text.font",
      "name" : "font",
      "label" : "Font",
      "required" : false,
      "locked" : false,
      "load_external_fonts" : true,
      "type" : "font",
      "display_width" : null,
      "default" : {
        "font" : null,
        "font_set" : "DEFAULT",
        "styles" : null,
        "size" : null,
        "size_unit" : null,
        "color" : null,
        "variant" : null,
        "fallback" : null,
        "style" : null
      }
    } ],
    "tab" : "STYLE",
    "expanded" : false,
    "group_occurrence_meta" : null,
    "type" : "group",
    "display_width" : null
  }, {
    "id" : "styles.background",
    "name" : "background",
    "label" : "Background",
    "required" : false,
    "locked" : false,
    "children" : [ {
      "id" : "styles.background.color",
      "name" : "color",
      "label" : "Color",
      "required" : false,
      "locked" : false,
      "type" : "color",
      "display_width" : null,
      "default" : {
        "color" : null,
        "opacity" : null,
        "rgba" : null,
        "rgb" : null,
        "hex" : null
      }
    } ],
    "tab" : "STYLE",
    "expanded" : false,
    "group_occurrence_meta" : null,
    "type" : "group",
    "display_width" : null
  }, {
    "id" : "styles.border",
    "name" : "border",
    "label" : "Border",
    "required" : false,
    "locked" : false,
    "children" : [ {
      "id" : "styles.border.border",
      "name" : "border",
      "label" : "Border",
      "required" : false,
      "locked" : false,
      "allow_custom_border_sides" : false,
      "type" : "border",
      "display_width" : null,
      "default" : { }
    } ],
    "tab" : "STYLE",
    "expanded" : false,
    "group_occurrence_meta" : null,
    "type" : "group",
    "display_width" : null
  }, {
    "id" : "styles.corner",
    "name" : "corner",
    "label" : "Corner",
    "required" : false,
    "locked" : false,
    "children" : [ {
      "id" : "styles.corner.radius",
      "name" : "radius",
      "label" : "Radius",
      "required" : false,
      "locked" : false,
      "display" : "text",
      "max" : 100,
      "step" : 1,
      "suffix" : "px",
      "type" : "number",
      "display_width" : null
    } ],
    "tab" : "STYLE",
    "expanded" : false,
    "group_occurrence_meta" : null,
    "type" : "group",
    "display_width" : null
  }, {
    "id" : "styles.spacing",
    "name" : "spacing",
    "label" : "Spacing",
    "required" : false,
    "locked" : false,
    "children" : [ {
      "id" : "styles.spacing.spacing",
      "name" : "spacing",
      "label" : "Spacing",
      "required" : false,
      "locked" : false,
      "type" : "spacing",
      "display_width" : null,
      "default" : { }
    } ],
    "tab" : "STYLE",
    "expanded" : false,
    "group_occurrence_meta" : null,
    "type" : "group",
    "display_width" : null
  }, {
    "id" : "styles.alignment",
    "name" : "alignment",
    "label" : "Alignment",
    "required" : false,
    "locked" : false,
    "children" : [ {
      "id" : "styles.alignment.alignment",
      "name" : "alignment",
      "label" : "Alignment",
      "required" : false,
      "locked" : false,
      "alignment_direction" : "HORIZONTAL",
      "type" : "alignment",
      "display_width" : null,
      "default" : { }
    } ],
    "tab" : "STYLE",
    "expanded" : false,
    "group_occurrence_meta" : null,
    "type" : "group",
    "display_width" : null
  } ],
  "tab" : "STYLE",
  "expanded" : false,
  "group_occurrence_meta" : null,
  "type" : "group",
  "display_width" : null
} ]