{
  "global" : false,
  "content_types" : [ "LANDING_PAGE", "SITE_PAGE", "BLOG_LISTING", "BLOG_POST" ],
  "inline_help_text" : "<a href='https://docs.sprocketrocket.co/'>Support</a> | <a href='https://docs.sprocketrocket.co/modules/columns/sr-one-col-01'>Documentation</a>",
  "host_template_types" : [ "PAGE", "BLOG_POST", "BLOG_LISTING" ],
  "module_id" : 186393158718,
  "label" : "ALTO One Col 01",
  "icon" : "https://www.sprocketrocket.co/hubfs/sr-assets/icons/sr-icon-columns.svg",
  "is_available_for_new_content" : true
}