[ {
  "picker" : "video",
  "id" : "background_video",
  "name" : "background_video",
  "label" : "Background Video",
  "help_text" : "Add multiple file formats in order to provide compatibility with a broad range of browsers",
  "required" : false,
  "locked" : false,
  "occurrence" : {
    "min" : 0,
    "max" : null,
    "sorting_label_field" : null,
    "default" : 1
  },
  "visibility" : {
    "controlling_field" : "design_settings.background_option",
    "controlling_field_path" : null,
    "controlling_value_regex" : "video",
    "property" : null,
    "operator" : "EQUAL",
    "access" : null
  },
  "type" : "file",
  "display_width" : null,
  "default" : [ "https://www.lean-labs.com/hubfs/sr-assets/videos/sr-bg-video.mp4" ]
}, {
  "picker" : "video",
  "id" : "background_video_md",
  "name" : "background_video_md",
  "label" : "Background Video Tablet",
  "help_text" : "This background video will only be used on tablet devices",
  "required" : false,
  "locked" : false,
  "occurrence" : {
    "min" : 0,
    "max" : null,
    "sorting_label_field" : null,
    "default" : 1
  },
  "visibility_rules" : "ADVANCED",
  "advanced_visibility" : {
    "boolean_operator" : "AND",
    "criteria" : [ {
      "controlling_field" : null,
      "controlling_field_path" : "design_settings.responsive_settings.mobile.mobile_background_option",
      "controlling_value_regex" : "custom",
      "property" : null,
      "operator" : "EQUAL",
      "access" : null
    }, {
      "controlling_field" : null,
      "controlling_field_path" : "design_settings.background_option",
      "controlling_value_regex" : "video",
      "property" : null,
      "operator" : "MATCHES_REGEX",
      "access" : null
    } ],
    "children" : [ ]
  },
  "type" : "file",
  "display_width" : null
}, {
  "picker" : "video",
  "id" : "background_video_sm",
  "name" : "background_video_sm",
  "label" : "Background Video Mobile",
  "help_text" : "This background video will only be used on mobile devices",
  "required" : false,
  "locked" : false,
  "occurrence" : {
    "min" : 0,
    "max" : null,
    "sorting_label_field" : null,
    "default" : 1
  },
  "visibility_rules" : "ADVANCED",
  "advanced_visibility" : {
    "boolean_operator" : "AND",
    "criteria" : [ {
      "controlling_field" : null,
      "controlling_field_path" : "design_settings.responsive_settings.mobile.mobile_background_option",
      "controlling_value_regex" : "custom",
      "property" : null,
      "operator" : "EQUAL",
      "access" : null
    }, {
      "controlling_field" : null,
      "controlling_field_path" : "design_settings.background_option",
      "controlling_value_regex" : "video",
      "property" : null,
      "operator" : "MATCHES_REGEX",
      "access" : null
    } ],
    "children" : [ ]
  },
  "type" : "file",
  "display_width" : null
}, {
  "id" : "enabled",
  "name" : "enabled",
  "label" : "Enabled",
  "required" : false,
  "locked" : false,
  "display" : "checkbox",
  "type" : "boolean",
  "display_width" : null,
  "default" : true
}, {
  "id" : "sr_module_id",
  "name" : "sr_module_id",
  "label" : "ID",
  "help_text" : "Assign a ID to the module",
  "required" : false,
  "locked" : false,
  "validation_regex" : "",
  "allow_new_line" : false,
  "show_emoji_picker" : false,
  "type" : "text",
  "display_width" : "half_width"
}, {
  "id" : "class",
  "name" : "class",
  "label" : "Class",
  "help_text" : "Assign a CLASS to the module",
  "required" : false,
  "locked" : false,
  "validation_regex" : "",
  "allow_new_line" : false,
  "show_emoji_picker" : false,
  "type" : "text",
  "display_width" : "half_width"
}, {
  "id" : "design_settings",
  "name" : "design_settings",
  "label" : "Design Settings",
  "required" : false,
  "locked" : false,
  "children" : [ {
    "id" : "design_settings.layout",
    "name" : "layout",
    "label" : "Layout",
    "help_text" : "",
    "required" : true,
    "locked" : false,
    "display" : "select",
    "choices" : [ [ "container", "Default" ], [ "container container-small", "Small" ], [ "container container-large", "Large" ], [ "container-fluid", "Full Width" ] ],
    "multiple" : false,
    "reordering_enabled" : true,
    "preset" : null,
    "type" : "choice",
    "display_width" : null,
    "default" : "container"
  }, {
    "id" : "design_settings.container_width",
    "name" : "container_width",
    "label" : "Container Width",
    "help_text" : "<strong>Maximum:</strong> 100% of the container<br><br>\n<strong>Wide:</strong> 83% of the container<br><br>\n<strong>Narrow:</strong> 66% of the container<br><br>\n<strong>Minimum:</strong> 50% of the container",
    "required" : true,
    "locked" : false,
    "display" : "select",
    "choices" : [ [ "min", "Minimum" ], [ "narrow", "Narrow" ], [ "wide", "Wide" ], [ "max", "Maximum" ] ],
    "multiple" : false,
    "reordering_enabled" : true,
    "preset" : null,
    "type" : "choice",
    "display_width" : null,
    "default" : "max"
  }, {
    "id" : "design_settings.top_bottom_padding",
    "name" : "top_bottom_padding",
    "label" : "Top Bottom Padding",
    "help_text" : "<strong>Use default values:</strong> Uses any inherit padding values<br><br><strong>No Padding:</strong> Set padding to 0<br><br><strong>Small:</strong> Uses a preset small padding<br><br><strong>Large:</strong> Uses a preset large padding<br><br><strong>Custom:</strong> Custom padding",
    "required" : true,
    "locked" : false,
    "display" : "select",
    "choices" : [ [ "auto", "Use default values" ], [ "zero", "No Padding" ], [ "half", "Small padding" ], [ "full", "Large padding" ], [ "custom", "Custom padding" ] ],
    "multiple" : false,
    "reordering_enabled" : true,
    "preset" : null,
    "type" : "choice",
    "display_width" : null,
    "default" : "custom"
  }, {
    "id" : "design_settings.spacing",
    "name" : "spacing",
    "label" : "Spacing",
    "required" : false,
    "locked" : false,
    "visibility" : {
      "controlling_field" : "design_settings.top_bottom_padding",
      "controlling_field_path" : null,
      "controlling_value_regex" : "custom",
      "property" : null,
      "operator" : "EQUAL",
      "access" : null
    },
    "type" : "spacing",
    "display_width" : null,
    "default" : {
      "margin" : {
        "top" : {
          "units" : "rem",
          "value" : 0
        },
        "bottom" : {
          "units" : "rem",
          "value" : 20
        }
      },
      "padding" : {
        "top" : {
          "units" : "rem",
          "value" : 6.25
        },
        "left" : {
          "units" : "rem",
          "value" : 0
        },
        "right" : {
          "units" : "rem",
          "value" : 0
        },
        "bottom" : {
          "units" : "rem",
          "value" : 6.25
        }
      }
    }
  }, {
    "id" : "design_settings.background_option",
    "name" : "background_option",
    "label" : "Background Option",
    "inline_help_text" : "For the <strong>Video</strong> option, return to the <strong>🖉 Content</strong> tab to edit the video source",
    "required" : true,
    "locked" : false,
    "display" : "select",
    "choices" : [ [ "image", "Image" ], [ "video", "Video" ], [ "color", "Color" ], [ "custom", "Custom" ], [ "gradient", "Gradient" ] ],
    "multiple" : false,
    "reordering_enabled" : true,
    "preset" : null,
    "type" : "choice",
    "display_width" : null,
    "default" : "color"
  }, {
    "id" : "design_settings.background_image",
    "name" : "background_image",
    "label" : "Background Image",
    "help_text" : "Source for background image or before the video loads",
    "required" : false,
    "locked" : false,
    "visibility" : {
      "controlling_field" : "design_settings.background_option",
      "controlling_field_path" : null,
      "controlling_value_regex" : "image|video",
      "property" : null,
      "operator" : "MATCHES_REGEX",
      "access" : null
    },
    "type" : "backgroundimage",
    "display_width" : null,
    "default" : {
      "src" : "https://www.lean-labs.com/hubfs/sr-assets/pattern-library/sr-hero-01/sr-hero-01-v2.jpg",
      "background_size" : "cover",
      "background_position" : "MIDDLE_CENTER"
    }
  }, {
    "id" : "design_settings.background_overlay_color",
    "name" : "background_overlay_color",
    "label" : "Background Overlay Color",
    "help_text" : "Overlay color on top of the image/video",
    "required" : false,
    "locked" : false,
    "visibility" : {
      "controlling_field" : "design_settings.background_option",
      "controlling_field_path" : null,
      "controlling_value_regex" : "image|video",
      "property" : null,
      "operator" : "MATCHES_REGEX",
      "access" : null
    },
    "type" : "color",
    "display_width" : null,
    "default" : {
      "color" : "#343a40",
      "opacity" : 30
    }
  }, {
    "id" : "design_settings.background_color",
    "name" : "background_color",
    "label" : "Background Color",
    "required" : true,
    "locked" : false,
    "visibility" : {
      "controlling_field" : "design_settings.background_option",
      "controlling_field_path" : null,
      "controlling_value_regex" : "color",
      "property" : null,
      "operator" : "EQUAL",
      "access" : null
    },
    "display" : "select",
    "choices" : [ [ "primary", "Primary" ], [ "secondary", "Secondary" ], [ "tertiary", "Tertiary" ], [ "white", "White" ], [ "black", "Black" ], [ "dark", "Dark" ], [ "light", "Light" ], [ "success", "Success" ], [ "info", "Info" ], [ "warning", "Warning" ], [ "danger", "Danger" ], [ "gradient_one", "Gradient One" ], [ "gradient_two", "Gradient Two" ], [ "none", "None" ] ],
    "multiple" : false,
    "reordering_enabled" : true,
    "preset" : null,
    "type" : "choice",
    "display_width" : null,
    "default" : "black"
  }, {
    "id" : "design_settings.background_custom",
    "name" : "background_custom",
    "label" : "Background Color",
    "help_text" : "For transparent images or before the image/video loads",
    "required" : false,
    "locked" : false,
    "visibility" : {
      "controlling_field" : "design_settings.background_option",
      "controlling_field_path" : null,
      "controlling_value_regex" : "custom|image|video",
      "property" : null,
      "operator" : "MATCHES_REGEX",
      "access" : null
    },
    "type" : "color",
    "display_width" : null,
    "default" : {
      "color" : "#fff",
      "opacity" : 100
    }
  }, {
    "id" : "design_settings.background_gradient",
    "name" : "background_gradient",
    "label" : "Background Gradient",
    "required" : false,
    "locked" : false,
    "visibility" : {
      "controlling_field" : "design_settings.background_option",
      "controlling_field_path" : null,
      "controlling_value_regex" : "gradient",
      "property" : null,
      "operator" : "EQUAL",
      "access" : null
    },
    "type" : "gradient",
    "display_width" : null,
    "default" : {
      "colors" : [ {
        "color" : {
          "a" : 1,
          "b" : 255,
          "g" : 99,
          "r" : 12
        }
      }, {
        "color" : {
          "a" : 1,
          "b" : 255,
          "g" : 151,
          "r" : 24
        }
      } ],
      "side_or_corner" : {
        "verticalSide" : "TOP",
        "horizontalSide" : "LEFT"
      }
    }
  }, {
    "id" : "b2775136-cbf8-999c-2281-662e175a3ff5",
    "name" : "fixed_background",
    "label" : "Fixed Background",
    "required" : false,
    "locked" : false,
    "visibility" : {
      "controlling_field" : "design_settings.background_option",
      "controlling_field_path" : null,
      "controlling_value_regex" : "image",
      "property" : null,
      "operator" : "EQUAL",
      "access" : null
    },
    "display" : "toggle",
    "type" : "boolean",
    "display_width" : null,
    "default" : false
  }, {
    "id" : "design_settings.text_align",
    "name" : "text_align",
    "label" : "Text Align",
    "required" : false,
    "locked" : false,
    "type" : "textalignment",
    "display_width" : "half_width",
    "default" : { }
  }, {
    "id" : "design_settings.text_color",
    "name" : "text_color",
    "label" : "Text Color",
    "help_text" : "Set to <strong>Auto</strong> to use the default text color<br><br>Set to <strong>Custom</strong> to set a custom text color",
    "required" : true,
    "locked" : false,
    "display" : "select",
    "choices" : [ [ "auto", "Auto" ], [ "primary", "Primary" ], [ "secondary", "Secondary" ], [ "tertiary", "Tertiary" ], [ "white", "White" ], [ "black", "Black" ], [ "dark", "Dark" ], [ "light", "Light" ], [ "success", "Success" ], [ "info", "Info" ], [ "warning", "Warning" ], [ "danger", "Danger" ], [ "gradient_one", "Gradient One" ], [ "gradient_two", "Gradient Two" ], [ "custom", "Custom" ] ],
    "multiple" : false,
    "reordering_enabled" : true,
    "preset" : null,
    "type" : "choice",
    "display_width" : "half_width",
    "default" : "white"
  }, {
    "id" : "design_settings.text_color_custom",
    "name" : "text_color_custom",
    "label" : "Text Color",
    "required" : false,
    "locked" : false,
    "visibility" : {
      "controlling_field" : "design_settings.text_color",
      "controlling_field_path" : null,
      "controlling_value_regex" : "custom",
      "property" : null,
      "operator" : "EQUAL",
      "access" : null
    },
    "type" : "color",
    "display_width" : null,
    "default" : {
      "color" : "#87909e",
      "opacity" : 100
    }
  }, {
    "id" : "design_settings.border",
    "name" : "border",
    "label" : "Border",
    "required" : false,
    "locked" : false,
    "allow_custom_border_sides" : true,
    "type" : "border",
    "display_width" : null,
    "default" : {
      "top" : {
        "color" : "#e5e7ea",
        "style" : "solid",
        "width" : {
          "units" : "px",
          "value" : 0
        },
        "opacity" : 100
      },
      "bottom" : {
        "color" : "#e5e7ea",
        "style" : "solid",
        "width" : {
          "units" : "px",
          "value" : 0
        },
        "opacity" : 100
      }
    }
  }, {
    "id" : "design_settings.responsive_settings",
    "name" : "responsive_settings",
    "label" : "Responsive Settings",
    "required" : false,
    "locked" : false,
    "children" : [ {
      "id" : "design_settings.responsive_settings.tablet",
      "name" : "tablet",
      "label" : "Tablet",
      "inline_help_text" : "Breakpoint: 992px",
      "required" : false,
      "locked" : false,
      "children" : [ {
        "id" : "design_settings.responsive_settings.tablet.tablet_text_align",
        "name" : "tablet_text_align",
        "label" : "Text Align",
        "required" : false,
        "locked" : false,
        "type" : "textalignment",
        "display_width" : null,
        "default" : { }
      }, {
        "id" : "design_settings.responsive_settings.tablet.tablet_top_bottom_padding",
        "name" : "tablet_top_bottom_padding",
        "label" : "Top Bottom Padding",
        "required" : true,
        "locked" : false,
        "display" : "select",
        "choices" : [ [ "auto", "Use default values" ], [ "zero", "No Padding" ], [ "half", "Small padding" ], [ "full", "Large padding" ], [ "custom", "Custom Padding" ] ],
        "multiple" : false,
        "reordering_enabled" : true,
        "preset" : null,
        "type" : "choice",
        "display_width" : null,
        "default" : "custom"
      }, {
        "id" : "design_settings.responsive_settings.tablet.tablet_spacing",
        "name" : "tablet_spacing",
        "label" : "Tablet Spacing",
        "required" : false,
        "locked" : false,
        "visibility" : {
          "controlling_field" : "design_settings.responsive_settings.tablet.tablet_top_bottom_padding",
          "controlling_field_path" : null,
          "controlling_value_regex" : "custom",
          "property" : null,
          "operator" : "EQUAL",
          "access" : null
        },
        "type" : "spacing",
        "display_width" : null,
        "default" : {
          "margin" : {
            "top" : {
              "units" : "rem",
              "value" : 0
            },
            "bottom" : {
              "units" : "rem",
              "value" : 0
            }
          },
          "padding" : {
            "top" : {
              "units" : "rem",
              "value" : 3.25
            },
            "left" : {
              "units" : "rem",
              "value" : 0
            },
            "right" : {
              "units" : "rem",
              "value" : 0
            },
            "bottom" : {
              "units" : "rem",
              "value" : 3.25
            }
          }
        }
      }, {
        "id" : "design_settings.responsive_settings.tablet.tablet_background_option",
        "name" : "tablet_background_option",
        "label" : "Background Option",
        "inline_help_text" : "For the <strong>Video</strong> option, return to the <strong>🖉 Content</strong> tab to edit the video source",
        "required" : true,
        "locked" : false,
        "display" : "select",
        "choices" : [ [ "auto", "Auto" ], [ "custom", "Custom" ] ],
        "multiple" : false,
        "reordering_enabled" : true,
        "preset" : null,
        "type" : "choice",
        "display_width" : null,
        "default" : "auto"
      }, {
        "id" : "design_settings.responsive_settings.tablet.tablet_background_image",
        "name" : "tablet_background_image",
        "label" : "Background Image",
        "help_text" : "Source for background image or before the video loads",
        "required" : false,
        "locked" : false,
        "visibility_rules" : "ADVANCED",
        "advanced_visibility" : {
          "boolean_operator" : "AND",
          "criteria" : [ {
            "controlling_field" : null,
            "controlling_field_path" : "design_settings.responsive_settings.tablet.tablet_background_option",
            "controlling_value_regex" : "custom",
            "property" : null,
            "operator" : "EQUAL",
            "access" : null
          }, {
            "controlling_field" : null,
            "controlling_field_path" : "design_settings.background_option",
            "controlling_value_regex" : "image|video",
            "property" : null,
            "operator" : "MATCHES_REGEX",
            "access" : null
          } ],
          "children" : [ ]
        },
        "type" : "backgroundimage",
        "display_width" : null,
        "default" : {
          "src" : "https://www.lean-labs.com/hubfs/sr-assets/pattern-library/sr-hero-01/sr-hero-01-v2.jpg",
          "background_size" : "cover",
          "background_position" : "MIDDLE_CENTER"
        }
      }, {
        "id" : "design_settings.responsive_settings.tablet.tablet_background_overlay_color",
        "name" : "tablet_background_overlay_color",
        "label" : "Background Overlay Color",
        "help_text" : "Overlay color on top of the image/video",
        "required" : false,
        "locked" : false,
        "visibility_rules" : "ADVANCED",
        "advanced_visibility" : {
          "boolean_operator" : "AND",
          "criteria" : [ {
            "controlling_field" : null,
            "controlling_field_path" : "design_settings.responsive_settings.tablet.tablet_background_option",
            "controlling_value_regex" : "custom",
            "property" : null,
            "operator" : "EQUAL",
            "access" : null
          }, {
            "controlling_field" : null,
            "controlling_field_path" : "design_settings.background_option",
            "controlling_value_regex" : "image|video",
            "property" : null,
            "operator" : "MATCHES_REGEX",
            "access" : null
          } ],
          "children" : [ ]
        },
        "type" : "color",
        "display_width" : null,
        "default" : {
          "color" : "#343a40",
          "opacity" : 30
        }
      }, {
        "id" : "design_settings.responsive_settings.tablet.tablet_background_color",
        "name" : "tablet_background_color",
        "label" : "Background Color",
        "required" : true,
        "locked" : false,
        "visibility_rules" : "ADVANCED",
        "advanced_visibility" : {
          "boolean_operator" : "AND",
          "criteria" : [ {
            "controlling_field" : null,
            "controlling_field_path" : "design_settings.responsive_settings.tablet.tablet_background_option",
            "controlling_value_regex" : "custom",
            "property" : null,
            "operator" : "EQUAL",
            "access" : null
          }, {
            "controlling_field" : null,
            "controlling_field_path" : "design_settings.background_option",
            "controlling_value_regex" : "color",
            "property" : null,
            "operator" : "MATCHES_REGEX",
            "access" : null
          } ],
          "children" : [ ]
        },
        "display" : "select",
        "choices" : [ [ "primary", "Primary" ], [ "secondary", "Secondary" ], [ "tertiary", "Tertiary" ], [ "white", "White" ], [ "black", "Black" ], [ "dark", "Dark" ], [ "light", "Light" ], [ "success", "Success" ], [ "info", "Info" ], [ "warning", "Warning" ], [ "danger", "Danger" ], [ "none", "None" ] ],
        "multiple" : false,
        "reordering_enabled" : true,
        "preset" : null,
        "type" : "choice",
        "display_width" : null,
        "default" : "primary"
      }, {
        "id" : "design_settings.responsive_settings.tablet.tablet_background_custom",
        "name" : "tablet_background_custom",
        "label" : "Background Color",
        "help_text" : "For transparent images or before the image/video loads",
        "required" : false,
        "locked" : false,
        "visibility_rules" : "ADVANCED",
        "advanced_visibility" : {
          "boolean_operator" : "AND",
          "criteria" : [ {
            "controlling_field" : null,
            "controlling_field_path" : "design_settings.responsive_settings.tablet.tablet_background_option",
            "controlling_value_regex" : "custom",
            "property" : null,
            "operator" : "EQUAL",
            "access" : null
          }, {
            "controlling_field" : null,
            "controlling_field_path" : "design_settings.background_option",
            "controlling_value_regex" : "custom|image|video",
            "property" : null,
            "operator" : "MATCHES_REGEX",
            "access" : null
          } ],
          "children" : [ ]
        },
        "type" : "color",
        "display_width" : null,
        "default" : {
          "color" : "#fff",
          "opacity" : 100
        }
      }, {
        "id" : "design_settings.responsive_settings.tablet.tablet_background_gradient",
        "name" : "tablet_background_gradient",
        "label" : "Background Gradient",
        "required" : false,
        "locked" : false,
        "visibility_rules" : "ADVANCED",
        "advanced_visibility" : {
          "boolean_operator" : "AND",
          "criteria" : [ {
            "controlling_field" : null,
            "controlling_field_path" : "design_settings.responsive_settings.tablet.tablet_background_option",
            "controlling_value_regex" : "custom",
            "property" : null,
            "operator" : "EQUAL",
            "access" : null
          }, {
            "controlling_field" : null,
            "controlling_field_path" : "design_settings.background_option",
            "controlling_value_regex" : "gradient",
            "property" : null,
            "operator" : "MATCHES_REGEX",
            "access" : null
          } ],
          "children" : [ ]
        },
        "type" : "gradient",
        "display_width" : null,
        "default" : {
          "colors" : [ {
            "color" : {
              "a" : 1,
              "b" : 255,
              "g" : 99,
              "r" : 12
            }
          }, {
            "color" : {
              "a" : 1,
              "b" : 255,
              "g" : 151,
              "r" : 24
            }
          } ],
          "side_or_corner" : {
            "verticalSide" : "TOP",
            "horizontalSide" : "LEFT"
          }
        }
      }, {
        "id" : "design_settings.responsive_settings.tablet.tablet_fixed_background",
        "name" : "tablet_fixed_background",
        "label" : "Fixed Background",
        "required" : false,
        "locked" : false,
        "visibility_rules" : "ADVANCED",
        "advanced_visibility" : {
          "boolean_operator" : "AND",
          "criteria" : [ {
            "controlling_field" : null,
            "controlling_field_path" : "design_settings.responsive_settings.tablet.tablet_background_option",
            "controlling_value_regex" : "custom",
            "property" : null,
            "operator" : "EQUAL",
            "access" : null
          }, {
            "controlling_field" : null,
            "controlling_field_path" : "design_settings.background_option",
            "controlling_value_regex" : "image|video",
            "property" : null,
            "operator" : "MATCHES_REGEX",
            "access" : null
          } ],
          "children" : [ ]
        },
        "display" : "toggle",
        "type" : "boolean",
        "display_width" : null,
        "default" : false
      } ],
      "tab" : "STYLE",
      "expanded" : true,
      "group_occurrence_meta" : null,
      "type" : "group",
      "display_width" : null,
      "default" : {
        "tablet_background_color" : "primary",
        "tablet_background_image" : {
          "src" : "https://www.lean-labs.com/hubfs/sr-assets/pattern-library/sr-hero-01/sr-hero-01-v2.jpg",
          "background_size" : "cover",
          "background_position" : "MIDDLE_CENTER"
        },
        "tablet_fixed_background" : false,
        "tablet_background_custom" : {
          "color" : "#fff",
          "opacity" : 100
        },
        "tablet_background_option" : "auto",
        "tablet_background_gradient" : {
          "colors" : [ {
            "color" : {
              "a" : 1,
              "b" : 255,
              "g" : 99,
              "r" : 12
            }
          }, {
            "color" : {
              "a" : 1,
              "b" : 255,
              "g" : 151,
              "r" : 24
            }
          } ],
          "side_or_corner" : {
            "verticalSide" : "TOP",
            "horizontalSide" : "LEFT"
          }
        },
        "tablet_background_overlay_color" : {
          "color" : "#343a40",
          "opacity" : 30
        }
      }
    }, {
      "id" : "design_settings.responsive_settings.mobile",
      "name" : "mobile",
      "label" : "Mobile",
      "inline_help_text" : "Breakpoint: 768px",
      "required" : false,
      "locked" : false,
      "children" : [ {
        "id" : "design_settings.responsive_settings.mobile.mobile_text_align",
        "name" : "mobile_text_align",
        "label" : "Text Align",
        "required" : false,
        "locked" : false,
        "type" : "textalignment",
        "display_width" : null,
        "default" : { }
      }, {
        "id" : "design_settings.responsive_settings.mobile.mobile_top_bottom_padding",
        "name" : "mobile_top_bottom_padding",
        "label" : "Top Bottom Padding",
        "required" : true,
        "locked" : false,
        "display" : "select",
        "choices" : [ [ "auto", "Use default values" ], [ "zero", "No Padding" ], [ "half", "Small padding" ], [ "full", "Large padding" ], [ "custom", "Custom Padding" ] ],
        "multiple" : false,
        "reordering_enabled" : true,
        "preset" : null,
        "type" : "choice",
        "display_width" : null,
        "default" : "custom"
      }, {
        "id" : "design_settings.responsive_settings.mobile.mobile_spacing",
        "name" : "mobile_spacing",
        "label" : "Mobile Spacing",
        "required" : false,
        "locked" : false,
        "visibility" : {
          "controlling_field" : "design_settings.responsive_settings.mobile.mobile_top_bottom_padding",
          "controlling_field_path" : null,
          "controlling_value_regex" : "custom",
          "property" : null,
          "operator" : "EQUAL",
          "access" : null
        },
        "type" : "spacing",
        "display_width" : null,
        "default" : {
          "margin" : {
            "top" : {
              "units" : "rem",
              "value" : 0
            },
            "bottom" : {
              "units" : "rem",
              "value" : 0
            }
          },
          "padding" : {
            "top" : {
              "units" : "rem",
              "value" : 6.25
            },
            "left" : {
              "units" : "rem",
              "value" : 0
            },
            "right" : {
              "units" : "rem",
              "value" : 0
            },
            "bottom" : {
              "units" : "rem",
              "value" : 6.25
            }
          }
        }
      }, {
        "id" : "design_settings.responsive_settings.mobile.mobile_background_option",
        "name" : "mobile_background_option",
        "label" : "Background Option",
        "inline_help_text" : "For the <strong>Video</strong> option, return to the <strong>🖉 Content</strong> tab to edit the video source",
        "required" : true,
        "locked" : false,
        "display" : "select",
        "choices" : [ [ "auto", "Auto" ], [ "custom", "Custom" ] ],
        "multiple" : false,
        "reordering_enabled" : true,
        "preset" : null,
        "type" : "choice",
        "display_width" : null,
        "default" : "auto"
      }, {
        "id" : "design_settings.responsive_settings.mobile.mobile_background_image",
        "name" : "mobile_background_image",
        "label" : "Background Image",
        "help_text" : "Source for background image or before the video loads",
        "required" : false,
        "locked" : false,
        "visibility_rules" : "ADVANCED",
        "advanced_visibility" : {
          "boolean_operator" : "AND",
          "criteria" : [ {
            "controlling_field" : null,
            "controlling_field_path" : "design_settings.responsive_settings.mobile.mobile_background_option",
            "controlling_value_regex" : "custom",
            "property" : null,
            "operator" : "EQUAL",
            "access" : null
          }, {
            "controlling_field" : null,
            "controlling_field_path" : "design_settings.background_option",
            "controlling_value_regex" : "image|video",
            "property" : null,
            "operator" : "MATCHES_REGEX",
            "access" : null
          } ],
          "children" : [ ]
        },
        "type" : "backgroundimage",
        "display_width" : null,
        "default" : {
          "src" : "https://www.lean-labs.com/hubfs/sr-assets/pattern-library/sr-hero-01/sr-hero-01-v2.jpg",
          "background_size" : "cover",
          "background_position" : "MIDDLE_CENTER"
        }
      }, {
        "id" : "design_settings.responsive_settings.mobile.mobile_background_overlay_color",
        "name" : "mobile_background_overlay_color",
        "label" : "Background Overlay Color",
        "help_text" : "Overlay color on top of the image/video",
        "required" : false,
        "locked" : false,
        "visibility_rules" : "ADVANCED",
        "advanced_visibility" : {
          "boolean_operator" : "AND",
          "criteria" : [ {
            "controlling_field" : null,
            "controlling_field_path" : "design_settings.responsive_settings.mobile.mobile_background_option",
            "controlling_value_regex" : "custom",
            "property" : null,
            "operator" : "EQUAL",
            "access" : null
          }, {
            "controlling_field" : null,
            "controlling_field_path" : "design_settings.background_option",
            "controlling_value_regex" : "image|video",
            "property" : null,
            "operator" : "MATCHES_REGEX",
            "access" : null
          } ],
          "children" : [ ]
        },
        "type" : "color",
        "display_width" : null,
        "default" : {
          "color" : "#343a40",
          "opacity" : 30
        }
      }, {
        "id" : "design_settings.responsive_settings.mobile.mobile_background_color",
        "name" : "mobile_background_color",
        "label" : "Background Color",
        "required" : true,
        "locked" : false,
        "visibility_rules" : "ADVANCED",
        "advanced_visibility" : {
          "boolean_operator" : "AND",
          "criteria" : [ {
            "controlling_field" : null,
            "controlling_field_path" : "design_settings.responsive_settings.mobile.mobile_background_option",
            "controlling_value_regex" : "custom",
            "property" : null,
            "operator" : "EQUAL",
            "access" : null
          }, {
            "controlling_field" : null,
            "controlling_field_path" : "design_settings.background_option",
            "controlling_value_regex" : "color",
            "property" : null,
            "operator" : "MATCHES_REGEX",
            "access" : null
          } ],
          "children" : [ ]
        },
        "display" : "select",
        "choices" : [ [ "primary", "Primary" ], [ "secondary", "Secondary" ], [ "tertiary", "Tertiary" ], [ "white", "White" ], [ "black", "Black" ], [ "dark", "Dark" ], [ "light", "Light" ], [ "success", "Success" ], [ "info", "Info" ], [ "warning", "Warning" ], [ "danger", "Danger" ], [ "none", "None" ] ],
        "multiple" : false,
        "reordering_enabled" : true,
        "preset" : null,
        "type" : "choice",
        "display_width" : null,
        "default" : "primary"
      }, {
        "id" : "design_settings.responsive_settings.mobile.mobile_background_custom",
        "name" : "mobile_background_custom",
        "label" : "Background Color",
        "help_text" : "For transparent images or before the image/video loads",
        "required" : false,
        "locked" : false,
        "visibility_rules" : "ADVANCED",
        "advanced_visibility" : {
          "boolean_operator" : "AND",
          "criteria" : [ {
            "controlling_field" : null,
            "controlling_field_path" : "design_settings.responsive_settings.mobile.mobile_background_option",
            "controlling_value_regex" : "custom",
            "property" : null,
            "operator" : "EQUAL",
            "access" : null
          }, {
            "controlling_field" : null,
            "controlling_field_path" : "design_settings.background_option",
            "controlling_value_regex" : "custom|image|video",
            "property" : null,
            "operator" : "MATCHES_REGEX",
            "access" : null
          } ],
          "children" : [ ]
        },
        "type" : "color",
        "display_width" : null,
        "default" : {
          "color" : "#fff",
          "opacity" : 100
        }
      }, {
        "id" : "design_settings.responsive_settings.mobile.mobile_background_gradient",
        "name" : "mobile_background_gradient",
        "label" : "Background Gradient",
        "required" : false,
        "locked" : false,
        "visibility_rules" : "ADVANCED",
        "advanced_visibility" : {
          "boolean_operator" : "AND",
          "criteria" : [ {
            "controlling_field" : null,
            "controlling_field_path" : "design_settings.responsive_settings.mobile.mobile_background_option",
            "controlling_value_regex" : "custom",
            "property" : null,
            "operator" : "EQUAL",
            "access" : null
          }, {
            "controlling_field" : null,
            "controlling_field_path" : "design_settings.background_option",
            "controlling_value_regex" : "gradient",
            "property" : null,
            "operator" : "MATCHES_REGEX",
            "access" : null
          } ],
          "children" : [ ]
        },
        "type" : "gradient",
        "display_width" : null,
        "default" : {
          "colors" : [ {
            "color" : {
              "a" : 1,
              "b" : 255,
              "g" : 99,
              "r" : 12
            }
          }, {
            "color" : {
              "a" : 1,
              "b" : 255,
              "g" : 151,
              "r" : 24
            }
          } ],
          "side_or_corner" : {
            "verticalSide" : "TOP",
            "horizontalSide" : "LEFT"
          }
        }
      } ],
      "tab" : "STYLE",
      "expanded" : true,
      "group_occurrence_meta" : null,
      "type" : "group",
      "display_width" : null,
      "default" : {
        "mobile_background_color" : "primary",
        "mobile_background_image" : {
          "src" : "https://www.lean-labs.com/hubfs/sr-assets/pattern-library/sr-hero-01/sr-hero-01-v2.jpg",
          "background_size" : "cover",
          "background_position" : "MIDDLE_CENTER"
        },
        "mobile_background_custom" : {
          "color" : "#fff",
          "opacity" : 100
        },
        "mobile_background_option" : "auto",
        "mobile_background_gradient" : {
          "colors" : [ {
            "color" : {
              "a" : 1,
              "b" : 255,
              "g" : 99,
              "r" : 12
            }
          }, {
            "color" : {
              "a" : 1,
              "b" : 255,
              "g" : 151,
              "r" : 24
            }
          } ],
          "side_or_corner" : {
            "verticalSide" : "TOP",
            "horizontalSide" : "LEFT"
          }
        },
        "mobile_background_overlay_color" : {
          "color" : "#343a40",
          "opacity" : 30
        }
      }
    } ],
    "tab" : "STYLE",
    "expanded" : false,
    "group_occurrence_meta" : null,
    "type" : "group",
    "display_width" : null,
    "default" : {
      "mobile" : {
        "mobile_spacing" : {
          "margin" : {
            "top" : {
              "units" : "rem",
              "value" : 0
            },
            "bottom" : {
              "units" : "rem",
              "value" : 0
            }
          },
          "padding" : {
            "top" : {
              "units" : "rem",
              "value" : 6.25
            },
            "left" : {
              "units" : "rem",
              "value" : 0
            },
            "right" : {
              "units" : "rem",
              "value" : 0
            },
            "bottom" : {
              "units" : "rem",
              "value" : 6.25
            }
          }
        },
        "mobile_text_align" : null,
        "mobile_top_bottom_padding" : "custom"
      },
      "tablet" : {
        "tablet_spacing" : {
          "margin" : {
            "top" : {
              "units" : "rem",
              "value" : 0
            },
            "bottom" : {
              "units" : "rem",
              "value" : 0
            }
          },
          "padding" : {
            "top" : {
              "units" : "rem",
              "value" : 3.25
            },
            "left" : {
              "units" : "rem",
              "value" : 0
            },
            "right" : {
              "units" : "rem",
              "value" : 0
            },
            "bottom" : {
              "units" : "rem",
              "value" : 3.25
            }
          }
        },
        "tablet_text_align" : null,
        "tablet_top_bottom_padding" : "custom"
      }
    }
  } ],
  "tab" : "STYLE",
  "expanded" : false,
  "group_occurrence_meta" : null,
  "type" : "group",
  "display_width" : null,
  "default" : {
    "border" : {
      "top" : {
        "color" : "#e5e7ea",
        "style" : "solid",
        "width" : {
          "units" : "px",
          "value" : 0
        },
        "opacity" : 100
      },
      "bottom" : {
        "color" : "#e5e7ea",
        "style" : "solid",
        "width" : {
          "units" : "px",
          "value" : 0
        },
        "opacity" : 100
      }
    },
    "layout" : "container",
    "spacing" : {
      "margin" : {
        "top" : {
          "units" : "rem",
          "value" : 0
        },
        "bottom" : {
          "units" : "rem",
          "value" : 0
        }
      },
      "padding" : {
        "top" : {
          "units" : "rem",
          "value" : 6.25
        },
        "left" : {
          "units" : "rem",
          "value" : 0
        },
        "right" : {
          "units" : "rem",
          "value" : 0
        },
        "bottom" : {
          "units" : "rem",
          "value" : 6.25
        }
      }
    },
    "text_align" : null,
    "text_color" : "white",
    "container_width" : "max",
    "background_color" : "black",
    "background_image" : {
      "src" : "https://www.lean-labs.com/hubfs/sr-assets/pattern-library/sr-hero-01/sr-hero-01-v2.jpg",
      "background_size" : "cover",
      "background_position" : "MIDDLE_CENTER"
    },
    "fixed_background" : false,
    "background_custom" : {
      "color" : "#fff",
      "opacity" : 100
    },
    "background_option" : "color",
    "text_color_custom" : {
      "color" : "#87909e",
      "opacity" : 100
    },
    "top_bottom_padding" : "custom",
    "background_gradient" : {
      "colors" : [ {
        "color" : {
          "a" : 1,
          "b" : 255,
          "g" : 99,
          "r" : 12
        }
      }, {
        "color" : {
          "a" : 1,
          "b" : 255,
          "g" : 151,
          "r" : 24
        }
      } ],
      "side_or_corner" : {
        "verticalSide" : "TOP",
        "horizontalSide" : "LEFT"
      }
    },
    "responsive_settings" : {
      "mobile" : {
        "mobile_spacing" : {
          "margin" : {
            "top" : {
              "units" : "rem",
              "value" : 0
            },
            "bottom" : {
              "units" : "rem",
              "value" : 0
            }
          },
          "padding" : {
            "top" : {
              "units" : "rem",
              "value" : 6.25
            },
            "left" : {
              "units" : "rem",
              "value" : 0
            },
            "right" : {
              "units" : "rem",
              "value" : 0
            },
            "bottom" : {
              "units" : "rem",
              "value" : 6.25
            }
          }
        },
        "mobile_text_align" : null,
        "mobile_top_bottom_padding" : "custom"
      },
      "tablet" : {
        "tablet_spacing" : {
          "margin" : {
            "top" : {
              "units" : "rem",
              "value" : 0
            },
            "bottom" : {
              "units" : "rem",
              "value" : 0
            }
          },
          "padding" : {
            "top" : {
              "units" : "rem",
              "value" : 3.25
            },
            "left" : {
              "units" : "rem",
              "value" : 0
            },
            "right" : {
              "units" : "rem",
              "value" : 0
            },
            "bottom" : {
              "units" : "rem",
              "value" : 3.25
            }
          }
        },
        "tablet_text_align" : null,
        "tablet_top_bottom_padding" : "custom"
      }
    },
    "background_overlay_color" : {
      "color" : "#343a40",
      "opacity" : 30
    }
  }
}, {
  "id" : "heading",
  "name" : "heading",
  "label" : "Heading",
  "required" : false,
  "locked" : false,
  "occurrence" : {
    "min" : 0,
    "max" : null,
    "sorting_label_field" : null,
    "default" : 1
  },
  "children" : [ {
    "id" : "heading.heading",
    "name" : "heading",
    "label" : "Heading",
    "required" : false,
    "locked" : false,
    "validation_regex" : "",
    "allow_new_line" : false,
    "show_emoji_picker" : false,
    "type" : "text",
    "display_width" : null,
    "default" : "Choose your Preset. Installed in 24 hours or less."
  }, {
    "id" : "heading.heading_size",
    "name" : "heading_size",
    "label" : "Size",
    "help_text" : "HTML heading size",
    "required" : true,
    "locked" : false,
    "display" : "select",
    "choices" : [ [ "h1", "H1" ], [ "h2", "H2" ], [ "h3", "H3" ], [ "h4", "H4" ], [ "h5", "H5" ], [ "h6", "H6" ], [ "p", "P" ] ],
    "multiple" : false,
    "reordering_enabled" : true,
    "preset" : null,
    "type" : "choice",
    "display_width" : "half_width",
    "default" : "h3"
  }, {
    "id" : "heading.heading_display_size",
    "name" : "heading_display_size",
    "label" : "Display Size",
    "help_text" : "Size that heading is displayed at",
    "required" : true,
    "locked" : false,
    "display" : "select",
    "choices" : [ [ "auto", "Auto" ], [ "h1", "H1" ], [ "h2", "H2" ], [ "h3", "H3" ], [ "h4", "H4" ], [ "h5", "H5" ], [ "h6", "H6" ], [ "p", "P" ], [ "display-4", "L" ], [ "display-3", "XL" ], [ "display-2", "XXL" ], [ "display-1", "XXXL" ] ],
    "multiple" : false,
    "reordering_enabled" : true,
    "preset" : null,
    "type" : "choice",
    "display_width" : "half_width",
    "default" : "auto"
  }, {
    "id" : "heading.heading_color",
    "name" : "heading_color",
    "label" : "Color",
    "required" : true,
    "locked" : false,
    "display" : "select",
    "choices" : [ [ "auto", "Auto" ], [ "primary", "Primary" ], [ "secondary", "Secondary" ], [ "tertiary", "Tertiary" ], [ "white", "White" ], [ "black", "Black" ], [ "dark", "Dark" ], [ "light", "Light" ], [ "success", "Success" ], [ "info", "Info" ], [ "warning", "Warning" ], [ "danger", "Danger" ], [ "gradient_one", "Gradient One" ], [ "gradient_two", "Gradient Two" ], [ "custom", "Custom" ] ],
    "multiple" : false,
    "reordering_enabled" : true,
    "preset" : null,
    "type" : "choice",
    "display_width" : null,
    "default" : "auto"
  }, {
    "id" : "heading.heading_color_custom",
    "name" : "heading_color_custom",
    "label" : "Color",
    "required" : false,
    "locked" : false,
    "visibility" : {
      "controlling_field" : "heading.heading_color",
      "controlling_field_path" : null,
      "controlling_value_regex" : "custom",
      "property" : null,
      "operator" : "EQUAL",
      "access" : null
    },
    "type" : "color",
    "display_width" : null,
    "default" : {
      "color" : "#30343b",
      "opacity" : 100
    }
  }, {
    "id" : "heading.heading_align",
    "name" : "heading_align",
    "label" : "Align",
    "required" : true,
    "locked" : false,
    "display" : "select",
    "choices" : [ [ "auto", "Auto" ], [ "left", "Left" ], [ "center", "Center" ], [ "right", "Right" ] ],
    "multiple" : false,
    "reordering_enabled" : true,
    "preset" : null,
    "type" : "choice",
    "display_width" : null,
    "default" : "auto"
  }, {
    "id" : "heading.class",
    "name" : "class",
    "label" : "CSS Class",
    "required" : false,
    "locked" : false,
    "validation_regex" : "",
    "allow_new_line" : false,
    "show_emoji_picker" : false,
    "type" : "text",
    "display_width" : null
  } ],
  "tab" : "CONTENT",
  "expanded" : false,
  "group_occurrence_meta" : null,
  "type" : "group",
  "display_width" : null,
  "default" : [ {
    "heading" : "Choose your Preset. Installed in 24 hours or less.",
    "heading_size" : "h3",
    "heading_align" : "auto",
    "heading_color" : "auto",
    "heading_color_custom" : {
      "color" : "#30343b",
      "opacity" : 100
    },
    "heading_display_size" : "auto"
  } ]
}, {
  "id" : "description",
  "name" : "description",
  "label" : "Description",
  "required" : false,
  "locked" : false,
  "type" : "richtext",
  "display_width" : null,
  "default" : "<p>Tell us a little about your site, and we’ll get your custom-styled Preset installed within 24 hours or less.</p>"
}, {
  "id" : "lead_text",
  "name" : "lead_text",
  "label" : "Lead Text",
  "help_text" : "Turn on to make the Description text larger",
  "required" : false,
  "locked" : false,
  "display" : "toggle",
  "type" : "boolean",
  "display_width" : null,
  "default" : false
}, {
  "id" : "image",
  "name" : "image",
  "label" : "Image",
  "help_text" : "",
  "inline_help_text" : "",
  "required" : false,
  "locked" : false,
  "responsive" : true,
  "resizable" : true,
  "show_loading" : false,
  "type" : "image",
  "display_width" : null,
  "default" : {
    "alt" : "alto-preview",
    "height" : 366,
    "loading" : "disabled",
    "max_height" : 732,
    "max_width" : 1080,
    "size_type" : "exact",
    "src" : "https://www.leanlabs.com/hubfs/sr-assets/alto/alto-preview.png",
    "width" : 540
  }
}, {
  "id" : "description2",
  "name" : "description2",
  "label" : "Description 2",
  "help_text" : "",
  "inline_help_text" : "",
  "required" : false,
  "locked" : false,
  "type" : "richtext",
  "display_width" : null
}, {
  "id" : "lead_text2",
  "name" : "lead_text2",
  "label" : "Lead Text 2",
  "help_text" : "",
  "inline_help_text" : "",
  "required" : false,
  "locked" : false,
  "display" : "checkbox",
  "type" : "boolean",
  "display_width" : null,
  "default" : false
}, {
  "id" : "form",
  "name" : "form",
  "label" : "Form",
  "required" : false,
  "locked" : false,
  "children" : [ {
    "id" : "form.enabled",
    "name" : "enabled",
    "label" : "Enabled",
    "required" : false,
    "locked" : false,
    "display" : "checkbox",
    "type" : "boolean",
    "display_width" : null,
    "default" : true
  }, {
    "id" : "form.lazy_load",
    "name" : "lazy_load",
    "label" : "Lazy Load",
    "help_text" : "To use this feature, you must have either Marketing Hub or Content Hub Professional or Enterprise, and you need to enable the \"Set as raw HTML\" option in the form settings.",
    "required" : false,
    "locked" : false,
    "display" : "toggle",
    "type" : "boolean",
    "display_width" : null,
    "default" : false
  }, {
    "id" : "form.form_height",
    "name" : "form_height",
    "label" : "Form Height",
    "inline_help_text" : "Used to set a minimum height for the form, this prevents layout shifts when the form loads",
    "required" : false,
    "locked" : false,
    "visibility" : {
      "controlling_field" : "form.lazy_load",
      "controlling_field_path" : null,
      "controlling_value_regex" : "true",
      "property" : null,
      "operator" : "EQUAL",
      "access" : null
    },
    "display" : "text",
    "step" : 1,
    "suffix" : "px",
    "type" : "number",
    "display_width" : null
  }, {
    "id" : "form.styles",
    "name" : "styles",
    "label" : "Styles",
    "required" : false,
    "locked" : false,
    "children" : [ {
      "id" : "form.styles.background_color",
      "name" : "background_color",
      "label" : "Background Color",
      "required" : false,
      "locked" : false,
      "type" : "color",
      "display_width" : null,
      "default" : {
        "color" : "#ffffff",
        "opacity" : 100
      }
    }, {
      "id" : "form.styles.text_color",
      "name" : "text_color",
      "label" : "Text Color",
      "help_text" : "Set to <strong>Auto</strong> to use the default text color<br><br>Set to <strong>Custom</strong> to set a custom text color",
      "required" : true,
      "locked" : false,
      "display" : "select",
      "choices" : [ [ "auto", "Auto" ], [ "primary", "Primary" ], [ "secondary", "Secondary" ], [ "tertiary", "Tertiary" ], [ "white", "White" ], [ "black", "Black" ], [ "dark", "Dark" ], [ "light", "Light" ], [ "success", "Success" ], [ "info", "Info" ], [ "warning", "Warning" ], [ "danger", "Danger" ], [ "gradient_one", "Gradient One" ], [ "gradient_two", "Gradient Two" ], [ "custom", "Custom" ] ],
      "multiple" : false,
      "reordering_enabled" : true,
      "preset" : null,
      "type" : "choice",
      "display_width" : null,
      "default" : "auto"
    }, {
      "id" : "form.styles.text_color_custom",
      "name" : "text_color_custom",
      "label" : "Text Color",
      "required" : false,
      "locked" : false,
      "visibility" : {
        "controlling_field" : "form.styles.text_color",
        "controlling_field_path" : null,
        "controlling_value_regex" : "custom",
        "property" : null,
        "operator" : "EQUAL",
        "access" : null
      },
      "type" : "color",
      "display_width" : null,
      "default" : {
        "color" : "#87909e",
        "opacity" : 100
      }
    }, {
      "id" : "form.styles.hide_label",
      "name" : "hide_label",
      "label" : "Hide Field Labels",
      "required" : false,
      "locked" : false,
      "display" : "checkbox",
      "type" : "boolean",
      "display_width" : null,
      "default" : false
    }, {
      "id" : "form.styles.button",
      "name" : "button",
      "label" : "Button",
      "required" : false,
      "locked" : false,
      "children" : [ {
        "id" : "form.styles.button.style",
        "name" : "style",
        "label" : "Style",
        "required" : true,
        "locked" : false,
        "display" : "select",
        "choices" : [ [ "primary", "Primary" ], [ "secondary", "Secondary" ], [ "tertiary", "Tertiary" ], [ "white", "White" ], [ "black", "Black" ], [ "dark", "Dark" ], [ "light", "Light" ], [ "success", "Success" ], [ "info", "Info" ], [ "warning", "Warning" ], [ "danger", "Danger" ], [ "outline-primary", "Outline Primary" ], [ "outline-secondary", "Outline Secondary" ], [ "outline-tertiary", "Outline Tertiary" ], [ "outline-white", "Outline White" ], [ "outline-black", "Outline Black" ], [ "outline-dark", "Outline Dark" ], [ "outline-light", "Outline Light" ], [ "outline-success", "Outline Success" ], [ "outline-info", "Outline Info" ], [ "outline-warning", "Outline Warning" ], [ "outline-danger", "Outline Danger" ], [ "gradient_one", "Gradient One" ], [ "gradient_two", "Gradient Two" ], [ "none", "None" ] ],
        "multiple" : false,
        "reordering_enabled" : true,
        "preset" : null,
        "type" : "choice",
        "display_width" : null,
        "default" : "primary"
      }, {
        "id" : "form.styles.button.size",
        "name" : "size",
        "label" : "Size",
        "required" : true,
        "locked" : false,
        "display" : "select",
        "choices" : [ [ "sm", "Small" ], [ "md", "Default" ], [ "lg", "Large" ] ],
        "multiple" : false,
        "reordering_enabled" : true,
        "preset" : null,
        "type" : "choice",
        "display_width" : null,
        "default" : "md"
      }, {
        "id" : "form.styles.button.align",
        "name" : "align",
        "label" : "Align",
        "required" : true,
        "locked" : false,
        "visibility" : {
          "controlling_field" : "form.styles.button.block",
          "controlling_field_path" : null,
          "controlling_value_regex" : "false",
          "property" : null,
          "operator" : "EQUAL",
          "access" : null
        },
        "display" : "select",
        "choices" : [ [ "auto", "Auto" ], [ "left", "Left" ], [ "center", "Center" ], [ "right", "Right" ] ],
        "multiple" : false,
        "reordering_enabled" : true,
        "preset" : null,
        "type" : "choice",
        "display_width" : null,
        "default" : "auto"
      }, {
        "id" : "form.styles.button.block",
        "name" : "block",
        "label" : "Full Width",
        "required" : false,
        "locked" : false,
        "display" : "checkbox",
        "type" : "boolean",
        "display_width" : null,
        "default" : true
      } ],
      "tab" : "CONTENT",
      "expanded" : false,
      "group_occurrence_meta" : null,
      "type" : "group",
      "display_width" : null,
      "default" : {
        "size" : "md",
        "align" : "auto",
        "block" : true,
        "style" : "primary"
      }
    }, {
      "id" : "form.styles.padding",
      "name" : "padding",
      "label" : "Padding",
      "required" : false,
      "locked" : false,
      "children" : [ {
        "id" : "form.styles.padding.top",
        "name" : "top",
        "label" : "Top ",
        "required" : false,
        "locked" : false,
        "display" : "text",
        "step" : 1,
        "suffix" : "px",
        "type" : "number",
        "display_width" : "half_width",
        "default" : 50
      }, {
        "id" : "form.styles.padding.bottom",
        "name" : "bottom",
        "label" : "Bottom ",
        "required" : false,
        "locked" : false,
        "display" : "text",
        "step" : 1,
        "suffix" : "px",
        "type" : "number",
        "display_width" : "half_width",
        "default" : 50
      }, {
        "id" : "form.styles.padding.left",
        "name" : "left",
        "label" : "Left",
        "required" : false,
        "locked" : false,
        "display" : "text",
        "step" : 1,
        "suffix" : "px",
        "type" : "number",
        "display_width" : "half_width",
        "default" : 40
      }, {
        "id" : "form.styles.padding.right",
        "name" : "right",
        "label" : "Right ",
        "required" : false,
        "locked" : false,
        "display" : "text",
        "step" : 1,
        "suffix" : "px",
        "type" : "number",
        "display_width" : "half_width",
        "default" : 40
      } ],
      "tab" : "CONTENT",
      "expanded" : false,
      "group_occurrence_meta" : null,
      "type" : "group",
      "display_width" : null,
      "default" : {
        "top" : 50,
        "left" : 40,
        "right" : 40,
        "bottom" : 50
      }
    }, {
      "id" : "form.styles.border",
      "name" : "border",
      "label" : "Border",
      "required" : false,
      "locked" : false,
      "children" : [ {
        "id" : "form.styles.border.style",
        "name" : "style",
        "label" : "Style",
        "required" : true,
        "locked" : false,
        "display" : "select",
        "choices" : [ [ "none", "None" ], [ "solid", "Solid" ], [ "dotted", "Dotted" ], [ "dashed", "Dashed" ], [ "double", "Double" ] ],
        "multiple" : false,
        "reordering_enabled" : true,
        "preset" : null,
        "type" : "choice",
        "display_width" : null,
        "default" : "solid"
      }, {
        "id" : "form.styles.border.color",
        "name" : "color",
        "label" : "Color",
        "required" : false,
        "locked" : false,
        "visibility" : {
          "controlling_field" : "form.styles.border.style",
          "controlling_field_path" : null,
          "controlling_value_regex" : "none",
          "property" : null,
          "operator" : "NOT_EQUAL",
          "access" : null
        },
        "type" : "color",
        "display_width" : null,
        "default" : {
          "color" : "#e5e7ea",
          "opacity" : 0
        }
      }, {
        "id" : "form.styles.border.width",
        "name" : "width",
        "label" : "Width",
        "required" : false,
        "locked" : false,
        "visibility" : {
          "controlling_field" : "form.styles.border.style",
          "controlling_field_path" : null,
          "controlling_value_regex" : "none",
          "property" : null,
          "operator" : "NOT_EQUAL",
          "access" : null
        },
        "display" : "text",
        "min" : 0,
        "step" : 1,
        "suffix" : "px",
        "type" : "number",
        "display_width" : "half_width",
        "default" : 0
      }, {
        "id" : "form.styles.border.radius",
        "name" : "radius",
        "label" : "Radius",
        "required" : false,
        "locked" : false,
        "visibility" : {
          "controlling_field" : "form.styles.border.style",
          "controlling_field_path" : null,
          "controlling_value_regex" : "none",
          "property" : null,
          "operator" : "NOT_EQUAL",
          "access" : null
        },
        "display" : "text",
        "min" : 0,
        "step" : 1,
        "suffix" : "px",
        "type" : "number",
        "display_width" : "half_width",
        "default" : 50
      }, {
        "id" : "form.styles.border.top",
        "name" : "top",
        "label" : "Top",
        "required" : false,
        "locked" : false,
        "visibility" : {
          "controlling_field" : "form.styles.border.style",
          "controlling_field_path" : null,
          "controlling_value_regex" : "none",
          "property" : null,
          "operator" : "NOT_EQUAL",
          "access" : null
        },
        "display" : "checkbox",
        "type" : "boolean",
        "display_width" : "half_width",
        "default" : true
      }, {
        "id" : "form.styles.border.bottom",
        "name" : "bottom",
        "label" : "Bottom",
        "required" : false,
        "locked" : false,
        "visibility" : {
          "controlling_field" : "form.styles.border.style",
          "controlling_field_path" : null,
          "controlling_value_regex" : "none",
          "property" : null,
          "operator" : "NOT_EQUAL",
          "access" : null
        },
        "display" : "checkbox",
        "type" : "boolean",
        "display_width" : "half_width",
        "default" : true
      }, {
        "id" : "form.styles.border.left",
        "name" : "left",
        "label" : "Left",
        "required" : false,
        "locked" : false,
        "visibility" : {
          "controlling_field" : "form.styles.border.style",
          "controlling_field_path" : null,
          "controlling_value_regex" : "none",
          "property" : null,
          "operator" : "NOT_EQUAL",
          "access" : null
        },
        "display" : "checkbox",
        "type" : "boolean",
        "display_width" : "half_width",
        "default" : true
      }, {
        "id" : "form.styles.border.right",
        "name" : "right",
        "label" : "Right",
        "required" : false,
        "locked" : false,
        "visibility" : {
          "controlling_field" : "form.styles.border.style",
          "controlling_field_path" : null,
          "controlling_value_regex" : "none",
          "property" : null,
          "operator" : "NOT_EQUAL",
          "access" : null
        },
        "display" : "checkbox",
        "type" : "boolean",
        "display_width" : "half_width",
        "default" : true
      } ],
      "tab" : "CONTENT",
      "expanded" : false,
      "group_occurrence_meta" : null,
      "type" : "group",
      "display_width" : null,
      "default" : {
        "top" : true,
        "left" : true,
        "color" : {
          "color" : "#e5e7ea",
          "opacity" : 100
        },
        "right" : true,
        "style" : "solid",
        "width" : 0,
        "bottom" : true,
        "radius" : 50
      }
    } ],
    "tab" : "CONTENT",
    "expanded" : false,
    "group_occurrence_meta" : null,
    "type" : "group",
    "display_width" : null,
    "default" : {
      "border" : {
        "top" : true,
        "left" : true,
        "color" : {
          "color" : "#e5e7ea",
          "opacity" : 100
        },
        "right" : true,
        "style" : "solid",
        "width" : 1,
        "bottom" : true,
        "radius" : 50
      },
      "button" : {
        "size" : "md",
        "align" : "auto",
        "block" : true,
        "style" : "primary"
      },
      "padding" : {
        "top" : 50,
        "left" : 40,
        "right" : 40,
        "bottom" : 50
      },
      "hide_label" : false,
      "text_color" : "auto",
      "background_color" : {
        "color" : "#ffffff",
        "opacity" : 100
      },
      "text_color_custom" : {
        "color" : "#87909e",
        "opacity" : 100
      }
    }
  }, {
    "id" : "form_heading",
    "name" : "form_heading",
    "label" : "Heading",
    "required" : false,
    "locked" : false,
    "occurrence" : {
      "min" : 0,
      "max" : null,
      "sorting_label_field" : null,
      "default" : 1
    },
    "children" : [ {
      "id" : "form_heading.heading",
      "name" : "heading",
      "label" : "Heading",
      "required" : false,
      "locked" : false,
      "validation_regex" : "",
      "allow_new_line" : false,
      "show_emoji_picker" : false,
      "type" : "text",
      "display_width" : null,
      "default" : "Get started with Alto"
    }, {
      "id" : "form_heading.heading_size",
      "name" : "heading_size",
      "label" : "Heading Size",
      "help_text" : "HTML heading size",
      "required" : true,
      "locked" : false,
      "display" : "select",
      "choices" : [ [ "h1", "H1" ], [ "h2", "H2" ], [ "h3", "H3" ], [ "h4", "H4" ], [ "h5", "H5" ], [ "h6", "H6" ], [ "p", "P" ] ],
      "multiple" : false,
      "reordering_enabled" : true,
      "preset" : null,
      "type" : "choice",
      "display_width" : null,
      "default" : "h4"
    }, {
      "id" : "form_heading.heading_display_size",
      "name" : "heading_display_size",
      "label" : "Heading Display Size",
      "help_text" : "Size that heading is displayed at",
      "required" : true,
      "locked" : false,
      "display" : "select",
      "choices" : [ [ "auto", "Auto" ], [ "h1", "H1" ], [ "h2", "H2" ], [ "h3", "H3" ], [ "h4", "H4" ], [ "h5", "H5" ], [ "h6", "H6" ], [ "p", "P" ], [ "display-4", "L" ], [ "display-3", "XL" ], [ "display-2", "XXL" ], [ "display-1", "XXXL" ] ],
      "multiple" : false,
      "reordering_enabled" : true,
      "preset" : null,
      "type" : "choice",
      "display_width" : null,
      "default" : "auto"
    }, {
      "id" : "form_heading.heading_color",
      "name" : "heading_color",
      "label" : "Heading Color",
      "required" : true,
      "locked" : false,
      "display" : "select",
      "choices" : [ [ "auto", "Auto" ], [ "primary", "Primary" ], [ "secondary", "Secondary" ], [ "tertiary", "Tertiary" ], [ "white", "White" ], [ "black", "Black" ], [ "dark", "Dark" ], [ "light", "Light" ], [ "success", "Success" ], [ "info", "Info" ], [ "warning", "Warning" ], [ "danger", "Danger" ], [ "gradient_one", "Gradient One" ], [ "gradient_two", "Gradient Two" ], [ "custom", "Custom" ] ],
      "multiple" : false,
      "reordering_enabled" : true,
      "preset" : null,
      "type" : "choice",
      "display_width" : null,
      "default" : "auto"
    }, {
      "id" : "form_heading.heading_color_custom",
      "name" : "heading_color_custom",
      "label" : "Heading Color",
      "required" : false,
      "locked" : false,
      "visibility" : {
        "controlling_field" : "form_heading.heading_color",
        "controlling_field_path" : null,
        "controlling_value_regex" : "custom",
        "property" : null,
        "operator" : "EQUAL",
        "access" : null
      },
      "type" : "color",
      "display_width" : null,
      "default" : {
        "color" : "#30343b",
        "opacity" : 100
      }
    }, {
      "id" : "form_heading.heading_align",
      "name" : "heading_align",
      "label" : "Heading Align",
      "required" : true,
      "locked" : false,
      "display" : "select",
      "choices" : [ [ "auto", "Auto" ], [ "left", "Left" ], [ "center", "Center" ], [ "right", "Right" ] ],
      "multiple" : false,
      "reordering_enabled" : true,
      "preset" : null,
      "type" : "choice",
      "display_width" : null,
      "default" : "auto"
    }, {
      "id" : "form.form_heading.class",
      "name" : "class",
      "label" : "CSS Class",
      "required" : false,
      "locked" : false,
      "validation_regex" : "",
      "allow_new_line" : false,
      "show_emoji_picker" : false,
      "type" : "text",
      "display_width" : null
    } ],
    "tab" : "CONTENT",
    "expanded" : false,
    "group_occurrence_meta" : null,
    "type" : "group",
    "display_width" : null,
    "default" : [ {
      "heading" : "Get started with Alto",
      "heading_size" : "h4",
      "heading_align" : "auto",
      "heading_color" : "auto",
      "heading_color_custom" : {
        "color" : "#30343b",
        "opacity" : 100
      },
      "heading_display_size" : "auto"
    } ]
  }, {
    "id" : "form.description",
    "name" : "description",
    "label" : "Description",
    "required" : false,
    "locked" : false,
    "type" : "richtext",
    "display_width" : null
  }, {
    "id" : "form.lead_text",
    "name" : "lead_text",
    "label" : "Lead Text",
    "help_text" : "Turn on to make the Description text larger",
    "required" : false,
    "locked" : false,
    "visibility" : {
      "controlling_field" : "form.description",
      "controlling_field_path" : null,
      "controlling_value_regex" : null,
      "property" : null,
      "operator" : null,
      "access" : null
    },
    "display" : "toggle",
    "type" : "boolean",
    "display_width" : null,
    "default" : false
  }, {
    "id" : "form.form",
    "name" : "form",
    "label" : "Form",
    "required" : false,
    "locked" : false,
    "type" : "form",
    "display_width" : null,
    "default" : {
      "form_id" : null,
      "redirect_url" : null,
      "redirect_id" : null,
      "gotowebinar_webinar_key" : null,
      "form_type" : null,
      "follow_up_type_simple" : null,
      "webinar_id" : null,
      "webinar_source" : null,
      "response_type" : "inline",
      "message" : "Thanks for submitting the form."
    }
  }, {
    "id" : "form.notifications_are_overridden",
    "name" : "notifications_are_overridden",
    "label" : "Send form notifications to specified email addresses instead of the form defaults",
    "required" : false,
    "locked" : false,
    "visibility" : {
      "controlling_field" : "form.form",
      "controlling_field_path" : null,
      "controlling_value_regex" : "^((?!\\\"form_type\\\":\\\"TICKET_FORM\\\").)*$",
      "property" : null,
      "operator" : "MATCHES_REGEX",
      "access" : null
    },
    "display" : "checkbox",
    "type" : "boolean",
    "display_width" : null,
    "default" : false
  }, {
    "id" : "form.notifications_override_email_addresses",
    "name" : "notifications_override_email_addresses",
    "label" : "Email Addresses",
    "required" : false,
    "locked" : false,
    "visibility" : {
      "controlling_field" : "form.notifications_are_overridden",
      "controlling_field_path" : null,
      "controlling_value_regex" : "true",
      "property" : null,
      "operator" : "MATCHES_REGEX",
      "access" : null
    },
    "allow_custom_email_addresses" : true,
    "type" : "email",
    "display_width" : null
  }, {
    "id" : "form.sfdc_campaign",
    "name" : "sfdc_campaign",
    "label" : "Salesforce campaign",
    "required" : false,
    "locked" : false,
    "type" : "salesforcecampaign",
    "display_width" : null
  } ],
  "tab" : "CONTENT",
  "expanded" : false,
  "group_occurrence_meta" : null,
  "type" : "group",
  "display_width" : null,
  "default" : {
    "form" : {
      "form_id" : null,
      "message" : "Thanks for submitting the form.",
      "form_type" : null,
      "redirect_id" : null,
      "redirect_url" : null,
      "response_type" : "inline",
      "gotowebinar_webinar_key" : null
    },
    "styles" : {
      "border" : {
        "top" : true,
        "left" : true,
        "color" : {
          "color" : "#e5e7ea",
          "opacity" : 100
        },
        "right" : true,
        "style" : "solid",
        "width" : 1,
        "bottom" : true,
        "radius" : 50
      },
      "button" : {
        "size" : "md",
        "align" : "auto",
        "block" : true,
        "style" : "primary"
      },
      "padding" : {
        "top" : 50,
        "left" : 40,
        "right" : 40,
        "bottom" : 50
      },
      "hide_label" : false,
      "text_color" : "auto",
      "background_color" : {
        "color" : "#ffffff",
        "opacity" : 100
      },
      "text_color_custom" : {
        "color" : "#87909e",
        "opacity" : 100
      }
    },
    "enabled" : true,
    "lead_text" : false,
    "form_heading" : [ {
      "heading" : "Get started with Alto",
      "heading_size" : "h4",
      "heading_align" : "auto",
      "heading_color" : "auto",
      "heading_color_custom" : {
        "color" : "#30343b",
        "opacity" : 100
      },
      "heading_display_size" : "auto"
    } ],
    "notifications_are_overridden" : false
  }
} ]